2026-07-16T16:35:27.305537-04:00 osboxes kernel: Linux version 6.8.0-31-generic (buildd@lcy02-amd64-080) (x86_64-linux-gnu-gcc-13 (Ubuntu 13.2.0-23ubuntu4) 13.2.0, GNU ld (GNU Binutils for Ubuntu) 2.42) #31-Ubuntu SMP PREEMPT_DYNAMIC Sat Apr 20 00:40:06 UTC 2024 (Ubuntu 6.8.0-31.31-generic 6.8.1)
2026-07-16T16:35:27.305578-04:00 osboxes kernel: Command line: BOOT_IMAGE=/boot/vmlinuz-6.8.0-31-generic root=UUID=877292f0-69dd-4735-bca5-47131956fcc0 ro quiet splash
2026-07-16T16:35:27.305581-04:00 osboxes kernel: KERNEL supported cpus:
2026-07-16T16:35:27.305581-04:00 osboxes kernel:   Intel GenuineIntel
2026-07-16T16:35:27.305582-04:00 osboxes kernel:   AMD AuthenticAMD
2026-07-16T16:35:27.305582-04:00 osboxes kernel:   Hygon HygonGenuine
2026-07-16T16:35:27.305582-04:00 osboxes kernel:   Centaur CentaurHauls
2026-07-16T16:35:27.305614-04:00 osboxes kernel:   zhaoxin   Shanghai  
2026-07-16T16:35:27.305617-04:00 osboxes kernel: [Firmware Bug]: TSC doesn't count with P0 frequency!
2026-07-16T16:35:27.305617-04:00 osboxes kernel: ------------[ cut here ]------------
2026-07-16T16:35:27.305617-04:00 osboxes kernel: Family 0x1a, model: 0x60??
2026-07-16T16:35:27.305618-04:00 osboxes kernel: WARNING: CPU: 0 PID: 0 at arch/x86/kernel/cpu/amd.c:593 bsp_init_amd+0x369/0x3e0
2026-07-16T16:35:27.305618-04:00 osboxes kernel: Modules linked in:
2026-07-16T16:35:27.305650-04:00 osboxes kernel: CPU: 0 PID: 0 Comm: swapper Not tainted 6.8.0-31-generic #31-Ubuntu
2026-07-16T16:35:27.305652-04:00 osboxes kernel: RIP: 0010:bsp_init_amd+0x369/0x3e0
2026-07-16T16:35:27.305653-04:00 osboxes kernel: Code: 0f 87 4f e5 12 01 41 83 e4 01 0f 85 79 fd ff ff 0f b6 53 02 0f b6 33 48 c7 c7 d6 20 5d b4 c6 05 62 a6 77 02 01 e8 47 17 08 00 <0f> 0b e9 58 fd ff ff 83 e8 70 3c 0f 77 bc e9 e0 fe ff ff 83 e8 60
2026-07-16T16:35:27.305653-04:00 osboxes kernel: RSP: 0000:ffffffffb4e03e28 EFLAGS: 00010046 ORIG_RAX: 0000000000000000
2026-07-16T16:35:27.305654-04:00 osboxes kernel: RAX: 0000000000000000 RBX: ffffffffb5244f80 RCX: 0000000000000000
2026-07-16T16:35:27.305654-04:00 osboxes kernel: RDX: 0000000000000000 RSI: 0000000000000000 RDI: 0000000000000000
2026-07-16T16:35:27.305654-04:00 osboxes kernel: RBP: ffffffffb4e03e50 R08: 0000000000000000 R09: 0000000000000000
2026-07-16T16:35:27.305687-04:00 osboxes kernel: R10: 0000000000000000 R11: 0000000000000000 R12: 0000000000000000
2026-07-16T16:35:27.305690-04:00 osboxes kernel: R13: 0000000000000004 R14: 000000003539e000 R15: 000000000008a000
2026-07-16T16:35:27.305691-04:00 osboxes kernel: FS:  0000000000000000(0000) GS:ffffffffb5277000(0000) knlGS:0000000000000000
2026-07-16T16:35:27.305691-04:00 osboxes kernel: CS:  0010 DS: 0000 ES: 0000 CR0: 0000000080050033
2026-07-16T16:35:27.305691-04:00 osboxes kernel: CR2: ffff88800008a000 CR3: 000000006bb9e000 CR4: 00000000000000b0
2026-07-16T16:35:27.305691-04:00 osboxes kernel: Call Trace:
2026-07-16T16:35:27.305723-04:00 osboxes kernel:  <TASK>
2026-07-16T16:35:27.305726-04:00 osboxes kernel:  ? show_regs+0x6d/0x80
2026-07-16T16:35:27.305726-04:00 osboxes kernel:  ? __warn+0x89/0x160
2026-07-16T16:35:27.305727-04:00 osboxes kernel:  ? bsp_init_amd+0x369/0x3e0
2026-07-16T16:35:27.305727-04:00 osboxes kernel:  ? report_bug+0x17e/0x1b0
2026-07-16T16:35:27.305727-04:00 osboxes kernel:  ? fixup_exception+0x27/0x390
2026-07-16T16:35:27.305758-04:00 osboxes kernel:  ? early_fixup_exception+0x9b/0xf0
2026-07-16T16:35:27.305789-04:00 osboxes kernel:  ? do_early_exception+0x25/0x80
2026-07-16T16:35:27.305790-04:00 osboxes kernel:  ? early_idt_handler_common+0x2f/0x3a
2026-07-16T16:35:27.305790-04:00 osboxes kernel:  ? bsp_init_amd+0x369/0x3e0
2026-07-16T16:35:27.305791-04:00 osboxes kernel:  ? bsp_init_amd+0x369/0x3e0
2026-07-16T16:35:27.305793-04:00 osboxes kernel:  early_identify_cpu.constprop.0+0xb0/0x110
2026-07-16T16:35:27.305794-04:00 osboxes kernel:  early_cpu_init+0xa3/0xd0
2026-07-16T16:35:27.305826-04:00 osboxes kernel:  setup_arch+0x55/0xbf0
2026-07-16T16:35:27.305829-04:00 osboxes kernel:  ? lockdown_lsm_init+0x21/0x30
2026-07-16T16:35:27.305829-04:00 osboxes kernel:  start_kernel+0x64/0x450
2026-07-16T16:35:27.305830-04:00 osboxes kernel:  x86_64_start_reservations+0x18/0x30
2026-07-16T16:35:27.305830-04:00 osboxes kernel:  x86_64_start_kernel+0xbf/0x110
2026-07-16T16:35:27.305830-04:00 osboxes kernel:  secondary_startup_64_no_verify+0x184/0x18b
2026-07-16T16:35:27.305862-04:00 osboxes kernel:  </TASK>
2026-07-16T16:35:27.305865-04:00 osboxes kernel: ---[ end trace 0000000000000000 ]---
2026-07-16T16:35:27.305865-04:00 osboxes kernel: BIOS-provided physical RAM map:
2026-07-16T16:35:27.305865-04:00 osboxes kernel: BIOS-e820: [mem 0x0000000000000000-0x000000000009fbff] usable
2026-07-16T16:35:27.305866-04:00 osboxes kernel: BIOS-e820: [mem 0x000000000009fc00-0x000000000009ffff] reserved
2026-07-16T16:35:27.305866-04:00 osboxes kernel: BIOS-e820: [mem 0x00000000000f0000-0x00000000000fffff] reserved
2026-07-16T16:35:27.305897-04:00 osboxes kernel: BIOS-e820: [mem 0x0000000000100000-0x000000007ffeffff] usable
2026-07-16T16:35:27.305900-04:00 osboxes kernel: BIOS-e820: [mem 0x000000007fff0000-0x000000007fffffff] ACPI data
2026-07-16T16:35:27.305901-04:00 osboxes kernel: BIOS-e820: [mem 0x00000000fec00000-0x00000000fec00fff] reserved
2026-07-16T16:35:27.305901-04:00 osboxes kernel: BIOS-e820: [mem 0x00000000fee00000-0x00000000fee00fff] reserved
2026-07-16T16:35:27.305901-04:00 osboxes kernel: BIOS-e820: [mem 0x00000000fffc0000-0x00000000ffffffff] reserved
2026-07-16T16:35:27.305901-04:00 osboxes kernel: NX (Execute Disable) protection: active
2026-07-16T16:35:27.305902-04:00 osboxes kernel: APIC: Static calls initialized
2026-07-16T16:35:27.305937-04:00 osboxes kernel: SMBIOS 2.5 present.
2026-07-16T16:35:27.305941-04:00 osboxes kernel: DMI: innotek GmbH VirtualBox/VirtualBox, BIOS VirtualBox 12/01/2006
2026-07-16T16:35:27.305942-04:00 osboxes kernel: Hypervisor detected: KVM
2026-07-16T16:35:27.305942-04:00 osboxes kernel: kvm-clock: Using msrs 4b564d01 and 4b564d00
2026-07-16T16:35:27.305943-04:00 osboxes kernel: kvm-clock: using sched offset of 10062662690 cycles
2026-07-16T16:35:27.305943-04:00 osboxes kernel: clocksource: kvm-clock: mask: 0xffffffffffffffff max_cycles: 0x1cd42e4dffb, max_idle_ns: 881590591483 ns
2026-07-16T16:35:27.341960-04:00 osboxes kernel: tsc: Detected 1996.202 MHz processor
2026-07-16T16:35:27.341985-04:00 osboxes kernel: e820: update [mem 0x00000000-0x00000fff] usable ==> reserved
2026-07-16T16:35:27.341986-04:00 osboxes kernel: e820: remove [mem 0x000a0000-0x000fffff] usable
2026-07-16T16:35:27.341987-04:00 osboxes kernel: last_pfn = 0x7fff0 max_arch_pfn = 0x400000000
2026-07-16T16:35:27.341987-04:00 osboxes kernel: MTRR map: 3 entries (3 fixed + 0 variable; max 19), built from 8 variable MTRRs
2026-07-16T16:35:27.341987-04:00 osboxes kernel: x86/PAT: Configuration [0-7]: WB  WC  UC- UC  WB  WP  UC- WT  
2026-07-16T16:35:27.341987-04:00 osboxes kernel: CPU MTRRs all blank - virtualized system.
2026-07-16T16:35:27.341988-04:00 osboxes kernel: found SMP MP-table at [mem 0x0009fbf0-0x0009fbff]
2026-07-16T16:35:27.341988-04:00 osboxes kernel: RAMDISK: [mem 0x302ab000-0x3414cfff]
2026-07-16T16:35:27.341988-04:00 osboxes kernel: ACPI: Early table checksum verification disabled
2026-07-16T16:35:27.341988-04:00 osboxes kernel: ACPI: RSDP 0x00000000000E0000 000024 (v02 VBOX  )
2026-07-16T16:35:27.341989-04:00 osboxes kernel: ACPI: XSDT 0x000000007FFF0030 00003C (v01 VBOX   VBOXXSDT 00000001 ASL  00000061)
2026-07-16T16:35:27.341989-04:00 osboxes kernel: ACPI: FACP 0x000000007FFF00F0 0000F4 (v04 VBOX   VBOXFACP 00000001 ASL  00000061)
2026-07-16T16:35:27.341989-04:00 osboxes kernel: ACPI: DSDT 0x000000007FFF02E0 002353 (v02 VBOX   VBOXBIOS 00000002 VBOX 0002A853)
2026-07-16T16:35:27.341990-04:00 osboxes kernel: ACPI: FACS 0x000000007FFF0200 000040
2026-07-16T16:35:27.341990-04:00 osboxes kernel: ACPI: FACS 0x000000007FFF0200 000040
2026-07-16T16:35:27.341992-04:00 osboxes kernel: ACPI: APIC 0x000000007FFF0240 000054 (v02 VBOX   VBOXAPIC 00000001 ASL  00000061)
2026-07-16T16:35:27.341993-04:00 osboxes kernel: ACPI: SSDT 0x000000007FFF02A0 000038 (v01 VBOX   VBOXCPUT 00000002 VBOX 0002A853)
2026-07-16T16:35:27.341993-04:00 osboxes kernel: ACPI: Reserving FACP table memory at [mem 0x7fff00f0-0x7fff01e3]
2026-07-16T16:35:27.341993-04:00 osboxes kernel: ACPI: Reserving DSDT table memory at [mem 0x7fff02e0-0x7fff2632]
2026-07-16T16:35:27.341994-04:00 osboxes kernel: ACPI: Reserving FACS table memory at [mem 0x7fff0200-0x7fff023f]
2026-07-16T16:35:27.341994-04:00 osboxes kernel: ACPI: Reserving FACS table memory at [mem 0x7fff0200-0x7fff023f]
2026-07-16T16:35:27.341994-04:00 osboxes kernel: ACPI: Reserving APIC table memory at [mem 0x7fff0240-0x7fff0293]
2026-07-16T16:35:27.341995-04:00 osboxes kernel: ACPI: Reserving SSDT table memory at [mem 0x7fff02a0-0x7fff02d7]
2026-07-16T16:35:27.341995-04:00 osboxes kernel: No NUMA configuration found
2026-07-16T16:35:27.341995-04:00 osboxes kernel: Faking a node at [mem 0x0000000000000000-0x000000007ffeffff]
2026-07-16T16:35:27.341995-04:00 osboxes kernel: NODE_DATA(0) allocated [mem 0x7ffc5000-0x7ffeffff]
2026-07-16T16:35:27.341996-04:00 osboxes kernel: Zone ranges:
2026-07-16T16:35:27.341996-04:00 osboxes kernel:   DMA      [mem 0x0000000000001000-0x0000000000ffffff]
2026-07-16T16:35:27.341996-04:00 osboxes kernel:   DMA32    [mem 0x0000000001000000-0x000000007ffeffff]
2026-07-16T16:35:27.341997-04:00 osboxes kernel:   Normal   empty
2026-07-16T16:35:27.341997-04:00 osboxes kernel:   Device   empty
2026-07-16T16:35:27.341997-04:00 osboxes kernel: Movable zone start for each node
2026-07-16T16:35:27.341997-04:00 osboxes kernel: Early memory node ranges
2026-07-16T16:35:27.341998-04:00 osboxes kernel:   node   0: [mem 0x0000000000001000-0x000000000009efff]
2026-07-16T16:35:27.341998-04:00 osboxes kernel:   node   0: [mem 0x0000000000100000-0x000000007ffeffff]
2026-07-16T16:35:27.341998-04:00 osboxes kernel: Initmem setup node 0 [mem 0x0000000000001000-0x000000007ffeffff]
2026-07-16T16:35:27.341998-04:00 osboxes kernel: On node 0, zone DMA: 1 pages in unavailable ranges
2026-07-16T16:35:27.341999-04:00 osboxes kernel: On node 0, zone DMA: 97 pages in unavailable ranges
2026-07-16T16:35:27.341999-04:00 osboxes kernel: On node 0, zone DMA32: 16 pages in unavailable ranges
2026-07-16T16:35:27.341999-04:00 osboxes kernel: ACPI: PM-Timer IO Port: 0x4008
2026-07-16T16:35:27.341999-04:00 osboxes kernel: IOAPIC[0]: apic_id 1, version 32, address 0xfec00000, GSI 0-23
2026-07-16T16:35:27.342000-04:00 osboxes kernel: ACPI: INT_SRC_OVR (bus 0 bus_irq 0 global_irq 2 dfl dfl)
2026-07-16T16:35:27.342000-04:00 osboxes kernel: ACPI: INT_SRC_OVR (bus 0 bus_irq 9 global_irq 9 low level)
2026-07-16T16:35:27.342000-04:00 osboxes kernel: ACPI: Using ACPI (MADT) for SMP configuration information
2026-07-16T16:35:27.342000-04:00 osboxes kernel: smpboot: Allowing 1 CPUs, 0 hotplug CPUs
2026-07-16T16:35:27.342001-04:00 osboxes kernel: PM: hibernation: Registered nosave memory: [mem 0x00000000-0x00000fff]
2026-07-16T16:35:27.342001-04:00 osboxes kernel: PM: hibernation: Registered nosave memory: [mem 0x0009f000-0x0009ffff]
2026-07-16T16:35:27.342001-04:00 osboxes kernel: PM: hibernation: Registered nosave memory: [mem 0x000a0000-0x000effff]
2026-07-16T16:35:27.342001-04:00 osboxes kernel: PM: hibernation: Registered nosave memory: [mem 0x000f0000-0x000fffff]
2026-07-16T16:35:27.342002-04:00 osboxes kernel: [mem 0x80000000-0xfebfffff] available for PCI devices
2026-07-16T16:35:27.342002-04:00 osboxes kernel: Booting paravirtualized kernel on KVM
2026-07-16T16:35:27.342033-04:00 osboxes kernel: clocksource: refined-jiffies: mask: 0xffffffff max_cycles: 0xffffffff, max_idle_ns: 1910969940391419 ns
2026-07-16T16:35:27.342034-04:00 osboxes kernel: setup_percpu: NR_CPUS:8192 nr_cpumask_bits:1 nr_cpu_ids:1 nr_node_ids:1
2026-07-16T16:35:27.342034-04:00 osboxes kernel: percpu: Embedded 86 pages/cpu s229376 r8192 d114688 u2097152
2026-07-16T16:35:27.342034-04:00 osboxes kernel: pcpu-alloc: s229376 r8192 d114688 u2097152 alloc=1*2097152
2026-07-16T16:35:27.342034-04:00 osboxes kernel: pcpu-alloc: [0] 0 
2026-07-16T16:35:27.342035-04:00 osboxes kernel: kvm-guest: PV spinlocks disabled, single CPU
2026-07-16T16:35:27.342035-04:00 osboxes kernel: Kernel command line: BOOT_IMAGE=/boot/vmlinuz-6.8.0-31-generic root=UUID=877292f0-69dd-4735-bca5-47131956fcc0 ro quiet splash
2026-07-16T16:35:27.342035-04:00 osboxes kernel: Unknown kernel command line parameters "splash BOOT_IMAGE=/boot/vmlinuz-6.8.0-31-generic", will be passed to user space.
2026-07-16T16:35:27.342036-04:00 osboxes kernel: random: crng init done
2026-07-16T16:35:27.342036-04:00 osboxes kernel: Dentry cache hash table entries: 262144 (order: 9, 2097152 bytes, linear)
2026-07-16T16:35:27.342036-04:00 osboxes kernel: Inode-cache hash table entries: 131072 (order: 8, 1048576 bytes, linear)
2026-07-16T16:35:27.342036-04:00 osboxes kernel: Fallback order for Node 0: 0 
2026-07-16T16:35:27.342037-04:00 osboxes kernel: Built 1 zonelists, mobility grouping on.  Total pages: 515824
2026-07-16T16:35:27.342037-04:00 osboxes kernel: Policy zone: DMA32
2026-07-16T16:35:27.342037-04:00 osboxes kernel: mem auto-init: stack:all(zero), heap alloc:on, heap free:off
2026-07-16T16:35:27.342044-04:00 osboxes kernel: Memory: 1943988K/2096696K available (22528K kernel code, 4438K rwdata, 14288K rodata, 4976K init, 4736K bss, 152448K reserved, 0K cma-reserved)
2026-07-16T16:35:27.342045-04:00 osboxes kernel: SLUB: HWalign=64, Order=0-3, MinObjects=0, CPUs=1, Nodes=1
2026-07-16T16:35:27.342045-04:00 osboxes kernel: ftrace: allocating 57796 entries in 226 pages
2026-07-16T16:35:27.342045-04:00 osboxes kernel: ftrace: allocated 226 pages with 4 groups
2026-07-16T16:35:27.342046-04:00 osboxes kernel: Dynamic Preempt: voluntary
2026-07-16T16:35:27.342046-04:00 osboxes kernel: rcu: Preemptible hierarchical RCU implementation.
2026-07-16T16:35:27.342046-04:00 osboxes kernel: rcu: 	RCU restricting CPUs from NR_CPUS=8192 to nr_cpu_ids=1.
2026-07-16T16:35:27.342048-04:00 osboxes kernel: 	Trampoline variant of Tasks RCU enabled.
2026-07-16T16:35:27.342048-04:00 osboxes kernel: 	Rude variant of Tasks RCU enabled.
2026-07-16T16:35:27.342049-04:00 osboxes kernel: 	Tracing variant of Tasks RCU enabled.
2026-07-16T16:35:27.342049-04:00 osboxes kernel: rcu: RCU calculated value of scheduler-enlistment delay is 100 jiffies.
2026-07-16T16:35:27.342049-04:00 osboxes kernel: rcu: Adjusting geometry for rcu_fanout_leaf=16, nr_cpu_ids=1
2026-07-16T16:35:27.342050-04:00 osboxes kernel: NR_IRQS: 524544, nr_irqs: 256, preallocated irqs: 16
2026-07-16T16:35:27.342051-04:00 osboxes kernel: rcu: srcu_init: Setting srcu_struct sizes based on contention.
2026-07-16T16:35:27.342052-04:00 osboxes kernel: Console: colour VGA+ 80x25
2026-07-16T16:35:27.342052-04:00 osboxes kernel: printk: legacy console [tty0] enabled
2026-07-16T16:35:27.342052-04:00 osboxes kernel: ACPI: Core revision 20230628
2026-07-16T16:35:27.342053-04:00 osboxes kernel: APIC: Switch to symmetric I/O mode setup
2026-07-16T16:35:27.342053-04:00 osboxes kernel: ..TIMER: vector=0x30 apic1=0 pin1=2 apic2=-1 pin2=-1
2026-07-16T16:35:27.342053-04:00 osboxes kernel: clocksource: tsc-early: mask: 0xffffffffffffffff max_cycles: 0x398c54e8bdf, max_idle_ns: 881590506184 ns
2026-07-16T16:35:27.342055-04:00 osboxes kernel: Calibrating delay loop (skipped) preset value.. 3992.40 BogoMIPS (lpj=1996202)
2026-07-16T16:35:27.342055-04:00 osboxes kernel: CPU0: Hyper-Threading is disabled
2026-07-16T16:35:27.342055-04:00 osboxes kernel: Last level iTLB entries: 4KB 64, 2MB 64, 4MB 32
2026-07-16T16:35:27.342056-04:00 osboxes kernel: Last level dTLB entries: 4KB 128, 2MB 128, 4MB 64, 1GB 0
2026-07-16T16:35:27.342056-04:00 osboxes kernel: Spectre V1 : Mitigation: usercopy/swapgs barriers and __user pointer sanitization
2026-07-16T16:35:27.342057-04:00 osboxes kernel: Spectre V2 : Mitigation: Retpolines
2026-07-16T16:35:27.342058-04:00 osboxes kernel: Spectre V2 : Spectre v2 / SpectreRSB mitigation: Filling RSB on context switch
2026-07-16T16:35:27.342058-04:00 osboxes kernel: Spectre V2 : Spectre v2 / SpectreRSB : Filling RSB on VMEXIT
2026-07-16T16:35:27.342059-04:00 osboxes kernel: x86/fpu: Supporting XSAVE feature 0x001: 'x87 floating point registers'
2026-07-16T16:35:27.342059-04:00 osboxes kernel: x86/fpu: Supporting XSAVE feature 0x002: 'SSE registers'
2026-07-16T16:35:27.342059-04:00 osboxes kernel: x86/fpu: Supporting XSAVE feature 0x004: 'AVX registers'
2026-07-16T16:35:27.342060-04:00 osboxes kernel: x86/fpu: xstate_offset[2]:  576, xstate_sizes[2]:  256
2026-07-16T16:35:27.342061-04:00 osboxes kernel: x86/fpu: Enabled xstate features 0x7, context size is 832 bytes, using 'standard' format.
2026-07-16T16:35:27.342061-04:00 osboxes kernel: Freeing SMP alternatives memory: 48K
2026-07-16T16:35:27.342061-04:00 osboxes kernel: pid_max: default: 32768 minimum: 301
2026-07-16T16:35:27.342062-04:00 osboxes kernel: LSM: initializing lsm=lockdown,capability,landlock,yama,apparmor,integrity
2026-07-16T16:35:27.342062-04:00 osboxes kernel: landlock: Up and running.
2026-07-16T16:35:27.342063-04:00 osboxes kernel: Yama: becoming mindful.
2026-07-16T16:35:27.342063-04:00 osboxes kernel: AppArmor: AppArmor initialized
2026-07-16T16:35:27.342064-04:00 osboxes kernel: Mount-cache hash table entries: 4096 (order: 3, 32768 bytes, linear)
2026-07-16T16:35:27.342065-04:00 osboxes kernel: Mountpoint-cache hash table entries: 4096 (order: 3, 32768 bytes, linear)
2026-07-16T16:35:27.342065-04:00 osboxes kernel: APIC calibration not consistent with PM-Timer: 118ms instead of 100ms
2026-07-16T16:35:27.342065-04:00 osboxes kernel: APIC delta adjusted to PM-Timer: 6291217 (7436366)
2026-07-16T16:35:27.342065-04:00 osboxes kernel: smpboot: CPU0: AMD Ryzen AI 7 350 w/ Radeon 860M (family: 0x1a, model: 0x60, stepping: 0x0)
2026-07-16T16:35:27.342066-04:00 osboxes kernel: RCU Tasks: Setting shift to 0 and lim to 1 rcu_task_cb_adjust=1.
2026-07-16T16:35:27.342067-04:00 osboxes kernel: RCU Tasks Rude: Setting shift to 0 and lim to 1 rcu_task_cb_adjust=1.
2026-07-16T16:35:27.342067-04:00 osboxes kernel: RCU Tasks Trace: Setting shift to 0 and lim to 1 rcu_task_cb_adjust=1.
2026-07-16T16:35:27.342068-04:00 osboxes kernel: Performance Events: PMU not available due to virtualization, using software events only.
2026-07-16T16:35:27.342068-04:00 osboxes kernel: signal: max sigframe size: 1776
2026-07-16T16:35:27.342068-04:00 osboxes kernel: rcu: Hierarchical SRCU implementation.
2026-07-16T16:35:27.342068-04:00 osboxes kernel: rcu: 	Max phase no-delay instances is 400.
2026-07-16T16:35:27.342069-04:00 osboxes kernel: NMI watchdog: Perf NMI watchdog permanently disabled
2026-07-16T16:35:27.342070-04:00 osboxes kernel: smp: Bringing up secondary CPUs ...
2026-07-16T16:35:27.342070-04:00 osboxes kernel: smp: Brought up 1 node, 1 CPU
2026-07-16T16:35:27.342070-04:00 osboxes kernel: smpboot: Max logical packages: 1
2026-07-16T16:35:27.342071-04:00 osboxes kernel: smpboot: Total of 1 processors activated (3992.40 BogoMIPS)
2026-07-16T16:35:27.342071-04:00 osboxes kernel: devtmpfs: initialized
2026-07-16T16:35:27.342071-04:00 osboxes kernel: x86/mm: Memory block size: 128MB
2026-07-16T16:35:27.342072-04:00 osboxes kernel: clocksource: jiffies: mask: 0xffffffff max_cycles: 0xffffffff, max_idle_ns: 1911260446275000 ns
2026-07-16T16:35:27.342073-04:00 osboxes kernel: futex hash table entries: 256 (order: 2, 16384 bytes, linear)
2026-07-16T16:35:27.342073-04:00 osboxes kernel: pinctrl core: initialized pinctrl subsystem
2026-07-16T16:35:27.342073-04:00 osboxes kernel: PM: RTC time: 20:35:11, date: 2026-07-16
2026-07-16T16:35:27.342074-04:00 osboxes kernel: NET: Registered PF_NETLINK/PF_ROUTE protocol family
2026-07-16T16:35:27.342074-04:00 osboxes kernel: DMA: preallocated 256 KiB GFP_KERNEL pool for atomic allocations
2026-07-16T16:35:27.342075-04:00 osboxes kernel: DMA: preallocated 256 KiB GFP_KERNEL|GFP_DMA pool for atomic allocations
2026-07-16T16:35:27.342075-04:00 osboxes kernel: DMA: preallocated 256 KiB GFP_KERNEL|GFP_DMA32 pool for atomic allocations
2026-07-16T16:35:27.342076-04:00 osboxes kernel: audit: initializing netlink subsys (disabled)
2026-07-16T16:35:27.342076-04:00 osboxes kernel: audit: type=2000 audit(1784234123.273:1): state=initialized audit_enabled=0 res=1
2026-07-16T16:35:27.342076-04:00 osboxes kernel: thermal_sys: Registered thermal governor 'fair_share'
2026-07-16T16:35:27.342077-04:00 osboxes kernel: thermal_sys: Registered thermal governor 'bang_bang'
2026-07-16T16:35:27.342077-04:00 osboxes kernel: thermal_sys: Registered thermal governor 'step_wise'
2026-07-16T16:35:27.342078-04:00 osboxes kernel: thermal_sys: Registered thermal governor 'user_space'
2026-07-16T16:35:27.342078-04:00 osboxes kernel: thermal_sys: Registered thermal governor 'power_allocator'
2026-07-16T16:35:27.342079-04:00 osboxes kernel: EISA bus registered
2026-07-16T16:35:27.342079-04:00 osboxes kernel: cpuidle: using governor ladder
2026-07-16T16:35:27.342079-04:00 osboxes kernel: cpuidle: using governor menu
2026-07-16T16:35:27.342079-04:00 osboxes kernel: acpiphp: ACPI Hot Plug PCI Controller Driver version: 0.5
2026-07-16T16:35:27.342080-04:00 osboxes kernel: PCI: Using configuration type 1 for base access
2026-07-16T16:35:27.342081-04:00 osboxes kernel: PCI: Using configuration type 1 for extended access
2026-07-16T16:35:27.342081-04:00 osboxes kernel: kprobes: kprobe jump-optimization is enabled. All kprobes are optimized if possible.
2026-07-16T16:35:27.342081-04:00 osboxes kernel: HugeTLB: registered 2.00 MiB page size, pre-allocated 0 pages
2026-07-16T16:35:27.342082-04:00 osboxes kernel: HugeTLB: 28 KiB vmemmap can be freed for a 2.00 MiB page
2026-07-16T16:35:27.342082-04:00 osboxes kernel: ACPI: Added _OSI(Module Device)
2026-07-16T16:35:27.342082-04:00 osboxes kernel: ACPI: Added _OSI(Processor Device)
2026-07-16T16:35:27.342085-04:00 osboxes kernel: ACPI: Added _OSI(3.0 _SCP Extensions)
2026-07-16T16:35:27.342085-04:00 osboxes kernel: ACPI: Added _OSI(Processor Aggregator Device)
2026-07-16T16:35:27.342085-04:00 osboxes kernel: ACPI: 2 ACPI AML tables successfully acquired and loaded
2026-07-16T16:35:27.342086-04:00 osboxes kernel: ACPI: _OSC evaluation for CPUs failed, trying _PDC
2026-07-16T16:35:27.342086-04:00 osboxes kernel: ACPI: Interpreter enabled
2026-07-16T16:35:27.342086-04:00 osboxes kernel: ACPI: PM: (supports S0 S5)
2026-07-16T16:35:27.342087-04:00 osboxes kernel: ACPI: Using IOAPIC for interrupt routing
2026-07-16T16:35:27.342088-04:00 osboxes kernel: PCI: Using host bridge windows from ACPI; if necessary, use "pci=nocrs" and report a bug
2026-07-16T16:35:27.342088-04:00 osboxes kernel: PCI: Using E820 reservations for host bridge windows
2026-07-16T16:35:27.342088-04:00 osboxes kernel: ACPI: Enabled 2 GPEs in block 00 to 07
2026-07-16T16:35:27.342088-04:00 osboxes kernel: ACPI: PCI Root Bridge [PCI0] (domain 0000 [bus 00-ff])
2026-07-16T16:35:27.342110-04:00 osboxes kernel: acpi PNP0A03:00: _OSC: OS supports [ExtendedConfig ASPM ClockPM Segments MSI EDR HPX-Type3]
2026-07-16T16:35:27.342111-04:00 osboxes kernel: acpi PNP0A03:00: _OSC: platform does not support [PCIeCapability LTR DPC]
2026-07-16T16:35:27.342111-04:00 osboxes kernel: acpi PNP0A03:00: _OSC: not requesting control; platform does not support [PCIeCapability]
2026-07-16T16:35:27.342111-04:00 osboxes kernel: acpi PNP0A03:00: _OSC: OS requested [PCIeHotplug SHPCHotplug PME AER PCIeCapability LTR DPC]
2026-07-16T16:35:27.342111-04:00 osboxes kernel: acpi PNP0A03:00: _OSC: platform willing to grant [PCIeHotplug SHPCHotplug PME AER]
2026-07-16T16:35:27.342112-04:00 osboxes kernel: acpi PNP0A03:00: _OSC: platform retains control of PCIe features (AE_SUPPORT)
2026-07-16T16:35:27.342112-04:00 osboxes kernel: PCI host bridge to bus 0000:00
2026-07-16T16:35:27.342112-04:00 osboxes kernel: pci_bus 0000:00: root bus resource [io  0x0000-0x0cf7 window]
2026-07-16T16:35:27.342113-04:00 osboxes kernel: pci_bus 0000:00: root bus resource [io  0x0d00-0xffff window]
2026-07-16T16:35:27.342114-04:00 osboxes kernel: pci_bus 0000:00: root bus resource [mem 0x000a0000-0x000bffff window]
2026-07-16T16:35:27.342114-04:00 osboxes kernel: pci_bus 0000:00: root bus resource [mem 0x80000000-0xfdffffff window]
2026-07-16T16:35:27.342114-04:00 osboxes kernel: pci_bus 0000:00: root bus resource [bus 00-ff]
2026-07-16T16:35:27.342114-04:00 osboxes kernel: pci 0000:00:00.0: [8086:1237] type 00 class 0x060000 conventional PCI endpoint
2026-07-16T16:35:27.342115-04:00 osboxes kernel: pci 0000:00:01.0: [8086:7000] type 00 class 0x060100 conventional PCI endpoint
2026-07-16T16:35:27.342115-04:00 osboxes kernel: pci 0000:00:01.1: [8086:7111] type 00 class 0x01018a conventional PCI endpoint
2026-07-16T16:35:27.342116-04:00 osboxes kernel: pci 0000:00:01.1: BAR 4 [io  0xd000-0xd00f]
2026-07-16T16:35:27.342116-04:00 osboxes kernel: pci 0000:00:01.1: BAR 0 [io  0x01f0-0x01f7]: legacy IDE quirk
2026-07-16T16:35:27.342116-04:00 osboxes kernel: pci 0000:00:01.1: BAR 1 [io  0x03f6]: legacy IDE quirk
2026-07-16T16:35:27.342117-04:00 osboxes kernel: pci 0000:00:01.1: BAR 2 [io  0x0170-0x0177]: legacy IDE quirk
2026-07-16T16:35:27.342117-04:00 osboxes kernel: pci 0000:00:01.1: BAR 3 [io  0x0376]: legacy IDE quirk
2026-07-16T16:35:27.342117-04:00 osboxes kernel: pci 0000:00:02.0: [15ad:0405] type 00 class 0x030000 conventional PCI endpoint
2026-07-16T16:35:27.342118-04:00 osboxes kernel: pci 0000:00:02.0: BAR 0 [io  0xd010-0xd01f]
2026-07-16T16:35:27.342118-04:00 osboxes kernel: pci 0000:00:02.0: BAR 1 [mem 0xe0000000-0xe0ffffff pref]
2026-07-16T16:35:27.342119-04:00 osboxes kernel: pci 0000:00:02.0: BAR 2 [mem 0xf0000000-0xf01fffff]
2026-07-16T16:35:27.342119-04:00 osboxes kernel: pci 0000:00:02.0: Video device with shadowed ROM at [mem 0x000c0000-0x000dffff]
2026-07-16T16:35:27.342119-04:00 osboxes kernel: pci 0000:00:03.0: [8086:100e] type 00 class 0x020000 conventional PCI endpoint
2026-07-16T16:35:27.342119-04:00 osboxes kernel: pci 0000:00:03.0: BAR 0 [mem 0xf0200000-0xf021ffff]
2026-07-16T16:35:27.342120-04:00 osboxes kernel: pci 0000:00:03.0: BAR 2 [io  0xd020-0xd027]
2026-07-16T16:35:27.342120-04:00 osboxes kernel: pci 0000:00:04.0: [80ee:cafe] type 00 class 0x088000 conventional PCI endpoint
2026-07-16T16:35:27.342121-04:00 osboxes kernel: pci 0000:00:04.0: BAR 0 [io  0xd040-0xd05f]
2026-07-16T16:35:27.342121-04:00 osboxes kernel: pci 0000:00:04.0: BAR 1 [mem 0xf0400000-0xf07fffff]
2026-07-16T16:35:27.342121-04:00 osboxes kernel: pci 0000:00:04.0: BAR 2 [mem 0xf0800000-0xf0803fff pref]
2026-07-16T16:35:27.342121-04:00 osboxes kernel: pci 0000:00:05.0: [8086:2415] type 00 class 0x040100 conventional PCI endpoint
2026-07-16T16:35:27.342122-04:00 osboxes kernel: pci 0000:00:05.0: BAR 0 [io  0xd100-0xd1ff]
2026-07-16T16:35:27.342124-04:00 osboxes kernel: pci 0000:00:05.0: BAR 1 [io  0xd200-0xd23f]
2026-07-16T16:35:27.342124-04:00 osboxes kernel: pci 0000:00:06.0: [106b:003f] type 00 class 0x0c0310 conventional PCI endpoint
2026-07-16T16:35:27.342124-04:00 osboxes kernel: pci 0000:00:06.0: BAR 0 [mem 0xf0804000-0xf0804fff]
2026-07-16T16:35:27.342124-04:00 osboxes kernel: pci 0000:00:07.0: [8086:7113] type 00 class 0x068000 conventional PCI endpoint
2026-07-16T16:35:27.342125-04:00 osboxes kernel: pci 0000:00:07.0: quirk: [io  0x4000-0x403f] claimed by PIIX4 ACPI
2026-07-16T16:35:27.342125-04:00 osboxes kernel: pci 0000:00:07.0: quirk: [io  0x4100-0x410f] claimed by PIIX4 SMB
2026-07-16T16:35:27.342133-04:00 osboxes kernel: pci 0000:00:0b.0: [8086:265c] type 00 class 0x0c0320 conventional PCI endpoint
2026-07-16T16:35:27.342134-04:00 osboxes kernel: pci 0000:00:0b.0: BAR 0 [mem 0xf0805000-0xf0805fff]
2026-07-16T16:35:27.342134-04:00 osboxes kernel: pci 0000:00:0d.0: [8086:2829] type 00 class 0x010601 conventional PCI endpoint
2026-07-16T16:35:27.342134-04:00 osboxes kernel: pci 0000:00:0d.0: BAR 0 [io  0xd240-0xd247]
2026-07-16T16:35:27.342134-04:00 osboxes kernel: pci 0000:00:0d.0: BAR 1 [io  0xd248-0xd24b]
2026-07-16T16:35:27.342135-04:00 osboxes kernel: pci 0000:00:0d.0: BAR 2 [io  0xd250-0xd257]
2026-07-16T16:35:27.342137-04:00 osboxes kernel: pci 0000:00:0d.0: BAR 3 [io  0xd258-0xd25b]
2026-07-16T16:35:27.342137-04:00 osboxes kernel: pci 0000:00:0d.0: BAR 4 [io  0xd260-0xd26f]
2026-07-16T16:35:27.342137-04:00 osboxes kernel: pci 0000:00:0d.0: BAR 5 [mem 0xf0806000-0xf0807fff]
2026-07-16T16:35:27.342137-04:00 osboxes kernel: ACPI: PCI: Interrupt link LNKA configured for IRQ 11
2026-07-16T16:35:27.342138-04:00 osboxes kernel: ACPI: PCI: Interrupt link LNKB configured for IRQ 10
2026-07-16T16:35:27.342138-04:00 osboxes kernel: ACPI: PCI: Interrupt link LNKC configured for IRQ 9
2026-07-16T16:35:27.342139-04:00 osboxes kernel: ACPI: PCI: Interrupt link LNKD configured for IRQ 11
2026-07-16T16:35:27.342140-04:00 osboxes kernel: iommu: Default domain type: Translated
2026-07-16T16:35:27.342140-04:00 osboxes kernel: iommu: DMA domain TLB invalidation policy: lazy mode
2026-07-16T16:35:27.342140-04:00 osboxes kernel: SCSI subsystem initialized
2026-07-16T16:35:27.342140-04:00 osboxes kernel: libata version 3.00 loaded.
2026-07-16T16:35:27.342141-04:00 osboxes kernel: ACPI: bus type USB registered
2026-07-16T16:35:27.342141-04:00 osboxes kernel: usbcore: registered new interface driver usbfs
2026-07-16T16:35:27.342142-04:00 osboxes kernel: usbcore: registered new interface driver hub
2026-07-16T16:35:27.342143-04:00 osboxes kernel: usbcore: registered new device driver usb
2026-07-16T16:35:27.342143-04:00 osboxes kernel: pps_core: LinuxPPS API ver. 1 registered
2026-07-16T16:35:27.342143-04:00 osboxes kernel: pps_core: Software ver. 5.3.6 - Copyright 2005-2007 Rodolfo Giometti <giometti@linux.it>
2026-07-16T16:35:27.342143-04:00 osboxes kernel: PTP clock support registered
2026-07-16T16:35:27.342144-04:00 osboxes kernel: EDAC MC: Ver: 3.0.0
2026-07-16T16:35:27.342145-04:00 osboxes kernel: NetLabel: Initializing
2026-07-16T16:35:27.342146-04:00 osboxes kernel: NetLabel:  domain hash size = 128
2026-07-16T16:35:27.342146-04:00 osboxes kernel: NetLabel:  protocols = UNLABELED CIPSOv4 CALIPSO
2026-07-16T16:35:27.342146-04:00 osboxes kernel: NetLabel:  unlabeled traffic allowed by default
2026-07-16T16:35:27.342146-04:00 osboxes kernel: mctp: management component transport protocol core
2026-07-16T16:35:27.342146-04:00 osboxes kernel: NET: Registered PF_MCTP protocol family
2026-07-16T16:35:27.342147-04:00 osboxes kernel: PCI: Using ACPI for IRQ routing
2026-07-16T16:35:27.342148-04:00 osboxes kernel: PCI: pci_cache_line_size set to 64 bytes
2026-07-16T16:35:27.342149-04:00 osboxes kernel: e820: reserve RAM buffer [mem 0x0009fc00-0x0009ffff]
2026-07-16T16:35:27.342149-04:00 osboxes kernel: e820: reserve RAM buffer [mem 0x7fff0000-0x7fffffff]
2026-07-16T16:35:27.342149-04:00 osboxes kernel: pci 0000:00:02.0: vgaarb: setting as boot VGA device
2026-07-16T16:35:27.342149-04:00 osboxes kernel: pci 0000:00:02.0: vgaarb: bridge control possible
2026-07-16T16:35:27.342149-04:00 osboxes kernel: pci 0000:00:02.0: vgaarb: VGA device added: decodes=io+mem,owns=io+mem,locks=none
2026-07-16T16:35:27.342152-04:00 osboxes kernel: vgaarb: loaded
2026-07-16T16:35:27.342152-04:00 osboxes kernel: clocksource: Switched to clocksource kvm-clock
2026-07-16T16:35:27.342152-04:00 osboxes kernel: VFS: Disk quotas dquot_6.6.0
2026-07-16T16:35:27.342153-04:00 osboxes kernel: VFS: Dquot-cache hash table entries: 512 (order 0, 4096 bytes)
2026-07-16T16:35:27.342153-04:00 osboxes kernel: AppArmor: AppArmor Filesystem Enabled
2026-07-16T16:35:27.342153-04:00 osboxes kernel: pnp: PnP ACPI init
2026-07-16T16:35:27.342154-04:00 osboxes kernel: pnp: PnP ACPI: found 2 devices
2026-07-16T16:35:27.342155-04:00 osboxes kernel: clocksource: acpi_pm: mask: 0xffffff max_cycles: 0xffffff, max_idle_ns: 2085701024 ns
2026-07-16T16:35:27.342155-04:00 osboxes kernel: NET: Registered PF_INET protocol family
2026-07-16T16:35:27.342155-04:00 osboxes kernel: IP idents hash table entries: 32768 (order: 6, 262144 bytes, linear)
2026-07-16T16:35:27.342156-04:00 osboxes kernel: tcp_listen_portaddr_hash hash table entries: 1024 (order: 2, 16384 bytes, linear)
2026-07-16T16:35:27.342156-04:00 osboxes kernel: Table-perturb hash table entries: 65536 (order: 6, 262144 bytes, linear)
2026-07-16T16:35:27.342156-04:00 osboxes kernel: TCP established hash table entries: 16384 (order: 5, 131072 bytes, linear)
2026-07-16T16:35:27.342158-04:00 osboxes kernel: TCP bind hash table entries: 16384 (order: 7, 524288 bytes, linear)
2026-07-16T16:35:27.342158-04:00 osboxes kernel: TCP: Hash tables configured (established 16384 bind 16384)
2026-07-16T16:35:27.342158-04:00 osboxes kernel: MPTCP token hash table entries: 2048 (order: 3, 49152 bytes, linear)
2026-07-16T16:35:27.342158-04:00 osboxes kernel: UDP hash table entries: 1024 (order: 3, 32768 bytes, linear)
2026-07-16T16:35:27.342159-04:00 osboxes kernel: UDP-Lite hash table entries: 1024 (order: 3, 32768 bytes, linear)
2026-07-16T16:35:27.342159-04:00 osboxes kernel: NET: Registered PF_UNIX/PF_LOCAL protocol family
2026-07-16T16:35:27.342161-04:00 osboxes kernel: NET: Registered PF_XDP protocol family
2026-07-16T16:35:27.342161-04:00 osboxes kernel: pci_bus 0000:00: resource 4 [io  0x0000-0x0cf7 window]
2026-07-16T16:35:27.342161-04:00 osboxes kernel: pci_bus 0000:00: resource 5 [io  0x0d00-0xffff window]
2026-07-16T16:35:27.342161-04:00 osboxes kernel: pci_bus 0000:00: resource 6 [mem 0x000a0000-0x000bffff window]
2026-07-16T16:35:27.342162-04:00 osboxes kernel: pci_bus 0000:00: resource 7 [mem 0x80000000-0xfdffffff window]
2026-07-16T16:35:27.342162-04:00 osboxes kernel: pci 0000:00:00.0: Limiting direct PCI/PCI transfers
2026-07-16T16:35:27.342162-04:00 osboxes kernel: PCI: CLS 0 bytes, default 64
2026-07-16T16:35:27.342164-04:00 osboxes kernel: Trying to unpack rootfs image as initramfs...
2026-07-16T16:35:27.342164-04:00 osboxes kernel: clocksource: tsc: mask: 0xffffffffffffffff max_cycles: 0x398c54e8bdf, max_idle_ns: 881590506184 ns
2026-07-16T16:35:27.342164-04:00 osboxes kernel: clocksource: Switched to clocksource tsc
2026-07-16T16:35:27.342164-04:00 osboxes kernel: platform rtc_cmos: registered platform RTC device (no PNP device found)
2026-07-16T16:35:27.342165-04:00 osboxes kernel: Initialise system trusted keyrings
2026-07-16T16:35:27.342165-04:00 osboxes kernel: Key type blacklist registered
2026-07-16T16:35:27.342188-04:00 osboxes kernel: workingset: timestamp_bits=36 max_order=19 bucket_order=0
2026-07-16T16:35:27.342188-04:00 osboxes kernel: zbud: loaded
2026-07-16T16:35:27.342189-04:00 osboxes kernel: squashfs: version 4.0 (2009/01/31) Phillip Lougher
2026-07-16T16:35:27.342189-04:00 osboxes kernel: fuse: init (API version 7.39)
2026-07-16T16:35:27.342189-04:00 osboxes kernel: integrity: Platform Keyring initialized
2026-07-16T16:35:27.342189-04:00 osboxes kernel: integrity: Machine keyring initialized
2026-07-16T16:35:27.342190-04:00 osboxes kernel: Key type asymmetric registered
2026-07-16T16:35:27.342191-04:00 osboxes kernel: Asymmetric key parser 'x509' registered
2026-07-16T16:35:27.342192-04:00 osboxes kernel: Block layer SCSI generic (bsg) driver version 0.4 loaded (major 243)
2026-07-16T16:35:27.342192-04:00 osboxes kernel: io scheduler mq-deadline registered
2026-07-16T16:35:27.342192-04:00 osboxes kernel: shpchp: Standard Hot Plug PCI Controller Driver version: 0.4
2026-07-16T16:35:27.342192-04:00 osboxes kernel: ACPI: AC: AC Adapter [AC] (on-line)
2026-07-16T16:35:27.342192-04:00 osboxes kernel: input: Power Button as /devices/LNXSYSTM:00/LNXPWRBN:00/input/input0
2026-07-16T16:35:27.342194-04:00 osboxes kernel: ACPI: button: Power Button [PWRF]
2026-07-16T16:35:27.342194-04:00 osboxes kernel: input: Sleep Button as /devices/LNXSYSTM:00/LNXSLPBN:00/input/input1
2026-07-16T16:35:27.342195-04:00 osboxes kernel: ACPI: button: Sleep Button [SLPF]
2026-07-16T16:35:27.342195-04:00 osboxes kernel: Serial: 8250/16550 driver, 32 ports, IRQ sharing enabled
2026-07-16T16:35:27.342195-04:00 osboxes kernel: ACPI: battery: Slot [BAT0] (battery present)
2026-07-16T16:35:27.342195-04:00 osboxes kernel: Linux agpgart interface v0.103
2026-07-16T16:35:27.342197-04:00 osboxes kernel: loop: module loaded
2026-07-16T16:35:27.342197-04:00 osboxes kernel: ata_piix 0000:00:01.1: version 2.13
2026-07-16T16:35:27.342197-04:00 osboxes kernel: scsi host0: ata_piix
2026-07-16T16:35:27.342198-04:00 osboxes kernel: scsi host1: ata_piix
2026-07-16T16:35:27.342198-04:00 osboxes kernel: ata1: PATA max UDMA/33 cmd 0x1f0 ctl 0x3f6 bmdma 0xd000 irq 14 lpm-pol 0
2026-07-16T16:35:27.342198-04:00 osboxes kernel: ata2: PATA max UDMA/33 cmd 0x170 ctl 0x376 bmdma 0xd008 irq 15 lpm-pol 0
2026-07-16T16:35:27.342199-04:00 osboxes kernel: ACPI: bus type drm_connector registered
2026-07-16T16:35:27.342200-04:00 osboxes kernel: tun: Universal TUN/TAP device driver, 1.6
2026-07-16T16:35:27.342200-04:00 osboxes kernel: PPP generic driver version 2.4.2
2026-07-16T16:35:27.342201-04:00 osboxes kernel: ohci-pci 0000:00:06.0: OHCI PCI host controller
2026-07-16T16:35:27.342201-04:00 osboxes kernel: ohci-pci 0000:00:06.0: new USB bus registered, assigned bus number 1
2026-07-16T16:35:27.342201-04:00 osboxes kernel: ohci-pci 0000:00:06.0: irq 22, io mem 0xf0804000
2026-07-16T16:35:27.342201-04:00 osboxes kernel: usb usb1: New USB device found, idVendor=1d6b, idProduct=0001, bcdDevice= 6.08
2026-07-16T16:35:27.342203-04:00 osboxes kernel: usb usb1: New USB device strings: Mfr=3, Product=2, SerialNumber=1
2026-07-16T16:35:27.342203-04:00 osboxes kernel: usb usb1: Product: OHCI PCI host controller
2026-07-16T16:35:27.342203-04:00 osboxes kernel: usb usb1: Manufacturer: Linux 6.8.0-31-generic ohci_hcd
2026-07-16T16:35:27.342204-04:00 osboxes kernel: usb usb1: SerialNumber: 0000:00:06.0
2026-07-16T16:35:27.342204-04:00 osboxes kernel: hub 1-0:1.0: USB hub found
2026-07-16T16:35:27.342204-04:00 osboxes kernel: hub 1-0:1.0: 12 ports detected
2026-07-16T16:35:27.342205-04:00 osboxes kernel: ehci-pci 0000:00:0b.0: EHCI Host Controller
2026-07-16T16:35:27.342206-04:00 osboxes kernel: ehci-pci 0000:00:0b.0: new USB bus registered, assigned bus number 2
2026-07-16T16:35:27.342206-04:00 osboxes kernel: i8042: PNP: PS/2 Controller [PNP0303:PS2K,PNP0f03:PS2M] at 0x60,0x64 irq 1,12
2026-07-16T16:35:27.342207-04:00 osboxes kernel: ehci-pci 0000:00:0b.0: irq 19, io mem 0xf0805000
2026-07-16T16:35:27.342207-04:00 osboxes kernel: ehci-pci 0000:00:0b.0: USB 2.0 started, EHCI 1.00
2026-07-16T16:35:27.342207-04:00 osboxes kernel: serio: i8042 KBD port at 0x60,0x64 irq 1
2026-07-16T16:35:27.342207-04:00 osboxes kernel: serio: i8042 AUX port at 0x60,0x64 irq 12
2026-07-16T16:35:27.342209-04:00 osboxes kernel: mousedev: PS/2 mouse device common for all mice
2026-07-16T16:35:27.342209-04:00 osboxes kernel: usb usb2: New USB device found, idVendor=1d6b, idProduct=0002, bcdDevice= 6.08
2026-07-16T16:35:27.342209-04:00 osboxes kernel: usb usb2: New USB device strings: Mfr=3, Product=2, SerialNumber=1
2026-07-16T16:35:27.342210-04:00 osboxes kernel: usb usb2: Product: EHCI Host Controller
2026-07-16T16:35:27.342210-04:00 osboxes kernel: usb usb2: Manufacturer: Linux 6.8.0-31-generic ehci_hcd
2026-07-16T16:35:27.342210-04:00 osboxes kernel: usb usb2: SerialNumber: 0000:00:0b.0
2026-07-16T16:35:27.342212-04:00 osboxes kernel: hub 2-0:1.0: USB hub found
2026-07-16T16:35:27.342212-04:00 osboxes kernel: hub 2-0:1.0: 12 ports detected
2026-07-16T16:35:27.342212-04:00 osboxes kernel: input: AT Translated Set 2 keyboard as /devices/platform/i8042/serio0/input/input2
2026-07-16T16:35:27.342212-04:00 osboxes kernel: rtc_cmos rtc_cmos: registered as rtc0
2026-07-16T16:35:27.342213-04:00 osboxes kernel: rtc_cmos rtc_cmos: setting system clock to 2026-07-16T20:35:12 UTC (1784234112)
2026-07-16T16:35:27.342213-04:00 osboxes kernel: rtc_cmos rtc_cmos: alarms up to one day, 114 bytes nvram
2026-07-16T16:35:27.342213-04:00 osboxes kernel: i2c_dev: i2c /dev entries driver
2026-07-16T16:35:27.342215-04:00 osboxes kernel: device-mapper: core: CONFIG_IMA_DISABLE_HTABLE is disabled. Duplicate IMA measurements will not be recorded in the IMA log.
2026-07-16T16:35:27.342215-04:00 osboxes kernel: device-mapper: uevent: version 1.0.3
2026-07-16T16:35:27.342216-04:00 osboxes kernel: device-mapper: ioctl: 4.48.0-ioctl (2023-03-01) initialised: dm-devel@redhat.com
2026-07-16T16:35:27.342216-04:00 osboxes kernel: platform eisa.0: Probing EISA bus 0
2026-07-16T16:35:27.342216-04:00 osboxes kernel: platform eisa.0: EISA: Cannot allocate resource for mainboard
2026-07-16T16:35:27.342216-04:00 osboxes kernel: platform eisa.0: Cannot allocate resource for EISA slot 1
2026-07-16T16:35:27.342218-04:00 osboxes kernel: platform eisa.0: Cannot allocate resource for EISA slot 2
2026-07-16T16:35:27.342219-04:00 osboxes kernel: platform eisa.0: Cannot allocate resource for EISA slot 3
2026-07-16T16:35:27.342219-04:00 osboxes kernel: platform eisa.0: Cannot allocate resource for EISA slot 4
2026-07-16T16:35:27.342219-04:00 osboxes kernel: platform eisa.0: Cannot allocate resource for EISA slot 5
2026-07-16T16:35:27.342220-04:00 osboxes kernel: platform eisa.0: Cannot allocate resource for EISA slot 6
2026-07-16T16:35:27.342220-04:00 osboxes kernel: platform eisa.0: Cannot allocate resource for EISA slot 7
2026-07-16T16:35:27.342221-04:00 osboxes kernel: platform eisa.0: Cannot allocate resource for EISA slot 8
2026-07-16T16:35:27.342222-04:00 osboxes kernel: platform eisa.0: EISA: Detected 0 cards
2026-07-16T16:35:27.342222-04:00 osboxes kernel: amd_pstate: the _CPC object is not present in SBIOS or ACPI disabled
2026-07-16T16:35:27.342222-04:00 osboxes kernel: ledtrig-cpu: registered to indicate activity on CPUs
2026-07-16T16:35:27.342223-04:00 osboxes kernel: drop_monitor: Initializing network drop monitor service
2026-07-16T16:35:27.342223-04:00 osboxes kernel: NET: Registered PF_INET6 protocol family
2026-07-16T16:35:27.342223-04:00 osboxes kernel: ata1.00: ATAPI: VBOX CD-ROM, 1.0, max UDMA/133
2026-07-16T16:35:27.342225-04:00 osboxes kernel: scsi 0:0:0:0: CD-ROM            VBOX     CD-ROM           1.0  PQ: 0 ANSI: 5
2026-07-16T16:35:27.342225-04:00 osboxes kernel: sr 0:0:0:0: [sr0] scsi3-mmc drive: 32x/32x xa/form2 tray
2026-07-16T16:35:27.342225-04:00 osboxes kernel: cdrom: Uniform CD-ROM driver Revision: 3.20
2026-07-16T16:35:27.342225-04:00 osboxes kernel: sr 0:0:0:0: Attached scsi CD-ROM sr0
2026-07-16T16:35:27.342226-04:00 osboxes kernel: sr 0:0:0:0: Attached scsi generic sg0 type 5
2026-07-16T16:35:27.342226-04:00 osboxes kernel: usb 1-1: new full-speed USB device number 2 using ohci-pci
2026-07-16T16:35:27.342227-04:00 osboxes kernel: Freeing initrd memory: 64136K
2026-07-16T16:35:27.342228-04:00 osboxes kernel: Segment Routing with IPv6
2026-07-16T16:35:27.342228-04:00 osboxes kernel: In-situ OAM (IOAM) with IPv6
2026-07-16T16:35:27.342228-04:00 osboxes kernel: NET: Registered PF_PACKET protocol family
2026-07-16T16:35:27.342229-04:00 osboxes kernel: Key type dns_resolver registered
2026-07-16T16:35:27.342229-04:00 osboxes kernel: IPI shorthand broadcast: enabled
2026-07-16T16:35:27.342229-04:00 osboxes kernel: sched_clock: Marking stable (1425283897, 98008869)->(1550227539, -26934773)
2026-07-16T16:35:27.342264-04:00 osboxes kernel: registered taskstats version 1
2026-07-16T16:35:27.342267-04:00 osboxes kernel: Loading compiled-in X.509 certificates
2026-07-16T16:35:27.342267-04:00 osboxes kernel: Loaded X.509 cert 'Build time autogenerated kernel key: 06ebe891e0babd04dcef5f73bad66b3a3e5eafa8'
2026-07-16T16:35:27.342268-04:00 osboxes kernel: Loaded X.509 cert 'Canonical Ltd. Live Patch Signing: 14df34d1a87cf37625abec039ef2bf521249b969'
2026-07-16T16:35:27.342268-04:00 osboxes kernel: Loaded X.509 cert 'Canonical Ltd. Kernel Module Signing: 88f752e560a1e0737e31163a466ad7b70a850c19'
2026-07-16T16:35:27.342268-04:00 osboxes kernel: blacklist: Loading compiled-in revocation X.509 certificates
2026-07-16T16:35:27.342305-04:00 osboxes kernel: Loaded X.509 cert 'Canonical Ltd. Secure Boot Signing: 61482aa2830d0ab2ad5af10b7250da9033ddcef0'
2026-07-16T16:35:27.342308-04:00 osboxes kernel: Loaded X.509 cert 'Canonical Ltd. Secure Boot Signing (2017): 242ade75ac4a15e50d50c84b0d45ff3eae707a03'
2026-07-16T16:35:27.342309-04:00 osboxes kernel: Loaded X.509 cert 'Canonical Ltd. Secure Boot Signing (ESM 2018): 365188c1d374d6b07c3c8f240f8ef722433d6a8b'
2026-07-16T16:35:27.342309-04:00 osboxes kernel: Loaded X.509 cert 'Canonical Ltd. Secure Boot Signing (2019): c0746fd6c5da3ae827864651ad66ae47fe24b3e8'
2026-07-16T16:35:27.342310-04:00 osboxes kernel: Loaded X.509 cert 'Canonical Ltd. Secure Boot Signing (2021 v1): a8d54bbb3825cfb94fa13c9f8a594a195c107b8d'
2026-07-16T16:35:27.342310-04:00 osboxes kernel: Loaded X.509 cert 'Canonical Ltd. Secure Boot Signing (2021 v2): 4cf046892d6fd3c9a5b03f98d845f90851dc6a8c'
2026-07-16T16:35:27.342315-04:00 osboxes kernel: Loaded X.509 cert 'Canonical Ltd. Secure Boot Signing (2021 v3): 100437bb6de6e469b581e61cd66bce3ef4ed53af'
2026-07-16T16:35:27.342348-04:00 osboxes kernel: Loaded X.509 cert 'Canonical Ltd. Secure Boot Signing (Ubuntu Core 2019): c1d57b8f6b743f23ee41f4f7ee292f06eecadfb9'
2026-07-16T16:35:27.342351-04:00 osboxes kernel: Key type .fscrypt registered
2026-07-16T16:35:27.342352-04:00 osboxes kernel: Key type fscrypt-provisioning registered
2026-07-16T16:35:27.342352-04:00 osboxes kernel: usb 1-1: New USB device found, idVendor=80ee, idProduct=0021, bcdDevice= 1.00
2026-07-16T16:35:27.342352-04:00 osboxes kernel: usb 1-1: New USB device strings: Mfr=1, Product=3, SerialNumber=0
2026-07-16T16:35:27.342353-04:00 osboxes kernel: usb 1-1: Product: USB Tablet
2026-07-16T16:35:27.342389-04:00 osboxes kernel: usb 1-1: Manufacturer: VirtualBox
2026-07-16T16:35:27.342392-04:00 osboxes kernel: Key type encrypted registered
2026-07-16T16:35:27.342418-04:00 osboxes kernel: AppArmor: AppArmor sha256 policy hashing enabled
2026-07-16T16:35:27.342419-04:00 osboxes kernel: ima: No TPM chip found, activating TPM-bypass!
2026-07-16T16:35:27.342419-04:00 osboxes kernel: Loading compiled-in module X.509 certificates
2026-07-16T16:35:27.342419-04:00 osboxes kernel: Loaded X.509 cert 'Build time autogenerated kernel key: 06ebe891e0babd04dcef5f73bad66b3a3e5eafa8'
2026-07-16T16:35:27.342455-04:00 osboxes kernel: ima: Allocated hash algorithm: sha256
2026-07-16T16:35:27.342458-04:00 osboxes kernel: ima: No architecture policies found
2026-07-16T16:35:27.342459-04:00 osboxes kernel: evm: Initialising EVM extended attributes:
2026-07-16T16:35:27.342459-04:00 osboxes kernel: evm: security.selinux
2026-07-16T16:35:27.342459-04:00 osboxes kernel: evm: security.SMACK64
2026-07-16T16:35:27.342460-04:00 osboxes kernel: evm: security.SMACK64EXEC
2026-07-16T16:35:27.342460-04:00 osboxes kernel: evm: security.SMACK64TRANSMUTE
2026-07-16T16:35:27.342502-04:00 osboxes kernel: evm: security.SMACK64MMAP
2026-07-16T16:35:27.342505-04:00 osboxes kernel: evm: security.apparmor
2026-07-16T16:35:27.342505-04:00 osboxes kernel: evm: security.ima
2026-07-16T16:35:27.342506-04:00 osboxes kernel: evm: security.capability
2026-07-16T16:35:27.342506-04:00 osboxes kernel: evm: HMAC attrs: 0x1
2026-07-16T16:35:27.342506-04:00 osboxes kernel: PM:   Magic number: 2:361:599
2026-07-16T16:35:27.342542-04:00 osboxes kernel: serial8250 serial8250: hash matches
2026-07-16T16:35:27.342545-04:00 osboxes kernel: RAS: Correctable Errors collector initialized.
2026-07-16T16:35:27.342546-04:00 osboxes kernel: clk: Disabling unused clocks
2026-07-16T16:35:27.342546-04:00 osboxes kernel: Freeing unused decrypted memory: 2028K
2026-07-16T16:35:27.342546-04:00 osboxes kernel: Freeing unused kernel image (initmem) memory: 4976K
2026-07-16T16:35:27.342547-04:00 osboxes kernel: Write protecting the kernel read-only data: 36864k
2026-07-16T16:35:27.342552-04:00 osboxes kernel: Freeing unused kernel image (rodata/data gap) memory: 48K
2026-07-16T16:35:27.342583-04:00 osboxes kernel: x86/mm: Checked W+X mappings: passed, no W+X pages found.
2026-07-16T16:35:27.342586-04:00 osboxes kernel: Run /init as init process
2026-07-16T16:35:27.342587-04:00 osboxes kernel:   with arguments:
2026-07-16T16:35:27.342587-04:00 osboxes kernel:     /init
2026-07-16T16:35:27.342587-04:00 osboxes kernel:     splash
2026-07-16T16:35:27.342588-04:00 osboxes kernel:   with environment:
2026-07-16T16:35:27.342624-04:00 osboxes kernel:     HOME=/
2026-07-16T16:35:27.342627-04:00 osboxes kernel:     TERM=linux
2026-07-16T16:35:27.342627-04:00 osboxes kernel:     BOOT_IMAGE=/boot/vmlinuz-6.8.0-31-generic
2026-07-16T16:35:27.342628-04:00 osboxes kernel: e1000: Intel(R) PRO/1000 Network Driver
2026-07-16T16:35:27.342628-04:00 osboxes kernel: e1000: Copyright (c) 1999-2006 Intel Corporation.
2026-07-16T16:35:27.342628-04:00 osboxes kernel: ACPI: video: Video Device [GFX0] (multi-head: yes  rom: no  post: no)
2026-07-16T16:35:27.342664-04:00 osboxes kernel: input: Video Bus as /devices/LNXSYSTM:00/LNXSYBUS:00/PNP0A03:00/LNXVIDEO:00/input/input4
2026-07-16T16:35:27.342667-04:00 osboxes kernel: ahci 0000:00:0d.0: version 3.0
2026-07-16T16:35:27.342668-04:00 osboxes kernel: ahci 0000:00:0d.0: SSS flag set, parallel bus scan disabled
2026-07-16T16:35:27.342668-04:00 osboxes kernel: ahci 0000:00:0d.0: AHCI 0001.0100 32 slots 1 ports 3 Gbps 0x1 impl SATA mode
2026-07-16T16:35:27.342668-04:00 osboxes kernel: ahci 0000:00:0d.0: flags: 64bit ncq stag only ccc 
2026-07-16T16:35:27.342669-04:00 osboxes kernel: hid: raw HID events driver (C) Jiri Kosina
2026-07-16T16:35:27.342669-04:00 osboxes kernel: scsi host2: ahci
2026-07-16T16:35:27.342705-04:00 osboxes kernel: ata3: SATA max UDMA/133 abar m8192@0xf0806000 port 0xf0806100 irq 21 lpm-pol 0
2026-07-16T16:35:27.342708-04:00 osboxes kernel: usbcore: registered new interface driver usbhid
2026-07-16T16:35:27.342709-04:00 osboxes kernel: usbhid: USB HID core driver
2026-07-16T16:35:27.342709-04:00 osboxes kernel: input: ImExPS/2 Generic Explorer Mouse as /devices/platform/i8042/serio1/input/input5
2026-07-16T16:35:27.342709-04:00 osboxes kernel: ata3: SATA link up 3.0 Gbps (SStatus 123 SControl 300)
2026-07-16T16:35:27.342709-04:00 osboxes kernel: ata3.00: ATA-6: VBOX HARDDISK, 1.0, max UDMA/133
2026-07-16T16:35:27.342747-04:00 osboxes kernel: ata3.00: 1048576000 sectors, multi 128: LBA48 NCQ (depth 32)
2026-07-16T16:35:27.342750-04:00 osboxes kernel: ata3.00: configured for UDMA/133
2026-07-16T16:35:27.342750-04:00 osboxes kernel: scsi 2:0:0:0: Direct-Access     ATA      VBOX HARDDISK    1.0  PQ: 0 ANSI: 5
2026-07-16T16:35:27.342751-04:00 osboxes kernel: scsi 2:0:0:0: Attached scsi generic sg1 type 0
2026-07-16T16:35:27.342751-04:00 osboxes kernel: sd 2:0:0:0: [sda] 1048576000 512-byte logical blocks: (537 GB/500 GiB)
2026-07-16T16:35:27.342751-04:00 osboxes kernel: sd 2:0:0:0: [sda] Write Protect is off
2026-07-16T16:35:27.342756-04:00 osboxes kernel: sd 2:0:0:0: [sda] Mode Sense: 00 3a 00 00
2026-07-16T16:35:27.342788-04:00 osboxes kernel: sd 2:0:0:0: [sda] Write cache: enabled, read cache: enabled, doesn't support DPO or FUA
2026-07-16T16:35:27.342791-04:00 osboxes kernel: sd 2:0:0:0: [sda] Preferred minimum I/O size 512 bytes
2026-07-16T16:35:27.342791-04:00 osboxes kernel:  sda: sda1 sda2
2026-07-16T16:35:27.342791-04:00 osboxes kernel: sd 2:0:0:0: [sda] Attached SCSI disk
2026-07-16T16:35:27.342791-04:00 osboxes kernel: input: VirtualBox USB Tablet as /devices/pci0000:00/0000:00:06.0/usb1/1-1/1-1:1.0/0003:80EE:0021.0001/input/input6
2026-07-16T16:35:27.342792-04:00 osboxes kernel: hid-generic 0003:80EE:0021.0001: input,hidraw0: USB HID v1.10 Mouse [VirtualBox USB Tablet] on usb-0000:00:06.0-1/input0
2026-07-16T16:35:27.342828-04:00 osboxes kernel: e1000 0000:00:03.0 eth0: (PCI:33MHz:32-bit) 08:00:27:4c:eb:06
2026-07-16T16:35:27.342831-04:00 osboxes kernel: e1000 0000:00:03.0 eth0: Intel(R) PRO/1000 Network Connection
2026-07-16T16:35:27.342832-04:00 osboxes kernel: e1000 0000:00:03.0 enp0s3: renamed from eth0
2026-07-16T16:35:27.342832-04:00 osboxes kernel: EXT4-fs (sda2): mounted filesystem 877292f0-69dd-4735-bca5-47131956fcc0 ro with ordered data mode. Quota mode: none.
2026-07-16T16:35:27.343322-04:00 osboxes kernel: EXT4-fs (sda2): re-mounted 877292f0-69dd-4735-bca5-47131956fcc0 r/w. Quota mode: none.
2026-07-16T16:35:27.343322-04:00 osboxes kernel: lp: driver loaded but no devices found
2026-07-16T16:35:27.343323-04:00 osboxes kernel: ppdev: user-space parallel port driver
2026-07-16T16:35:27.343362-04:00 osboxes kernel: Adding 4194300k swap on /swap.img.  Priority:-2 extents:3 across:4456444k 
2026-07-16T16:35:27.343363-04:00 osboxes kernel: loop0: detected capacity change from 0 to 8
2026-07-16T16:35:27.343364-04:00 osboxes kernel: loop1: detected capacity change from 0 to 152040
2026-07-16T16:35:27.343401-04:00 osboxes kernel: loop2: detected capacity change from 0 to 136816
2026-07-16T16:35:27.343404-04:00 osboxes kernel: loop3: detected capacity change from 0 to 552192
2026-07-16T16:35:27.343404-04:00 osboxes kernel: loop4: detected capacity change from 0 to 33792
2026-07-16T16:35:27.343405-04:00 osboxes kernel: loop5: detected capacity change from 0 to 21952
2026-07-16T16:35:27.343405-04:00 osboxes kernel: loop6: detected capacity change from 0 to 1258560
2026-07-16T16:35:27.343405-04:00 osboxes kernel: loop7: detected capacity change from 0 to 1034424
2026-07-16T16:35:27.343441-04:00 osboxes kernel: loop8: detected capacity change from 0 to 187776
2026-07-16T16:35:27.343444-04:00 osboxes kernel: loop9: detected capacity change from 0 to 808920
2026-07-16T16:35:27.343445-04:00 osboxes kernel: loop10: detected capacity change from 0 to 21136
2026-07-16T16:35:27.343445-04:00 osboxes kernel: loop11: detected capacity change from 0 to 79328
2026-07-16T16:35:27.343445-04:00 osboxes kernel: loop12: detected capacity change from 0 to 102600
2026-07-16T16:35:27.343446-04:00 osboxes kernel: loop13: detected capacity change from 0 to 952
2026-07-16T16:35:27.343446-04:00 osboxes kernel: audit: type=1400 audit(1784234120.181:2): apparmor="STATUS" operation="profile_load" profile="unconfined" name="1password" pid=333 comm="apparmor_parser"
2026-07-16T16:35:27.343484-04:00 osboxes kernel: audit: type=1400 audit(1784234120.207:3): apparmor="STATUS" operation="profile_load" profile="unconfined" name="Discord" pid=334 comm="apparmor_parser"
2026-07-16T16:35:27.343485-04:00 osboxes kernel: audit: type=1400 audit(1784234120.216:4): apparmor="STATUS" operation="profile_load" profile="unconfined" name=4D6F6E676F444220436F6D70617373 pid=335 comm="apparmor_parser"
2026-07-16T16:35:27.343486-04:00 osboxes kernel: audit: type=1400 audit(1784234120.224:5): apparmor="STATUS" operation="profile_load" profile="unconfined" name="QtWebEngineProcess" pid=336 comm="apparmor_parser"
2026-07-16T16:35:27.343486-04:00 osboxes kernel: audit: type=1400 audit(1784234120.237:6): apparmor="STATUS" operation="profile_load" profile="unconfined" name="brave" pid=339 comm="apparmor_parser"
2026-07-16T16:35:27.343486-04:00 osboxes kernel: audit: type=1400 audit(1784234120.244:7): apparmor="STATUS" operation="profile_load" profile="unconfined" name="buildah" pid=340 comm="apparmor_parser"
2026-07-16T16:35:27.343524-04:00 osboxes kernel: audit: type=1400 audit(1784234120.254:8): apparmor="STATUS" operation="profile_load" profile="unconfined" name="busybox" pid=344 comm="apparmor_parser"
2026-07-16T16:35:27.343526-04:00 osboxes kernel: audit: type=1400 audit(1784234120.265:9): apparmor="STATUS" operation="profile_load" profile="unconfined" name="cam" pid=352 comm="apparmor_parser"
2026-07-16T16:35:27.343526-04:00 osboxes kernel: audit: type=1400 audit(1784234120.269:10): apparmor="STATUS" operation="profile_load" profile="unconfined" name="ch-checkns" pid=354 comm="apparmor_parser"
2026-07-16T16:35:27.343526-04:00 osboxes kernel: audit: type=1400 audit(1784234120.276:11): apparmor="STATUS" operation="profile_load" profile="unconfined" name="ch-run" pid=355 comm="apparmor_parser"
2026-07-16T16:35:27.343527-04:00 osboxes kernel: cryptd: max_cpu_qlen set to 1000
2026-07-16T16:35:27.343563-04:00 osboxes kernel: piix4_smbus 0000:00:07.0: SMBus Host Controller at 0x4100, revision 0
2026-07-16T16:35:27.343566-04:00 osboxes kernel: AVX2 version of gcm_enc/dec engaged.
2026-07-16T16:35:27.343566-04:00 osboxes kernel: AES CTR mode by8 optimization enabled
2026-07-16T16:35:27.343566-04:00 osboxes kernel: vboxguest: host-version: 7.2.10r174163 0x8000000f
2026-07-16T16:35:27.343567-04:00 osboxes kernel: vmwgfx 0000:00:02.0: vgaarb: deactivate vga console
2026-07-16T16:35:27.343567-04:00 osboxes kernel: Console: switching to colour dummy device 80x25
2026-07-16T16:35:27.343603-04:00 osboxes kernel: vbg_heartbeat_init: Setting up heartbeat to trigger every 2000 milliseconds
2026-07-16T16:35:27.343606-04:00 osboxes kernel: input: VirtualBox mouse integration as /devices/pci0000:00/0000:00:04.0/input/input7
2026-07-16T16:35:27.343607-04:00 osboxes kernel: vmwgfx 0000:00:02.0: [drm] FIFO at 0x00000000f0000000 size is 2048 kiB
2026-07-16T16:35:27.343607-04:00 osboxes kernel: vmwgfx 0000:00:02.0: [drm] VRAM at 0x00000000e0000000 size is 16384 kiB
2026-07-16T16:35:27.343607-04:00 osboxes kernel: vmwgfx 0000:00:02.0: [drm] Running on SVGA version 2.
2026-07-16T16:35:27.343607-04:00 osboxes kernel: vmwgfx 0000:00:02.0: [drm] Capabilities: rect copy, cursor, cursor bypass, cursor bypass 2, alpha cursor, extended fifo, pitchlock, irq mask, gmr, traces, gmr2, screen object 2, command buffers, command buffers 2, gbobject, cap2 register, 
2026-07-16T16:35:27.343644-04:00 osboxes kernel: vmwgfx 0000:00:02.0: [drm] Capabilities2: cursor mob, 
2026-07-16T16:35:27.343646-04:00 osboxes kernel: vmwgfx 0000:00:02.0: [drm] *ERROR* vmwgfx seems to be running on an unsupported hypervisor.
2026-07-16T16:35:27.343647-04:00 osboxes kernel: vmwgfx 0000:00:02.0: [drm] *ERROR* This configuration is likely broken.
2026-07-16T16:35:27.343647-04:00 osboxes kernel: vmwgfx 0000:00:02.0: [drm] *ERROR* Please switch to a supported graphics device to avoid problems.
2026-07-16T16:35:27.343648-04:00 osboxes kernel: vmwgfx 0000:00:02.0: [drm] DMA map mode: Caching DMA mappings.
2026-07-16T16:35:27.343656-04:00 osboxes kernel: vmwgfx 0000:00:02.0: [drm] Legacy memory limits: VRAM = 16384 kB, FIFO = 2048 kB, surface = 507904 kB
2026-07-16T16:35:27.343692-04:00 osboxes kernel: vmwgfx 0000:00:02.0: [drm] MOB limits: max mob size = 131072 kB, max mob pages = 12288
2026-07-16T16:35:27.343695-04:00 osboxes kernel: vmwgfx 0000:00:02.0: [drm] Max GMR ids is 8192
2026-07-16T16:35:27.343695-04:00 osboxes kernel: vmwgfx 0000:00:02.0: [drm] Max number of GMR pages is 1048576
2026-07-16T16:35:27.343696-04:00 osboxes kernel: vmwgfx 0000:00:02.0: [drm] Maximum display memory size is 16384 kiB
2026-07-16T16:35:27.343696-04:00 osboxes kernel: vmwgfx 0000:00:02.0: [drm] Screen Target display unit initialized
2026-07-16T16:35:27.343696-04:00 osboxes kernel: vmwgfx 0000:00:02.0: [drm] Fifo max 0x00200000 min 0x00001000 cap 0x00000355
2026-07-16T16:35:27.343696-04:00 osboxes kernel: vmwgfx 0000:00:02.0: [drm] Using command buffers with DMA pool.
2026-07-16T16:35:27.343732-04:00 osboxes kernel: vmwgfx 0000:00:02.0: [drm] Available shader model: Legacy.
2026-07-16T16:35:27.343735-04:00 osboxes kernel: [drm] Initialized vmwgfx 2.20.0 20211206 for 0000:00:02.0 on minor 0
2026-07-16T16:35:27.343736-04:00 osboxes kernel: fbcon: vmwgfxdrmfb (fb0) is primary device
2026-07-16T16:35:27.343736-04:00 osboxes kernel: Console: switching to colour frame buffer device 160x50
2026-07-16T16:35:27.343736-04:00 osboxes kernel: vmwgfx 0000:00:02.0: [drm] fb0: vmwgfxdrmfb frame buffer device
2026-07-16T16:35:28.733370-04:00 osboxes kernel: 20:35:28.706323 main     VBoxClient 7.0.16_Ubuntu r162802 (verbosity: 0) linux.amd64 (Apr 17 2024 06:41:38) release log
2026-07-16T16:35:28.733380-04:00 osboxes kernel: 20:35:2
2026-07-16T16:35:28.733380-04:00 osboxes kernel: 20:35:28.731897 main     OS Product: Linux
2026-07-16T16:35:28.743231-04:00 osboxes kernel: 20:35:28.740938 main     OS Release: 6.8.0-31-generic
2026-07-16T16:35:28.760350-04:00 osboxes kernel: 20:35:28.757604 main     OS Version: #31-Ubuntu SMP PREEMPT_DYNAMIC Sat Apr 20 00:40:06 UTC 2024
2026-07-16T16:35:28.789279-04:00 osboxes kernel: 20:35:28.786551 main     Executable: /usr/bin/VBoxClient
2026-07-16T16:35:28.789286-04:00 osboxes kernel: 20:35:28.786554 main     Process ID: 746
2026-07-16T16:35:28.789288-04:00 osboxes kernel: 20:35:28.786555 main     Pack
2026-07-16T16:35:28.789288-04:00 osboxes kernel: 20:35:28.787178 main      VBoxClient 7.0.16_Ubuntu r162802 started. Verbose level = 0. Wayland environment detected: no
2026-07-16T16:35:28.807108-04:00 osboxes kernel: 20:35:28.798931 main      Service: SVGA X11 display
2026-07-16T16:35:28.837982-04:00 osboxes kernel: 20:35:28.837413 main      Initializing service ...
2026-07-16T16:35:28.845939-04:00 osboxes kernel: 20:35:28.845407 main      Service is not availabe, skipping
2026-07-16T16:35:28.998512-04:00 osboxes kernel: 20:35:28.991388 main     VBoxService 7.0.16_Ubuntu r162802 (verbosity: 0) linux.amd64 (Apr 17 2024 06:41:38) release log
2026-07-16T16:35:28.998527-04:00 osboxes kernel: 20:35:
2026-07-16T16:35:28.998528-04:00 osboxes kernel: 20:35:28.997309 main     OS Product: Linux
2026-07-16T16:35:29.008255-04:00 osboxes kernel: 20:35:29.006342 main     OS Release: 6.8.0-31-generic
2026-07-16T16:35:29.008265-04:00 osboxes kernel: 20:35:29.006900 main     OS Version: #31-Ubuntu SMP PREEMPT_DYNAMIC Sat Apr 20 00:40:06 UTC 2024
2026-07-16T16:35:29.057870-04:00 osboxes kernel: 20:35:29.007087 main     Executable: /usr/sbin/VBoxService
2026-07-16T16:35:29.057873-04:00 osboxes kernel: 20:35:29.007088 main     Process ID: 765
2026-07-16T16:35:29.057874-04:00 osboxes kernel: 20:35:29.007089 main     Pa
2026-07-16T16:35:29.057874-04:00 osboxes kernel: 20:35:29.055905 main     VMSVGA DRM resizing client not started, rc=VERR_FILE_NOT_FOUND
2026-07-16T16:35:29.057874-04:00 osboxes kernel: 20:35:29.056129 main     7.0.16_Ubuntu r162802 started. Verbose level = 0
2026-07-16T16:35:29.079395-04:00 osboxes kernel: 20:35:29.078325 main     vbglR3GuestCtrlDetectPeekGetCancelSupport: Supported (#1)
2026-07-16T16:35:29.171815-04:00 osboxes kernel: NET: Registered PF_QIPCRTR protocol family
2026-07-16T16:35:29.200258-04:00 osboxes kernel: vboxsf: Unknown parameter 'tag'
2026-07-16T16:35:29.232402-04:00 osboxes kernel: 20:35:29.230257 automount vbsvcAutomounterMountIt: Running outdated vboxsf module without support for the 'tag' option?
2026-07-16T16:35:29.232418-04:00 osboxes kernel: 20:35:29.230890 automount vbsvcAutomounterMountIt: Successfully mounted 'LLMMM' on '/media/sf_LLMMM'
2026-07-16T16:35:30.138047-04:00 osboxes kernel: snd_intel8x0 0000:00:05.0: allow list rate for 1028:0177 is 48000
2026-07-16T16:35:33.530921-04:00 osboxes kernel: e1000: enp0s3 NIC Link is Up 1000 Mbps Full Duplex, Flow Control: RX
2026-07-16T16:35:33.549078-04:00 osboxes kernel: loop14: detected capacity change from 0 to 8
2026-07-16T16:35:34.084020-04:00 osboxes kernel: kauditd_printk_skb: 132 callbacks suppressed
2026-07-16T16:35:34.084040-04:00 osboxes kernel: audit: type=1400 audit(1784234134.080:144): apparmor="DENIED" operation="capable" class="cap" profile="/usr/sbin/cupsd" pid=1041 comm="cupsd" capability=12  capname="net_admin"
2026-07-16T16:35:46.251192-04:00 osboxes kernel: rfkill: input handler disabled
2026-07-16T16:37:38.477603-04:00 osboxes kernel: Linux version 6.8.0-31-generic (buildd@lcy02-amd64-080) (x86_64-linux-gnu-gcc-13 (Ubuntu 13.2.0-23ubuntu4) 13.2.0, GNU ld (GNU Binutils for Ubuntu) 2.42) #31-Ubuntu SMP PREEMPT_DYNAMIC Sat Apr 20 00:40:06 UTC 2024 (Ubuntu 6.8.0-31.31-generic 6.8.1)
2026-07-16T16:37:38.525317-04:00 osboxes kernel: Command line: BOOT_IMAGE=/boot/vmlinuz-6.8.0-31-generic root=UUID=877292f0-69dd-4735-bca5-47131956fcc0 ro quiet splash
2026-07-16T16:37:38.525385-04:00 osboxes kernel: KERNEL supported cpus:
2026-07-16T16:37:38.525386-04:00 osboxes kernel:   Intel GenuineIntel
2026-07-16T16:37:38.525387-04:00 osboxes kernel:   AMD AuthenticAMD
2026-07-16T16:37:38.525387-04:00 osboxes kernel:   Hygon HygonGenuine
2026-07-16T16:37:38.525387-04:00 osboxes kernel:   Centaur CentaurHauls
2026-07-16T16:37:38.525409-04:00 osboxes kernel:   zhaoxin   Shanghai  
2026-07-16T16:37:38.525411-04:00 osboxes kernel: [Firmware Bug]: TSC doesn't count with P0 frequency!
2026-07-16T16:37:38.525411-04:00 osboxes kernel: ------------[ cut here ]------------
2026-07-16T16:37:38.525412-04:00 osboxes kernel: Family 0x1a, model: 0x60??
2026-07-16T16:37:38.525412-04:00 osboxes kernel: WARNING: CPU: 0 PID: 0 at arch/x86/kernel/cpu/amd.c:593 bsp_init_amd+0x369/0x3e0
2026-07-16T16:37:38.525412-04:00 osboxes kernel: Modules linked in:
2026-07-16T16:37:38.525434-04:00 osboxes kernel: CPU: 0 PID: 0 Comm: swapper Not tainted 6.8.0-31-generic #31-Ubuntu
2026-07-16T16:37:38.525436-04:00 osboxes kernel: RIP: 0010:bsp_init_amd+0x369/0x3e0
2026-07-16T16:37:38.525436-04:00 osboxes kernel: Code: 0f 87 4f e5 12 01 41 83 e4 01 0f 85 79 fd ff ff 0f b6 53 02 0f b6 33 48 c7 c7 d6 20 1d b9 c6 05 62 a6 77 02 01 e8 47 17 08 00 <0f> 0b e9 58 fd ff ff 83 e8 70 3c 0f 77 bc e9 e0 fe ff ff 83 e8 60
2026-07-16T16:37:38.525436-04:00 osboxes kernel: RSP: 0000:ffffffffb9a03e28 EFLAGS: 00010046 ORIG_RAX: 0000000000000000
2026-07-16T16:37:38.525437-04:00 osboxes kernel: RAX: 0000000000000000 RBX: ffffffffb9e44f80 RCX: 0000000000000000
2026-07-16T16:37:38.525437-04:00 osboxes kernel: RDX: 0000000000000000 RSI: 0000000000000000 RDI: 0000000000000000
2026-07-16T16:37:38.525437-04:00 osboxes kernel: RBP: ffffffffb9a03e50 R08: 0000000000000000 R09: 0000000000000000
2026-07-16T16:37:38.525459-04:00 osboxes kernel: R10: 0000000000000000 R11: 0000000000000000 R12: 0000000000000000
2026-07-16T16:37:38.525461-04:00 osboxes kernel: R13: 0000000000000004 R14: 0000000039f9e000 R15: 000000000008a000
2026-07-16T16:37:38.525461-04:00 osboxes kernel: FS:  0000000000000000(0000) GS:ffffffffb9e77000(0000) knlGS:0000000000000000
2026-07-16T16:37:38.525461-04:00 osboxes kernel: CS:  0010 DS: 0000 ES: 0000 CR0: 0000000080050033
2026-07-16T16:37:38.525461-04:00 osboxes kernel: CR2: ffff88800008a000 CR3: 000000001bf9e000 CR4: 00000000000000b0
2026-07-16T16:37:38.525462-04:00 osboxes kernel: Call Trace:
2026-07-16T16:37:38.525483-04:00 osboxes kernel:  <TASK>
2026-07-16T16:37:38.525485-04:00 osboxes kernel:  ? show_regs+0x6d/0x80
2026-07-16T16:37:38.525486-04:00 osboxes kernel:  ? __warn+0x89/0x160
2026-07-16T16:37:38.525486-04:00 osboxes kernel:  ? bsp_init_amd+0x369/0x3e0
2026-07-16T16:37:38.525486-04:00 osboxes kernel:  ? report_bug+0x17e/0x1b0
2026-07-16T16:37:38.525486-04:00 osboxes kernel:  ? fixup_exception+0x27/0x390
2026-07-16T16:37:38.525508-04:00 osboxes kernel:  ? early_fixup_exception+0x9b/0xf0
2026-07-16T16:37:38.525510-04:00 osboxes kernel:  ? do_early_exception+0x25/0x80
2026-07-16T16:37:38.525510-04:00 osboxes kernel:  ? early_idt_handler_common+0x2f/0x3a
2026-07-16T16:37:38.525510-04:00 osboxes kernel:  ? bsp_init_amd+0x369/0x3e0
2026-07-16T16:37:38.525511-04:00 osboxes kernel:  ? bsp_init_amd+0x369/0x3e0
2026-07-16T16:37:38.525513-04:00 osboxes kernel:  early_identify_cpu.constprop.0+0xb0/0x110
2026-07-16T16:37:38.525513-04:00 osboxes kernel:  early_cpu_init+0xa3/0xd0
2026-07-16T16:37:38.525536-04:00 osboxes kernel:  setup_arch+0x55/0xbf0
2026-07-16T16:37:38.525538-04:00 osboxes kernel:  ? lockdown_lsm_init+0x21/0x30
2026-07-16T16:37:38.525538-04:00 osboxes kernel:  start_kernel+0x64/0x450
2026-07-16T16:37:38.525539-04:00 osboxes kernel:  x86_64_start_reservations+0x18/0x30
2026-07-16T16:37:38.525539-04:00 osboxes kernel:  x86_64_start_kernel+0xbf/0x110
2026-07-16T16:37:38.525539-04:00 osboxes kernel:  secondary_startup_64_no_verify+0x184/0x18b
2026-07-16T16:37:38.525561-04:00 osboxes kernel:  </TASK>
2026-07-16T16:37:38.525563-04:00 osboxes kernel: ---[ end trace 0000000000000000 ]---
2026-07-16T16:37:38.525563-04:00 osboxes kernel: BIOS-provided physical RAM map:
2026-07-16T16:37:38.525563-04:00 osboxes kernel: BIOS-e820: [mem 0x0000000000000000-0x000000000009fbff] usable
2026-07-16T16:37:38.525563-04:00 osboxes kernel: BIOS-e820: [mem 0x000000000009fc00-0x000000000009ffff] reserved
2026-07-16T16:37:38.525564-04:00 osboxes kernel: BIOS-e820: [mem 0x00000000000f0000-0x00000000000fffff] reserved
2026-07-16T16:37:38.525590-04:00 osboxes kernel: BIOS-e820: [mem 0x0000000000100000-0x000000007ffeffff] usable
2026-07-16T16:37:38.525592-04:00 osboxes kernel: BIOS-e820: [mem 0x000000007fff0000-0x000000007fffffff] ACPI data
2026-07-16T16:37:38.525592-04:00 osboxes kernel: BIOS-e820: [mem 0x00000000fec00000-0x00000000fec00fff] reserved
2026-07-16T16:37:38.525592-04:00 osboxes kernel: BIOS-e820: [mem 0x00000000fee00000-0x00000000fee00fff] reserved
2026-07-16T16:37:38.525592-04:00 osboxes kernel: BIOS-e820: [mem 0x00000000fffc0000-0x00000000ffffffff] reserved
2026-07-16T16:37:38.525592-04:00 osboxes kernel: NX (Execute Disable) protection: active
2026-07-16T16:37:38.525593-04:00 osboxes kernel: APIC: Static calls initialized
2026-07-16T16:37:38.525614-04:00 osboxes kernel: SMBIOS 2.5 present.
2026-07-16T16:37:38.525616-04:00 osboxes kernel: DMI: innotek GmbH VirtualBox/VirtualBox, BIOS VirtualBox 12/01/2006
2026-07-16T16:37:38.525617-04:00 osboxes kernel: Hypervisor detected: KVM
2026-07-16T16:37:38.525617-04:00 osboxes kernel: kvm-clock: Using msrs 4b564d01 and 4b564d00
2026-07-16T16:37:38.525617-04:00 osboxes kernel: kvm-clock: using sched offset of 7430802982 cycles
2026-07-16T16:37:38.525617-04:00 osboxes kernel: clocksource: kvm-clock: mask: 0xffffffffffffffff max_cycles: 0x1cd42e4dffb, max_idle_ns: 881590591483 ns
2026-07-16T16:37:38.525639-04:00 osboxes kernel: tsc: Detected 1996.202 MHz processor
2026-07-16T16:37:38.525641-04:00 osboxes kernel: e820: update [mem 0x00000000-0x00000fff] usable ==> reserved
2026-07-16T16:37:38.525641-04:00 osboxes kernel: e820: remove [mem 0x000a0000-0x000fffff] usable
2026-07-16T16:37:38.525641-04:00 osboxes kernel: last_pfn = 0x7fff0 max_arch_pfn = 0x400000000
2026-07-16T16:37:38.525642-04:00 osboxes kernel: MTRR map: 3 entries (3 fixed + 0 variable; max 19), built from 8 variable MTRRs
2026-07-16T16:37:38.525642-04:00 osboxes kernel: x86/PAT: Configuration [0-7]: WB  WC  UC- UC  WB  WP  UC- WT  
2026-07-16T16:37:38.525664-04:00 osboxes kernel: CPU MTRRs all blank - virtualized system.
2026-07-16T16:37:38.525666-04:00 osboxes kernel: found SMP MP-table at [mem 0x0009fbf0-0x0009fbff]
2026-07-16T16:37:38.525666-04:00 osboxes kernel: RAMDISK: [mem 0x302ab000-0x3414cfff]
2026-07-16T16:37:38.525666-04:00 osboxes kernel: ACPI: Early table checksum verification disabled
2026-07-16T16:37:38.525666-04:00 osboxes kernel: ACPI: RSDP 0x00000000000E0000 000024 (v02 VBOX  )
2026-07-16T16:37:38.525666-04:00 osboxes kernel: ACPI: XSDT 0x000000007FFF0030 00003C (v01 VBOX   VBOXXSDT 00000001 ASL  00000061)
2026-07-16T16:37:38.525666-04:00 osboxes kernel: ACPI: FACP 0x000000007FFF00F0 0000F4 (v04 VBOX   VBOXFACP 00000001 ASL  00000061)
2026-07-16T16:37:38.525688-04:00 osboxes kernel: ACPI: DSDT 0x000000007FFF02E0 002353 (v02 VBOX   VBOXBIOS 00000002 VBOX 0002A853)
2026-07-16T16:37:38.525690-04:00 osboxes kernel: ACPI: FACS 0x000000007FFF0200 000040
2026-07-16T16:37:38.525690-04:00 osboxes kernel: ACPI: FACS 0x000000007FFF0200 000040
2026-07-16T16:37:38.525691-04:00 osboxes kernel: ACPI: APIC 0x000000007FFF0240 000054 (v02 VBOX   VBOXAPIC 00000001 ASL  00000061)
2026-07-16T16:37:38.525692-04:00 osboxes kernel: ACPI: SSDT 0x000000007FFF02A0 000038 (v01 VBOX   VBOXCPUT 00000002 VBOX 0002A853)
2026-07-16T16:37:38.525692-04:00 osboxes kernel: ACPI: Reserving FACP table memory at [mem 0x7fff00f0-0x7fff01e3]
2026-07-16T16:37:38.525714-04:00 osboxes kernel: ACPI: Reserving DSDT table memory at [mem 0x7fff02e0-0x7fff2632]
2026-07-16T16:37:38.525716-04:00 osboxes kernel: ACPI: Reserving FACS table memory at [mem 0x7fff0200-0x7fff023f]
2026-07-16T16:37:38.525717-04:00 osboxes kernel: ACPI: Reserving FACS table memory at [mem 0x7fff0200-0x7fff023f]
2026-07-16T16:37:38.525718-04:00 osboxes kernel: ACPI: Reserving APIC table memory at [mem 0x7fff0240-0x7fff0293]
2026-07-16T16:37:38.525718-04:00 osboxes kernel: ACPI: Reserving SSDT table memory at [mem 0x7fff02a0-0x7fff02d7]
2026-07-16T16:37:38.525718-04:00 osboxes kernel: No NUMA configuration found
2026-07-16T16:37:38.525740-04:00 osboxes kernel: Faking a node at [mem 0x0000000000000000-0x000000007ffeffff]
2026-07-16T16:37:38.525742-04:00 osboxes kernel: NODE_DATA(0) allocated [mem 0x7ffc5000-0x7ffeffff]
2026-07-16T16:37:38.525742-04:00 osboxes kernel: Zone ranges:
2026-07-16T16:37:38.525742-04:00 osboxes kernel:   DMA      [mem 0x0000000000001000-0x0000000000ffffff]
2026-07-16T16:37:38.525742-04:00 osboxes kernel:   DMA32    [mem 0x0000000001000000-0x000000007ffeffff]
2026-07-16T16:37:38.525743-04:00 osboxes kernel:   Normal   empty
2026-07-16T16:37:38.525743-04:00 osboxes kernel:   Device   empty
2026-07-16T16:37:38.525765-04:00 osboxes kernel: Movable zone start for each node
2026-07-16T16:37:38.525766-04:00 osboxes kernel: Early memory node ranges
2026-07-16T16:37:38.525767-04:00 osboxes kernel:   node   0: [mem 0x0000000000001000-0x000000000009efff]
2026-07-16T16:37:38.525767-04:00 osboxes kernel:   node   0: [mem 0x0000000000100000-0x000000007ffeffff]
2026-07-16T16:37:38.525767-04:00 osboxes kernel: Initmem setup node 0 [mem 0x0000000000001000-0x000000007ffeffff]
2026-07-16T16:37:38.525767-04:00 osboxes kernel: On node 0, zone DMA: 1 pages in unavailable ranges
2026-07-16T16:37:38.525789-04:00 osboxes kernel: On node 0, zone DMA: 97 pages in unavailable ranges
2026-07-16T16:37:38.525791-04:00 osboxes kernel: On node 0, zone DMA32: 16 pages in unavailable ranges
2026-07-16T16:37:38.525791-04:00 osboxes kernel: ACPI: PM-Timer IO Port: 0x4008
2026-07-16T16:37:38.525792-04:00 osboxes kernel: IOAPIC[0]: apic_id 1, version 32, address 0xfec00000, GSI 0-23
2026-07-16T16:37:38.525792-04:00 osboxes kernel: ACPI: INT_SRC_OVR (bus 0 bus_irq 0 global_irq 2 dfl dfl)
2026-07-16T16:37:38.525792-04:00 osboxes kernel: ACPI: INT_SRC_OVR (bus 0 bus_irq 9 global_irq 9 low level)
2026-07-16T16:37:38.525814-04:00 osboxes kernel: ACPI: Using ACPI (MADT) for SMP configuration information
2026-07-16T16:37:38.525816-04:00 osboxes kernel: smpboot: Allowing 1 CPUs, 0 hotplug CPUs
2026-07-16T16:37:38.525816-04:00 osboxes kernel: PM: hibernation: Registered nosave memory: [mem 0x00000000-0x00000fff]
2026-07-16T16:37:38.525816-04:00 osboxes kernel: PM: hibernation: Registered nosave memory: [mem 0x0009f000-0x0009ffff]
2026-07-16T16:37:38.525816-04:00 osboxes kernel: PM: hibernation: Registered nosave memory: [mem 0x000a0000-0x000effff]
2026-07-16T16:37:38.525816-04:00 osboxes kernel: PM: hibernation: Registered nosave memory: [mem 0x000f0000-0x000fffff]
2026-07-16T16:37:38.525817-04:00 osboxes kernel: [mem 0x80000000-0xfebfffff] available for PCI devices
2026-07-16T16:37:38.525838-04:00 osboxes kernel: Booting paravirtualized kernel on KVM
2026-07-16T16:37:38.525864-04:00 osboxes kernel: clocksource: refined-jiffies: mask: 0xffffffff max_cycles: 0xffffffff, max_idle_ns: 1910969940391419 ns
2026-07-16T16:37:38.525865-04:00 osboxes kernel: setup_percpu: NR_CPUS:8192 nr_cpumask_bits:1 nr_cpu_ids:1 nr_node_ids:1
2026-07-16T16:37:38.525865-04:00 osboxes kernel: percpu: Embedded 86 pages/cpu s229376 r8192 d114688 u2097152
2026-07-16T16:37:38.525865-04:00 osboxes kernel: pcpu-alloc: s229376 r8192 d114688 u2097152 alloc=1*2097152
2026-07-16T16:37:38.525865-04:00 osboxes kernel: pcpu-alloc: [0] 0 
2026-07-16T16:37:38.525887-04:00 osboxes kernel: kvm-guest: PV spinlocks disabled, single CPU
2026-07-16T16:37:38.525889-04:00 osboxes kernel: Kernel command line: BOOT_IMAGE=/boot/vmlinuz-6.8.0-31-generic root=UUID=877292f0-69dd-4735-bca5-47131956fcc0 ro quiet splash
2026-07-16T16:37:38.525890-04:00 osboxes kernel: Unknown kernel command line parameters "splash BOOT_IMAGE=/boot/vmlinuz-6.8.0-31-generic", will be passed to user space.
2026-07-16T16:37:38.525890-04:00 osboxes kernel: random: crng init done
2026-07-16T16:37:38.525890-04:00 osboxes kernel: Dentry cache hash table entries: 262144 (order: 9, 2097152 bytes, linear)
2026-07-16T16:37:38.525890-04:00 osboxes kernel: Inode-cache hash table entries: 131072 (order: 8, 1048576 bytes, linear)
2026-07-16T16:37:38.525912-04:00 osboxes kernel: Fallback order for Node 0: 0 
2026-07-16T16:37:38.525914-04:00 osboxes kernel: Built 1 zonelists, mobility grouping on.  Total pages: 515824
2026-07-16T16:37:38.525914-04:00 osboxes kernel: Policy zone: DMA32
2026-07-16T16:37:38.525914-04:00 osboxes kernel: mem auto-init: stack:all(zero), heap alloc:on, heap free:off
2026-07-16T16:37:38.525915-04:00 osboxes kernel: Memory: 1943988K/2096696K available (22528K kernel code, 4438K rwdata, 14288K rodata, 4976K init, 4736K bss, 152448K reserved, 0K cma-reserved)
2026-07-16T16:37:38.525915-04:00 osboxes kernel: SLUB: HWalign=64, Order=0-3, MinObjects=0, CPUs=1, Nodes=1
2026-07-16T16:37:38.525938-04:00 osboxes kernel: ftrace: allocating 57796 entries in 226 pages
2026-07-16T16:37:38.525940-04:00 osboxes kernel: ftrace: allocated 226 pages with 4 groups
2026-07-16T16:37:38.525940-04:00 osboxes kernel: Dynamic Preempt: voluntary
2026-07-16T16:37:38.525940-04:00 osboxes kernel: rcu: Preemptible hierarchical RCU implementation.
2026-07-16T16:37:38.525940-04:00 osboxes kernel: rcu: 	RCU restricting CPUs from NR_CPUS=8192 to nr_cpu_ids=1.
2026-07-16T16:37:38.525940-04:00 osboxes kernel: 	Trampoline variant of Tasks RCU enabled.
2026-07-16T16:37:38.525962-04:00 osboxes kernel: 	Rude variant of Tasks RCU enabled.
2026-07-16T16:37:38.525964-04:00 osboxes kernel: 	Tracing variant of Tasks RCU enabled.
2026-07-16T16:37:38.525964-04:00 osboxes kernel: rcu: RCU calculated value of scheduler-enlistment delay is 100 jiffies.
2026-07-16T16:37:38.525964-04:00 osboxes kernel: rcu: Adjusting geometry for rcu_fanout_leaf=16, nr_cpu_ids=1
2026-07-16T16:37:38.525965-04:00 osboxes kernel: NR_IRQS: 524544, nr_irqs: 256, preallocated irqs: 16
2026-07-16T16:37:38.525965-04:00 osboxes kernel: rcu: srcu_init: Setting srcu_struct sizes based on contention.
2026-07-16T16:37:38.525965-04:00 osboxes kernel: Console: colour VGA+ 80x25
2026-07-16T16:37:38.525987-04:00 osboxes kernel: printk: legacy console [tty0] enabled
2026-07-16T16:37:38.525989-04:00 osboxes kernel: ACPI: Core revision 20230628
2026-07-16T16:37:38.525989-04:00 osboxes kernel: APIC: Switch to symmetric I/O mode setup
2026-07-16T16:37:38.525989-04:00 osboxes kernel: ..TIMER: vector=0x30 apic1=0 pin1=2 apic2=-1 pin2=-1
2026-07-16T16:37:38.525989-04:00 osboxes kernel: clocksource: tsc-early: mask: 0xffffffffffffffff max_cycles: 0x398c54e8bdf, max_idle_ns: 881590506184 ns
2026-07-16T16:37:38.525990-04:00 osboxes kernel: Calibrating delay loop (skipped) preset value.. 3992.40 BogoMIPS (lpj=1996202)
2026-07-16T16:37:38.526015-04:00 osboxes kernel: CPU0: Hyper-Threading is disabled
2026-07-16T16:37:38.526017-04:00 osboxes kernel: Last level iTLB entries: 4KB 64, 2MB 64, 4MB 32
2026-07-16T16:37:38.526017-04:00 osboxes kernel: Last level dTLB entries: 4KB 128, 2MB 128, 4MB 64, 1GB 0
2026-07-16T16:37:38.526018-04:00 osboxes kernel: Spectre V1 : Mitigation: usercopy/swapgs barriers and __user pointer sanitization
2026-07-16T16:37:38.526018-04:00 osboxes kernel: Spectre V2 : Mitigation: Retpolines
2026-07-16T16:37:38.526018-04:00 osboxes kernel: Spectre V2 : Spectre v2 / SpectreRSB mitigation: Filling RSB on context switch
2026-07-16T16:37:38.526040-04:00 osboxes kernel: Spectre V2 : Spectre v2 / SpectreRSB : Filling RSB on VMEXIT
2026-07-16T16:37:38.526042-04:00 osboxes kernel: x86/fpu: Supporting XSAVE feature 0x001: 'x87 floating point registers'
2026-07-16T16:37:38.526042-04:00 osboxes kernel: x86/fpu: Supporting XSAVE feature 0x002: 'SSE registers'
2026-07-16T16:37:38.526042-04:00 osboxes kernel: x86/fpu: Supporting XSAVE feature 0x004: 'AVX registers'
2026-07-16T16:37:38.526043-04:00 osboxes kernel: x86/fpu: xstate_offset[2]:  576, xstate_sizes[2]:  256
2026-07-16T16:37:38.526043-04:00 osboxes kernel: x86/fpu: Enabled xstate features 0x7, context size is 832 bytes, using 'standard' format.
2026-07-16T16:37:38.526043-04:00 osboxes kernel: Freeing SMP alternatives memory: 48K
2026-07-16T16:37:38.526065-04:00 osboxes kernel: pid_max: default: 32768 minimum: 301
2026-07-16T16:37:38.526067-04:00 osboxes kernel: LSM: initializing lsm=lockdown,capability,landlock,yama,apparmor,integrity
2026-07-16T16:37:38.526067-04:00 osboxes kernel: landlock: Up and running.
2026-07-16T16:37:38.526067-04:00 osboxes kernel: Yama: becoming mindful.
2026-07-16T16:37:38.526067-04:00 osboxes kernel: AppArmor: AppArmor initialized
2026-07-16T16:37:38.526067-04:00 osboxes kernel: Mount-cache hash table entries: 4096 (order: 3, 32768 bytes, linear)
2026-07-16T16:37:38.526089-04:00 osboxes kernel: Mountpoint-cache hash table entries: 4096 (order: 3, 32768 bytes, linear)
2026-07-16T16:37:38.526091-04:00 osboxes kernel: APIC calibration not consistent with PM-Timer: 113ms instead of 100ms
2026-07-16T16:37:38.526091-04:00 osboxes kernel: APIC delta adjusted to PM-Timer: 6300796 (7123913)
2026-07-16T16:37:38.526092-04:00 osboxes kernel: smpboot: CPU0: AMD Ryzen AI 7 350 w/ Radeon 860M (family: 0x1a, model: 0x60, stepping: 0x0)
2026-07-16T16:37:38.526092-04:00 osboxes kernel: RCU Tasks: Setting shift to 0 and lim to 1 rcu_task_cb_adjust=1.
2026-07-16T16:37:38.526092-04:00 osboxes kernel: RCU Tasks Rude: Setting shift to 0 and lim to 1 rcu_task_cb_adjust=1.
2026-07-16T16:37:38.526092-04:00 osboxes kernel: RCU Tasks Trace: Setting shift to 0 and lim to 1 rcu_task_cb_adjust=1.
2026-07-16T16:37:38.526114-04:00 osboxes kernel: Performance Events: PMU not available due to virtualization, using software events only.
2026-07-16T16:37:38.526116-04:00 osboxes kernel: signal: max sigframe size: 1776
2026-07-16T16:37:38.526116-04:00 osboxes kernel: rcu: Hierarchical SRCU implementation.
2026-07-16T16:37:38.526116-04:00 osboxes kernel: rcu: 	Max phase no-delay instances is 400.
2026-07-16T16:37:38.526117-04:00 osboxes kernel: NMI watchdog: Perf NMI watchdog permanently disabled
2026-07-16T16:37:38.526117-04:00 osboxes kernel: smp: Bringing up secondary CPUs ...
2026-07-16T16:37:38.526138-04:00 osboxes kernel: smp: Brought up 1 node, 1 CPU
2026-07-16T16:37:38.526140-04:00 osboxes kernel: smpboot: Max logical packages: 1
2026-07-16T16:37:38.526141-04:00 osboxes kernel: smpboot: Total of 1 processors activated (3992.40 BogoMIPS)
2026-07-16T16:37:38.526141-04:00 osboxes kernel: devtmpfs: initialized
2026-07-16T16:37:38.526141-04:00 osboxes kernel: x86/mm: Memory block size: 128MB
2026-07-16T16:37:38.526141-04:00 osboxes kernel: clocksource: jiffies: mask: 0xffffffff max_cycles: 0xffffffff, max_idle_ns: 1911260446275000 ns
2026-07-16T16:37:38.526163-04:00 osboxes kernel: futex hash table entries: 256 (order: 2, 16384 bytes, linear)
2026-07-16T16:37:38.526165-04:00 osboxes kernel: pinctrl core: initialized pinctrl subsystem
2026-07-16T16:37:38.526165-04:00 osboxes kernel: PM: RTC time: 20:37:29, date: 2026-07-16
2026-07-16T16:37:38.526165-04:00 osboxes kernel: NET: Registered PF_NETLINK/PF_ROUTE protocol family
2026-07-16T16:37:38.526165-04:00 osboxes kernel: DMA: preallocated 256 KiB GFP_KERNEL pool for atomic allocations
2026-07-16T16:37:38.526166-04:00 osboxes kernel: DMA: preallocated 256 KiB GFP_KERNEL|GFP_DMA pool for atomic allocations
2026-07-16T16:37:38.526166-04:00 osboxes kernel: DMA: preallocated 256 KiB GFP_KERNEL|GFP_DMA32 pool for atomic allocations
2026-07-16T16:37:38.526188-04:00 osboxes kernel: audit: initializing netlink subsys (disabled)
2026-07-16T16:37:38.526190-04:00 osboxes kernel: audit: type=2000 audit(1784234259.010:1): state=initialized audit_enabled=0 res=1
2026-07-16T16:37:38.526190-04:00 osboxes kernel: thermal_sys: Registered thermal governor 'fair_share'
2026-07-16T16:37:38.526190-04:00 osboxes kernel: thermal_sys: Registered thermal governor 'bang_bang'
2026-07-16T16:37:38.526190-04:00 osboxes kernel: thermal_sys: Registered thermal governor 'step_wise'
2026-07-16T16:37:38.526190-04:00 osboxes kernel: thermal_sys: Registered thermal governor 'user_space'
2026-07-16T16:37:38.526217-04:00 osboxes kernel: thermal_sys: Registered thermal governor 'power_allocator'
2026-07-16T16:37:38.526219-04:00 osboxes kernel: EISA bus registered
2026-07-16T16:37:38.526219-04:00 osboxes kernel: cpuidle: using governor ladder
2026-07-16T16:37:38.526219-04:00 osboxes kernel: cpuidle: using governor menu
2026-07-16T16:37:38.526219-04:00 osboxes kernel: acpiphp: ACPI Hot Plug PCI Controller Driver version: 0.5
2026-07-16T16:37:38.526219-04:00 osboxes kernel: PCI: Using configuration type 1 for base access
2026-07-16T16:37:38.526220-04:00 osboxes kernel: PCI: Using configuration type 1 for extended access
2026-07-16T16:37:38.526244-04:00 osboxes kernel: kprobes: kprobe jump-optimization is enabled. All kprobes are optimized if possible.
2026-07-16T16:37:38.526246-04:00 osboxes kernel: HugeTLB: registered 2.00 MiB page size, pre-allocated 0 pages
2026-07-16T16:37:38.526247-04:00 osboxes kernel: HugeTLB: 28 KiB vmemmap can be freed for a 2.00 MiB page
2026-07-16T16:37:38.526247-04:00 osboxes kernel: ACPI: Added _OSI(Module Device)
2026-07-16T16:37:38.526247-04:00 osboxes kernel: ACPI: Added _OSI(Processor Device)
2026-07-16T16:37:38.526247-04:00 osboxes kernel: ACPI: Added _OSI(3.0 _SCP Extensions)
2026-07-16T16:37:38.526272-04:00 osboxes kernel: ACPI: Added _OSI(Processor Aggregator Device)
2026-07-16T16:37:38.526274-04:00 osboxes kernel: ACPI: 2 ACPI AML tables successfully acquired and loaded
2026-07-16T16:37:38.526274-04:00 osboxes kernel: ACPI: _OSC evaluation for CPUs failed, trying _PDC
2026-07-16T16:37:38.526274-04:00 osboxes kernel: ACPI: Interpreter enabled
2026-07-16T16:37:38.526275-04:00 osboxes kernel: ACPI: PM: (supports S0 S5)
2026-07-16T16:37:38.526275-04:00 osboxes kernel: ACPI: Using IOAPIC for interrupt routing
2026-07-16T16:37:38.526300-04:00 osboxes kernel: PCI: Using host bridge windows from ACPI; if necessary, use "pci=nocrs" and report a bug
2026-07-16T16:37:38.526302-04:00 osboxes kernel: PCI: Using E820 reservations for host bridge windows
2026-07-16T16:37:38.526302-04:00 osboxes kernel: ACPI: Enabled 2 GPEs in block 00 to 07
2026-07-16T16:37:38.526302-04:00 osboxes kernel: ACPI: PCI Root Bridge [PCI0] (domain 0000 [bus 00-ff])
2026-07-16T16:37:38.526320-04:00 osboxes kernel: acpi PNP0A03:00: _OSC: OS supports [ExtendedConfig ASPM ClockPM Segments MSI EDR HPX-Type3]
2026-07-16T16:37:38.526320-04:00 osboxes kernel: acpi PNP0A03:00: _OSC: platform does not support [PCIeCapability LTR DPC]
2026-07-16T16:37:38.526321-04:00 osboxes kernel: acpi PNP0A03:00: _OSC: not requesting control; platform does not support [PCIeCapability]
2026-07-16T16:37:38.526346-04:00 osboxes kernel: acpi PNP0A03:00: _OSC: OS requested [PCIeHotplug SHPCHotplug PME AER PCIeCapability LTR DPC]
2026-07-16T16:37:38.526348-04:00 osboxes kernel: acpi PNP0A03:00: _OSC: platform willing to grant [PCIeHotplug SHPCHotplug PME AER]
2026-07-16T16:37:38.526349-04:00 osboxes kernel: acpi PNP0A03:00: _OSC: platform retains control of PCIe features (AE_SUPPORT)
2026-07-16T16:37:38.526349-04:00 osboxes kernel: PCI host bridge to bus 0000:00
2026-07-16T16:37:38.526349-04:00 osboxes kernel: pci_bus 0000:00: root bus resource [io  0x0000-0x0cf7 window]
2026-07-16T16:37:38.526349-04:00 osboxes kernel: pci_bus 0000:00: root bus resource [io  0x0d00-0xffff window]
2026-07-16T16:37:38.526374-04:00 osboxes kernel: pci_bus 0000:00: root bus resource [mem 0x000a0000-0x000bffff window]
2026-07-16T16:37:38.526376-04:00 osboxes kernel: pci_bus 0000:00: root bus resource [mem 0x80000000-0xfdffffff window]
2026-07-16T16:37:38.526376-04:00 osboxes kernel: pci_bus 0000:00: root bus resource [bus 00-ff]
2026-07-16T16:37:38.526377-04:00 osboxes kernel: pci 0000:00:00.0: [8086:1237] type 00 class 0x060000 conventional PCI endpoint
2026-07-16T16:37:38.526377-04:00 osboxes kernel: pci 0000:00:01.0: [8086:7000] type 00 class 0x060100 conventional PCI endpoint
2026-07-16T16:37:38.526377-04:00 osboxes kernel: pci 0000:00:01.1: [8086:7111] type 00 class 0x01018a conventional PCI endpoint
2026-07-16T16:37:38.526377-04:00 osboxes kernel: pci 0000:00:01.1: BAR 4 [io  0xd000-0xd00f]
2026-07-16T16:37:38.526408-04:00 osboxes kernel: pci 0000:00:01.1: BAR 0 [io  0x01f0-0x01f7]: legacy IDE quirk
2026-07-16T16:37:38.526410-04:00 osboxes kernel: pci 0000:00:01.1: BAR 1 [io  0x03f6]: legacy IDE quirk
2026-07-16T16:37:38.526410-04:00 osboxes kernel: pci 0000:00:01.1: BAR 2 [io  0x0170-0x0177]: legacy IDE quirk
2026-07-16T16:37:38.526410-04:00 osboxes kernel: pci 0000:00:01.1: BAR 3 [io  0x0376]: legacy IDE quirk
2026-07-16T16:37:38.526410-04:00 osboxes kernel: pci 0000:00:02.0: [15ad:0405] type 00 class 0x030000 conventional PCI endpoint
2026-07-16T16:37:38.526411-04:00 osboxes kernel: pci 0000:00:02.0: BAR 0 [io  0xd010-0xd01f]
2026-07-16T16:37:38.526436-04:00 osboxes kernel: pci 0000:00:02.0: BAR 1 [mem 0xe0000000-0xe0ffffff pref]
2026-07-16T16:37:38.526438-04:00 osboxes kernel: pci 0000:00:02.0: BAR 2 [mem 0xf0000000-0xf01fffff]
2026-07-16T16:37:38.526438-04:00 osboxes kernel: pci 0000:00:02.0: Video device with shadowed ROM at [mem 0x000c0000-0x000dffff]
2026-07-16T16:37:38.526438-04:00 osboxes kernel: pci 0000:00:03.0: [8086:100e] type 00 class 0x020000 conventional PCI endpoint
2026-07-16T16:37:38.526438-04:00 osboxes kernel: pci 0000:00:03.0: BAR 0 [mem 0xf0200000-0xf021ffff]
2026-07-16T16:37:38.526438-04:00 osboxes kernel: pci 0000:00:03.0: BAR 2 [io  0xd020-0xd027]
2026-07-16T16:37:38.526467-04:00 osboxes kernel: pci 0000:00:04.0: [80ee:cafe] type 00 class 0x088000 conventional PCI endpoint
2026-07-16T16:37:38.526469-04:00 osboxes kernel: pci 0000:00:04.0: BAR 0 [io  0xd040-0xd05f]
2026-07-16T16:37:38.526470-04:00 osboxes kernel: pci 0000:00:04.0: BAR 1 [mem 0xf0400000-0xf07fffff]
2026-07-16T16:37:38.526470-04:00 osboxes kernel: pci 0000:00:04.0: BAR 2 [mem 0xf0800000-0xf0803fff pref]
2026-07-16T16:37:38.526470-04:00 osboxes kernel: pci 0000:00:05.0: [8086:2415] type 00 class 0x040100 conventional PCI endpoint
2026-07-16T16:37:38.526470-04:00 osboxes kernel: pci 0000:00:05.0: BAR 0 [io  0xd100-0xd1ff]
2026-07-16T16:37:38.526470-04:00 osboxes kernel: pci 0000:00:05.0: BAR 1 [io  0xd200-0xd23f]
2026-07-16T16:37:38.526495-04:00 osboxes kernel: pci 0000:00:06.0: [106b:003f] type 00 class 0x0c0310 conventional PCI endpoint
2026-07-16T16:37:38.526497-04:00 osboxes kernel: pci 0000:00:06.0: BAR 0 [mem 0xf0804000-0xf0804fff]
2026-07-16T16:37:38.526498-04:00 osboxes kernel: pci 0000:00:07.0: [8086:7113] type 00 class 0x068000 conventional PCI endpoint
2026-07-16T16:37:38.526498-04:00 osboxes kernel: pci 0000:00:07.0: quirk: [io  0x4000-0x403f] claimed by PIIX4 ACPI
2026-07-16T16:37:38.526498-04:00 osboxes kernel: pci 0000:00:07.0: quirk: [io  0x4100-0x410f] claimed by PIIX4 SMB
2026-07-16T16:37:38.526498-04:00 osboxes kernel: pci 0000:00:0b.0: [8086:265c] type 00 class 0x0c0320 conventional PCI endpoint
2026-07-16T16:37:38.526523-04:00 osboxes kernel: pci 0000:00:0b.0: BAR 0 [mem 0xf0805000-0xf0805fff]
2026-07-16T16:37:38.526525-04:00 osboxes kernel: pci 0000:00:0d.0: [8086:2829] type 00 class 0x010601 conventional PCI endpoint
2026-07-16T16:37:38.526525-04:00 osboxes kernel: pci 0000:00:0d.0: BAR 0 [io  0xd240-0xd247]
2026-07-16T16:37:38.526548-04:00 osboxes kernel: pci 0000:00:0d.0: BAR 1 [io  0xd248-0xd24b]
2026-07-16T16:37:38.526550-04:00 osboxes kernel: pci 0000:00:0d.0: BAR 2 [io  0xd250-0xd257]
2026-07-16T16:37:38.526550-04:00 osboxes kernel: pci 0000:00:0d.0: BAR 3 [io  0xd258-0xd25b]
2026-07-16T16:37:38.526550-04:00 osboxes kernel: pci 0000:00:0d.0: BAR 4 [io  0xd260-0xd26f]
2026-07-16T16:37:38.526575-04:00 osboxes kernel: pci 0000:00:0d.0: BAR 5 [mem 0xf0806000-0xf0807fff]
2026-07-16T16:37:38.526577-04:00 osboxes kernel: ACPI: PCI: Interrupt link LNKA configured for IRQ 11
2026-07-16T16:37:38.526577-04:00 osboxes kernel: ACPI: PCI: Interrupt link LNKB configured for IRQ 10
2026-07-16T16:37:38.526577-04:00 osboxes kernel: ACPI: PCI: Interrupt link LNKC configured for IRQ 9
2026-07-16T16:37:38.526577-04:00 osboxes kernel: ACPI: PCI: Interrupt link LNKD configured for IRQ 11
2026-07-16T16:37:38.526578-04:00 osboxes kernel: iommu: Default domain type: Translated
2026-07-16T16:37:38.526602-04:00 osboxes kernel: iommu: DMA domain TLB invalidation policy: lazy mode
2026-07-16T16:37:38.526604-04:00 osboxes kernel: SCSI subsystem initialized
2026-07-16T16:37:38.526605-04:00 osboxes kernel: libata version 3.00 loaded.
2026-07-16T16:37:38.526605-04:00 osboxes kernel: ACPI: bus type USB registered
2026-07-16T16:37:38.526605-04:00 osboxes kernel: usbcore: registered new interface driver usbfs
2026-07-16T16:37:38.526605-04:00 osboxes kernel: usbcore: registered new interface driver hub
2026-07-16T16:37:38.526630-04:00 osboxes kernel: usbcore: registered new device driver usb
2026-07-16T16:37:38.526632-04:00 osboxes kernel: pps_core: LinuxPPS API ver. 1 registered
2026-07-16T16:37:38.526632-04:00 osboxes kernel: pps_core: Software ver. 5.3.6 - Copyright 2005-2007 Rodolfo Giometti <giometti@linux.it>
2026-07-16T16:37:38.526632-04:00 osboxes kernel: PTP clock support registered
2026-07-16T16:37:38.526633-04:00 osboxes kernel: EDAC MC: Ver: 3.0.0
2026-07-16T16:37:38.526633-04:00 osboxes kernel: NetLabel: Initializing
2026-07-16T16:37:38.526633-04:00 osboxes kernel: NetLabel:  domain hash size = 128
2026-07-16T16:37:38.526658-04:00 osboxes kernel: NetLabel:  protocols = UNLABELED CIPSOv4 CALIPSO
2026-07-16T16:37:38.526660-04:00 osboxes kernel: NetLabel:  unlabeled traffic allowed by default
2026-07-16T16:37:38.526660-04:00 osboxes kernel: mctp: management component transport protocol core
2026-07-16T16:37:38.526660-04:00 osboxes kernel: NET: Registered PF_MCTP protocol family
2026-07-16T16:37:38.526660-04:00 osboxes kernel: PCI: Using ACPI for IRQ routing
2026-07-16T16:37:38.526660-04:00 osboxes kernel: PCI: pci_cache_line_size set to 64 bytes
2026-07-16T16:37:38.526685-04:00 osboxes kernel: e820: reserve RAM buffer [mem 0x0009fc00-0x0009ffff]
2026-07-16T16:37:38.526687-04:00 osboxes kernel: e820: reserve RAM buffer [mem 0x7fff0000-0x7fffffff]
2026-07-16T16:37:38.526688-04:00 osboxes kernel: pci 0000:00:02.0: vgaarb: setting as boot VGA device
2026-07-16T16:37:38.526688-04:00 osboxes kernel: pci 0000:00:02.0: vgaarb: bridge control possible
2026-07-16T16:37:38.526688-04:00 osboxes kernel: pci 0000:00:02.0: vgaarb: VGA device added: decodes=io+mem,owns=io+mem,locks=none
2026-07-16T16:37:38.526688-04:00 osboxes kernel: vgaarb: loaded
2026-07-16T16:37:38.526688-04:00 osboxes kernel: clocksource: Switched to clocksource kvm-clock
2026-07-16T16:37:38.526713-04:00 osboxes kernel: VFS: Disk quotas dquot_6.6.0
2026-07-16T16:37:38.526715-04:00 osboxes kernel: VFS: Dquot-cache hash table entries: 512 (order 0, 4096 bytes)
2026-07-16T16:37:38.526715-04:00 osboxes kernel: AppArmor: AppArmor Filesystem Enabled
2026-07-16T16:37:38.526716-04:00 osboxes kernel: pnp: PnP ACPI init
2026-07-16T16:37:38.526716-04:00 osboxes kernel: pnp: PnP ACPI: found 2 devices
2026-07-16T16:37:38.526716-04:00 osboxes kernel: clocksource: acpi_pm: mask: 0xffffff max_cycles: 0xffffff, max_idle_ns: 2085701024 ns
2026-07-16T16:37:38.526741-04:00 osboxes kernel: NET: Registered PF_INET protocol family
2026-07-16T16:37:38.526743-04:00 osboxes kernel: IP idents hash table entries: 32768 (order: 6, 262144 bytes, linear)
2026-07-16T16:37:38.526743-04:00 osboxes kernel: tcp_listen_portaddr_hash hash table entries: 1024 (order: 2, 16384 bytes, linear)
2026-07-16T16:37:38.526743-04:00 osboxes kernel: Table-perturb hash table entries: 65536 (order: 6, 262144 bytes, linear)
2026-07-16T16:37:38.526743-04:00 osboxes kernel: TCP established hash table entries: 16384 (order: 5, 131072 bytes, linear)
2026-07-16T16:37:38.526744-04:00 osboxes kernel: TCP bind hash table entries: 16384 (order: 7, 524288 bytes, linear)
2026-07-16T16:37:38.526769-04:00 osboxes kernel: TCP: Hash tables configured (established 16384 bind 16384)
2026-07-16T16:37:38.526771-04:00 osboxes kernel: MPTCP token hash table entries: 2048 (order: 3, 49152 bytes, linear)
2026-07-16T16:37:38.526772-04:00 osboxes kernel: UDP hash table entries: 1024 (order: 3, 32768 bytes, linear)
2026-07-16T16:37:38.526772-04:00 osboxes kernel: UDP-Lite hash table entries: 1024 (order: 3, 32768 bytes, linear)
2026-07-16T16:37:38.526772-04:00 osboxes kernel: NET: Registered PF_UNIX/PF_LOCAL protocol family
2026-07-16T16:37:38.526772-04:00 osboxes kernel: NET: Registered PF_XDP protocol family
2026-07-16T16:37:38.526772-04:00 osboxes kernel: pci_bus 0000:00: resource 4 [io  0x0000-0x0cf7 window]
2026-07-16T16:37:38.526797-04:00 osboxes kernel: pci_bus 0000:00: resource 5 [io  0x0d00-0xffff window]
2026-07-16T16:37:38.526799-04:00 osboxes kernel: pci_bus 0000:00: resource 6 [mem 0x000a0000-0x000bffff window]
2026-07-16T16:37:38.526799-04:00 osboxes kernel: pci_bus 0000:00: resource 7 [mem 0x80000000-0xfdffffff window]
2026-07-16T16:37:38.526800-04:00 osboxes kernel: pci 0000:00:00.0: Limiting direct PCI/PCI transfers
2026-07-16T16:37:38.526800-04:00 osboxes kernel: PCI: CLS 0 bytes, default 64
2026-07-16T16:37:38.526800-04:00 osboxes kernel: Trying to unpack rootfs image as initramfs...
2026-07-16T16:37:38.526825-04:00 osboxes kernel: clocksource: tsc: mask: 0xffffffffffffffff max_cycles: 0x398c54e8bdf, max_idle_ns: 881590506184 ns
2026-07-16T16:37:38.526827-04:00 osboxes kernel: clocksource: Switched to clocksource tsc
2026-07-16T16:37:38.526827-04:00 osboxes kernel: platform rtc_cmos: registered platform RTC device (no PNP device found)
2026-07-16T16:37:38.526827-04:00 osboxes kernel: Initialise system trusted keyrings
2026-07-16T16:37:38.526828-04:00 osboxes kernel: Key type blacklist registered
2026-07-16T16:37:38.526846-04:00 osboxes kernel: workingset: timestamp_bits=36 max_order=19 bucket_order=0
2026-07-16T16:37:38.526846-04:00 osboxes kernel: zbud: loaded
2026-07-16T16:37:38.526871-04:00 osboxes kernel: squashfs: version 4.0 (2009/01/31) Phillip Lougher
2026-07-16T16:37:38.526873-04:00 osboxes kernel: fuse: init (API version 7.39)
2026-07-16T16:37:38.526873-04:00 osboxes kernel: integrity: Platform Keyring initialized
2026-07-16T16:37:38.526873-04:00 osboxes kernel: integrity: Machine keyring initialized
2026-07-16T16:37:38.526874-04:00 osboxes kernel: Key type asymmetric registered
2026-07-16T16:37:38.526874-04:00 osboxes kernel: Asymmetric key parser 'x509' registered
2026-07-16T16:37:38.526899-04:00 osboxes kernel: Block layer SCSI generic (bsg) driver version 0.4 loaded (major 243)
2026-07-16T16:37:38.526901-04:00 osboxes kernel: io scheduler mq-deadline registered
2026-07-16T16:37:38.526901-04:00 osboxes kernel: shpchp: Standard Hot Plug PCI Controller Driver version: 0.4
2026-07-16T16:37:38.526901-04:00 osboxes kernel: ACPI: AC: AC Adapter [AC] (on-line)
2026-07-16T16:37:38.526901-04:00 osboxes kernel: input: Power Button as /devices/LNXSYSTM:00/LNXPWRBN:00/input/input0
2026-07-16T16:37:38.526901-04:00 osboxes kernel: ACPI: button: Power Button [PWRF]
2026-07-16T16:37:38.526931-04:00 osboxes kernel: input: Sleep Button as /devices/LNXSYSTM:00/LNXSLPBN:00/input/input1
2026-07-16T16:37:38.526933-04:00 osboxes kernel: ACPI: button: Sleep Button [SLPF]
2026-07-16T16:37:38.526933-04:00 osboxes kernel: Serial: 8250/16550 driver, 32 ports, IRQ sharing enabled
2026-07-16T16:37:38.526933-04:00 osboxes kernel: Linux agpgart interface v0.103
2026-07-16T16:37:38.526933-04:00 osboxes kernel: ACPI: battery: Slot [BAT0] (battery present)
2026-07-16T16:37:38.526933-04:00 osboxes kernel: loop: module loaded
2026-07-16T16:37:38.526934-04:00 osboxes kernel: ata_piix 0000:00:01.1: version 2.13
2026-07-16T16:37:38.526958-04:00 osboxes kernel: scsi host0: ata_piix
2026-07-16T16:37:38.526961-04:00 osboxes kernel: scsi host1: ata_piix
2026-07-16T16:37:38.526961-04:00 osboxes kernel: ata1: PATA max UDMA/33 cmd 0x1f0 ctl 0x3f6 bmdma 0xd000 irq 14 lpm-pol 0
2026-07-16T16:37:38.526961-04:00 osboxes kernel: ata2: PATA max UDMA/33 cmd 0x170 ctl 0x376 bmdma 0xd008 irq 15 lpm-pol 0
2026-07-16T16:37:38.526961-04:00 osboxes kernel: ACPI: bus type drm_connector registered
2026-07-16T16:37:38.526961-04:00 osboxes kernel: tun: Universal TUN/TAP device driver, 1.6
2026-07-16T16:37:38.526986-04:00 osboxes kernel: PPP generic driver version 2.4.2
2026-07-16T16:37:38.526988-04:00 osboxes kernel: ehci-pci 0000:00:0b.0: EHCI Host Controller
2026-07-16T16:37:38.526989-04:00 osboxes kernel: ehci-pci 0000:00:0b.0: new USB bus registered, assigned bus number 1
2026-07-16T16:37:38.526989-04:00 osboxes kernel: ehci-pci 0000:00:0b.0: irq 19, io mem 0xf0805000
2026-07-16T16:37:38.526989-04:00 osboxes kernel: ehci-pci 0000:00:0b.0: USB 2.0 started, EHCI 1.00
2026-07-16T16:37:38.526989-04:00 osboxes kernel: usb usb1: New USB device found, idVendor=1d6b, idProduct=0002, bcdDevice= 6.08
2026-07-16T16:37:38.526989-04:00 osboxes kernel: usb usb1: New USB device strings: Mfr=3, Product=2, SerialNumber=1
2026-07-16T16:37:38.527014-04:00 osboxes kernel: usb usb1: Product: EHCI Host Controller
2026-07-16T16:37:38.527016-04:00 osboxes kernel: usb usb1: Manufacturer: Linux 6.8.0-31-generic ehci_hcd
2026-07-16T16:37:38.527016-04:00 osboxes kernel: usb usb1: SerialNumber: 0000:00:0b.0
2026-07-16T16:37:38.527017-04:00 osboxes kernel: hub 1-0:1.0: USB hub found
2026-07-16T16:37:38.527017-04:00 osboxes kernel: hub 1-0:1.0: 12 ports detected
2026-07-16T16:37:38.527017-04:00 osboxes kernel: ohci-pci 0000:00:06.0: OHCI PCI host controller
2026-07-16T16:37:38.527042-04:00 osboxes kernel: ohci-pci 0000:00:06.0: new USB bus registered, assigned bus number 2
2026-07-16T16:37:38.527044-04:00 osboxes kernel: ohci-pci 0000:00:06.0: irq 22, io mem 0xf0804000
2026-07-16T16:37:38.527044-04:00 osboxes kernel: usb usb2: New USB device found, idVendor=1d6b, idProduct=0001, bcdDevice= 6.08
2026-07-16T16:37:38.527044-04:00 osboxes kernel: usb usb2: New USB device strings: Mfr=3, Product=2, SerialNumber=1
2026-07-16T16:37:38.527045-04:00 osboxes kernel: usb usb2: Product: OHCI PCI host controller
2026-07-16T16:37:38.527045-04:00 osboxes kernel: usb usb2: Manufacturer: Linux 6.8.0-31-generic ohci_hcd
2026-07-16T16:37:38.527069-04:00 osboxes kernel: usb usb2: SerialNumber: 0000:00:06.0
2026-07-16T16:37:38.527071-04:00 osboxes kernel: hub 2-0:1.0: USB hub found
2026-07-16T16:37:38.527072-04:00 osboxes kernel: hub 2-0:1.0: 12 ports detected
2026-07-16T16:37:38.527072-04:00 osboxes kernel: i8042: PNP: PS/2 Controller [PNP0303:PS2K,PNP0f03:PS2M] at 0x60,0x64 irq 1,12
2026-07-16T16:37:38.527072-04:00 osboxes kernel: serio: i8042 KBD port at 0x60,0x64 irq 1
2026-07-16T16:37:38.527072-04:00 osboxes kernel: serio: i8042 AUX port at 0x60,0x64 irq 12
2026-07-16T16:37:38.527073-04:00 osboxes kernel: mousedev: PS/2 mouse device common for all mice
2026-07-16T16:37:38.527098-04:00 osboxes kernel: input: AT Translated Set 2 keyboard as /devices/platform/i8042/serio0/input/input2
2026-07-16T16:37:38.527100-04:00 osboxes kernel: rtc_cmos rtc_cmos: registered as rtc0
2026-07-16T16:37:38.527100-04:00 osboxes kernel: rtc_cmos rtc_cmos: setting system clock to 2026-07-16T20:37:30 UTC (1784234250)
2026-07-16T16:37:38.527100-04:00 osboxes kernel: rtc_cmos rtc_cmos: alarms up to one day, 114 bytes nvram
2026-07-16T16:37:38.527100-04:00 osboxes kernel: i2c_dev: i2c /dev entries driver
2026-07-16T16:37:38.527100-04:00 osboxes kernel: device-mapper: core: CONFIG_IMA_DISABLE_HTABLE is disabled. Duplicate IMA measurements will not be recorded in the IMA log.
2026-07-16T16:37:38.527125-04:00 osboxes kernel: device-mapper: uevent: version 1.0.3
2026-07-16T16:37:38.527127-04:00 osboxes kernel: device-mapper: ioctl: 4.48.0-ioctl (2023-03-01) initialised: dm-devel@redhat.com
2026-07-16T16:37:38.527128-04:00 osboxes kernel: platform eisa.0: Probing EISA bus 0
2026-07-16T16:37:38.527128-04:00 osboxes kernel: platform eisa.0: EISA: Cannot allocate resource for mainboard
2026-07-16T16:37:38.527128-04:00 osboxes kernel: platform eisa.0: Cannot allocate resource for EISA slot 1
2026-07-16T16:37:38.527128-04:00 osboxes kernel: platform eisa.0: Cannot allocate resource for EISA slot 2
2026-07-16T16:37:38.561923-04:00 osboxes kernel: platform eisa.0: Cannot allocate resource for EISA slot 3
2026-07-16T16:37:38.561929-04:00 osboxes kernel: platform eisa.0: Cannot allocate resource for EISA slot 4
2026-07-16T16:37:38.561929-04:00 osboxes kernel: platform eisa.0: Cannot allocate resource for EISA slot 5
2026-07-16T16:37:38.561930-04:00 osboxes kernel: platform eisa.0: Cannot allocate resource for EISA slot 6
2026-07-16T16:37:38.561930-04:00 osboxes kernel: platform eisa.0: Cannot allocate resource for EISA slot 7
2026-07-16T16:37:38.561930-04:00 osboxes kernel: platform eisa.0: Cannot allocate resource for EISA slot 8
2026-07-16T16:37:38.561930-04:00 osboxes kernel: platform eisa.0: EISA: Detected 0 cards
2026-07-16T16:37:38.561957-04:00 osboxes kernel: amd_pstate: the _CPC object is not present in SBIOS or ACPI disabled
2026-07-16T16:37:38.561959-04:00 osboxes kernel: ledtrig-cpu: registered to indicate activity on CPUs
2026-07-16T16:37:38.561959-04:00 osboxes kernel: drop_monitor: Initializing network drop monitor service
2026-07-16T16:37:38.561960-04:00 osboxes kernel: NET: Registered PF_INET6 protocol family
2026-07-16T16:37:38.561960-04:00 osboxes kernel: ata1.00: ATAPI: VBOX CD-ROM, 1.0, max UDMA/133
2026-07-16T16:37:38.561960-04:00 osboxes kernel: scsi 0:0:0:0: CD-ROM            VBOX     CD-ROM           1.0  PQ: 0 ANSI: 5
2026-07-16T16:37:38.561985-04:00 osboxes kernel: sr 0:0:0:0: [sr0] scsi3-mmc drive: 32x/32x xa/form2 tray
2026-07-16T16:37:38.561987-04:00 osboxes kernel: cdrom: Uniform CD-ROM driver Revision: 3.20
2026-07-16T16:37:38.561987-04:00 osboxes kernel: sr 0:0:0:0: Attached scsi CD-ROM sr0
2026-07-16T16:37:38.561988-04:00 osboxes kernel: sr 0:0:0:0: Attached scsi generic sg0 type 5
2026-07-16T16:37:38.561988-04:00 osboxes kernel: Freeing initrd memory: 64136K
2026-07-16T16:37:38.561988-04:00 osboxes kernel: Segment Routing with IPv6
2026-07-16T16:37:38.561988-04:00 osboxes kernel: In-situ OAM (IOAM) with IPv6
2026-07-16T16:37:38.562520-04:00 osboxes kernel: NET: Registered PF_PACKET protocol family
2026-07-16T16:37:38.562524-04:00 osboxes kernel: Key type dns_resolver registered
2026-07-16T16:37:38.562524-04:00 osboxes kernel: IPI shorthand broadcast: enabled
2026-07-16T16:37:38.562524-04:00 osboxes kernel: sched_clock: Marking stable (944147503, 67762359)->(1033490603, -21580741)
2026-07-16T16:37:38.562525-04:00 osboxes kernel: registered taskstats version 1
2026-07-16T16:37:38.562525-04:00 osboxes kernel: Loading compiled-in X.509 certificates
2026-07-16T16:37:38.562554-04:00 osboxes kernel: Loaded X.509 cert 'Build time autogenerated kernel key: 06ebe891e0babd04dcef5f73bad66b3a3e5eafa8'
2026-07-16T16:37:38.562556-04:00 osboxes kernel: Loaded X.509 cert 'Canonical Ltd. Live Patch Signing: 14df34d1a87cf37625abec039ef2bf521249b969'
2026-07-16T16:37:38.562556-04:00 osboxes kernel: Loaded X.509 cert 'Canonical Ltd. Kernel Module Signing: 88f752e560a1e0737e31163a466ad7b70a850c19'
2026-07-16T16:37:38.562557-04:00 osboxes kernel: blacklist: Loading compiled-in revocation X.509 certificates
2026-07-16T16:37:38.562557-04:00 osboxes kernel: Loaded X.509 cert 'Canonical Ltd. Secure Boot Signing: 61482aa2830d0ab2ad5af10b7250da9033ddcef0'
2026-07-16T16:37:38.562557-04:00 osboxes kernel: Loaded X.509 cert 'Canonical Ltd. Secure Boot Signing (2017): 242ade75ac4a15e50d50c84b0d45ff3eae707a03'
2026-07-16T16:37:38.562582-04:00 osboxes kernel: Loaded X.509 cert 'Canonical Ltd. Secure Boot Signing (ESM 2018): 365188c1d374d6b07c3c8f240f8ef722433d6a8b'
2026-07-16T16:37:38.562585-04:00 osboxes kernel: Loaded X.509 cert 'Canonical Ltd. Secure Boot Signing (2019): c0746fd6c5da3ae827864651ad66ae47fe24b3e8'
2026-07-16T16:37:38.562585-04:00 osboxes kernel: Loaded X.509 cert 'Canonical Ltd. Secure Boot Signing (2021 v1): a8d54bbb3825cfb94fa13c9f8a594a195c107b8d'
2026-07-16T16:37:38.562585-04:00 osboxes kernel: Loaded X.509 cert 'Canonical Ltd. Secure Boot Signing (2021 v2): 4cf046892d6fd3c9a5b03f98d845f90851dc6a8c'
2026-07-16T16:37:38.562585-04:00 osboxes kernel: Loaded X.509 cert 'Canonical Ltd. Secure Boot Signing (2021 v3): 100437bb6de6e469b581e61cd66bce3ef4ed53af'
2026-07-16T16:37:38.562585-04:00 osboxes kernel: Loaded X.509 cert 'Canonical Ltd. Secure Boot Signing (Ubuntu Core 2019): c1d57b8f6b743f23ee41f4f7ee292f06eecadfb9'
2026-07-16T16:37:38.577293-04:00 osboxes kernel: Key type .fscrypt registered
2026-07-16T16:37:38.577295-04:00 osboxes kernel: Key type fscrypt-provisioning registered
2026-07-16T16:37:38.577295-04:00 osboxes kernel: usb 2-1: new full-speed USB device number 2 using ohci-pci
2026-07-16T16:37:38.577296-04:00 osboxes kernel: Key type encrypted registered
2026-07-16T16:37:38.577296-04:00 osboxes kernel: AppArmor: AppArmor sha256 policy hashing enabled
2026-07-16T16:37:38.577296-04:00 osboxes kernel: ima: No TPM chip found, activating TPM-bypass!
2026-07-16T16:37:38.577323-04:00 osboxes kernel: Loading compiled-in module X.509 certificates
2026-07-16T16:37:38.577325-04:00 osboxes kernel: Loaded X.509 cert 'Build time autogenerated kernel key: 06ebe891e0babd04dcef5f73bad66b3a3e5eafa8'
2026-07-16T16:37:38.577349-04:00 osboxes kernel: ima: Allocated hash algorithm: sha256
2026-07-16T16:37:38.577350-04:00 osboxes kernel: ima: No architecture policies found
2026-07-16T16:37:38.577350-04:00 osboxes kernel: evm: Initialising EVM extended attributes:
2026-07-16T16:37:38.577350-04:00 osboxes kernel: evm: security.selinux
2026-07-16T16:37:38.577375-04:00 osboxes kernel: evm: security.SMACK64
2026-07-16T16:37:38.577377-04:00 osboxes kernel: evm: security.SMACK64EXEC
2026-07-16T16:37:38.577378-04:00 osboxes kernel: evm: security.SMACK64TRANSMUTE
2026-07-16T16:37:38.577378-04:00 osboxes kernel: evm: security.SMACK64MMAP
2026-07-16T16:37:38.577378-04:00 osboxes kernel: evm: security.apparmor
2026-07-16T16:37:38.577378-04:00 osboxes kernel: evm: security.ima
2026-07-16T16:37:38.577378-04:00 osboxes kernel: evm: security.capability
2026-07-16T16:37:38.577403-04:00 osboxes kernel: evm: HMAC attrs: 0x1
2026-07-16T16:37:38.577405-04:00 osboxes kernel: PM:   Magic number: 2:911:649
2026-07-16T16:37:38.577406-04:00 osboxes kernel: RAS: Correctable Errors collector initialized.
2026-07-16T16:37:38.577406-04:00 osboxes kernel: clk: Disabling unused clocks
2026-07-16T16:37:38.577406-04:00 osboxes kernel: Freeing unused decrypted memory: 2028K
2026-07-16T16:37:38.577406-04:00 osboxes kernel: Freeing unused kernel image (initmem) memory: 4976K
2026-07-16T16:37:38.577431-04:00 osboxes kernel: Write protecting the kernel read-only data: 36864k
2026-07-16T16:37:38.577433-04:00 osboxes kernel: Freeing unused kernel image (rodata/data gap) memory: 48K
2026-07-16T16:37:38.577434-04:00 osboxes kernel: x86/mm: Checked W+X mappings: passed, no W+X pages found.
2026-07-16T16:37:38.577434-04:00 osboxes kernel: Run /init as init process
2026-07-16T16:37:38.577434-04:00 osboxes kernel:   with arguments:
2026-07-16T16:37:38.577434-04:00 osboxes kernel:     /init
2026-07-16T16:37:38.577459-04:00 osboxes kernel:     splash
2026-07-16T16:37:38.577461-04:00 osboxes kernel:   with environment:
2026-07-16T16:37:38.577461-04:00 osboxes kernel:     HOME=/
2026-07-16T16:37:38.577462-04:00 osboxes kernel:     TERM=linux
2026-07-16T16:37:38.577462-04:00 osboxes kernel:     BOOT_IMAGE=/boot/vmlinuz-6.8.0-31-generic
2026-07-16T16:37:38.577462-04:00 osboxes kernel: e1000: Intel(R) PRO/1000 Network Driver
2026-07-16T16:37:38.577462-04:00 osboxes kernel: e1000: Copyright (c) 1999-2006 Intel Corporation.
2026-07-16T16:37:38.577487-04:00 osboxes kernel: ACPI: video: Video Device [GFX0] (multi-head: yes  rom: no  post: no)
2026-07-16T16:37:38.577489-04:00 osboxes kernel: input: Video Bus as /devices/LNXSYSTM:00/LNXSYBUS:00/PNP0A03:00/LNXVIDEO:00/input/input4
2026-07-16T16:37:38.577489-04:00 osboxes kernel: ahci 0000:00:0d.0: version 3.0
2026-07-16T16:37:38.577489-04:00 osboxes kernel: ahci 0000:00:0d.0: SSS flag set, parallel bus scan disabled
2026-07-16T16:37:38.577490-04:00 osboxes kernel: ahci 0000:00:0d.0: AHCI 0001.0100 32 slots 1 ports 3 Gbps 0x1 impl SATA mode
2026-07-16T16:37:38.577490-04:00 osboxes kernel: ahci 0000:00:0d.0: flags: 64bit ncq stag only ccc 
2026-07-16T16:37:38.577515-04:00 osboxes kernel: usb 2-1: New USB device found, idVendor=80ee, idProduct=0021, bcdDevice= 1.00
2026-07-16T16:37:38.577517-04:00 osboxes kernel: usb 2-1: New USB device strings: Mfr=1, Product=3, SerialNumber=0
2026-07-16T16:37:38.577517-04:00 osboxes kernel: usb 2-1: Product: USB Tablet
2026-07-16T16:37:38.577518-04:00 osboxes kernel: usb 2-1: Manufacturer: VirtualBox
2026-07-16T16:37:38.577518-04:00 osboxes kernel: scsi host2: ahci
2026-07-16T16:37:38.577518-04:00 osboxes kernel: ata3: SATA max UDMA/133 abar m8192@0xf0806000 port 0xf0806100 irq 21 lpm-pol 0
2026-07-16T16:37:38.577518-04:00 osboxes kernel: hid: raw HID events driver (C) Jiri Kosina
2026-07-16T16:37:38.577547-04:00 osboxes kernel: input: ImExPS/2 Generic Explorer Mouse as /devices/platform/i8042/serio1/input/input5
2026-07-16T16:37:38.577549-04:00 osboxes kernel: ata3: SATA link up 3.0 Gbps (SStatus 123 SControl 300)
2026-07-16T16:37:38.577550-04:00 osboxes kernel: ata3.00: ATA-6: VBOX HARDDISK, 1.0, max UDMA/133
2026-07-16T16:37:38.577550-04:00 osboxes kernel: ata3.00: 1048576000 sectors, multi 128: LBA48 NCQ (depth 32)
2026-07-16T16:37:38.577550-04:00 osboxes kernel: ata3.00: configured for UDMA/133
2026-07-16T16:37:38.577550-04:00 osboxes kernel: scsi 2:0:0:0: Direct-Access     ATA      VBOX HARDDISK    1.0  PQ: 0 ANSI: 5
2026-07-16T16:37:38.577575-04:00 osboxes kernel: scsi 2:0:0:0: Attached scsi generic sg1 type 0
2026-07-16T16:37:38.577577-04:00 osboxes kernel: sd 2:0:0:0: [sda] 1048576000 512-byte logical blocks: (537 GB/500 GiB)
2026-07-16T16:37:38.577578-04:00 osboxes kernel: sd 2:0:0:0: [sda] Write Protect is off
2026-07-16T16:37:38.577578-04:00 osboxes kernel: sd 2:0:0:0: [sda] Mode Sense: 00 3a 00 00
2026-07-16T16:37:38.577578-04:00 osboxes kernel: sd 2:0:0:0: [sda] Write cache: enabled, read cache: enabled, doesn't support DPO or FUA
2026-07-16T16:37:38.577578-04:00 osboxes kernel: sd 2:0:0:0: [sda] Preferred minimum I/O size 512 bytes
2026-07-16T16:37:38.577603-04:00 osboxes kernel:  sda: sda1 sda2
2026-07-16T16:37:38.577605-04:00 osboxes kernel: sd 2:0:0:0: [sda] Attached SCSI disk
2026-07-16T16:37:38.577606-04:00 osboxes kernel: usbcore: registered new interface driver usbhid
2026-07-16T16:37:38.577606-04:00 osboxes kernel: usbhid: USB HID core driver
2026-07-16T16:37:38.577606-04:00 osboxes kernel: input: VirtualBox USB Tablet as /devices/pci0000:00/0000:00:06.0/usb2/2-1/2-1:1.0/0003:80EE:0021.0001/input/input6
2026-07-16T16:37:38.577607-04:00 osboxes kernel: hid-generic 0003:80EE:0021.0001: input,hidraw0: USB HID v1.10 Mouse [VirtualBox USB Tablet] on usb-0000:00:06.0-1/input0
2026-07-16T16:37:38.577633-04:00 osboxes kernel: e1000 0000:00:03.0 eth0: (PCI:33MHz:32-bit) 08:00:27:4c:eb:06
2026-07-16T16:37:38.577635-04:00 osboxes kernel: e1000 0000:00:03.0 eth0: Intel(R) PRO/1000 Network Connection
2026-07-16T16:37:38.577635-04:00 osboxes kernel: e1000 0000:00:03.0 enp0s3: renamed from eth0
2026-07-16T16:37:38.577636-04:00 osboxes kernel: EXT4-fs (sda2): mounted filesystem 877292f0-69dd-4735-bca5-47131956fcc0 ro with ordered data mode. Quota mode: none.
2026-07-16T16:37:38.577958-04:00 osboxes kernel: lp: driver loaded but no devices found
2026-07-16T16:37:38.577958-04:00 osboxes kernel: EXT4-fs (sda2): re-mounted 877292f0-69dd-4735-bca5-47131956fcc0 r/w. Quota mode: none.
2026-07-16T16:37:38.577959-04:00 osboxes kernel: ppdev: user-space parallel port driver
2026-07-16T16:37:38.577983-04:00 osboxes kernel: Adding 4194300k swap on /swap.img.  Priority:-2 extents:3 across:4456444k 
2026-07-16T16:37:38.577986-04:00 osboxes kernel: loop0: detected capacity change from 0 to 8
2026-07-16T16:37:38.577986-04:00 osboxes kernel: loop1: detected capacity change from 0 to 152040
2026-07-16T16:37:38.577986-04:00 osboxes kernel: loop2: detected capacity change from 0 to 136816
2026-07-16T16:37:38.577987-04:00 osboxes kernel: loop3: detected capacity change from 0 to 552192
2026-07-16T16:37:38.578016-04:00 osboxes kernel: loop4: detected capacity change from 0 to 21952
2026-07-16T16:37:38.578018-04:00 osboxes kernel: loop5: detected capacity change from 0 to 33792
2026-07-16T16:37:38.578018-04:00 osboxes kernel: loop6: detected capacity change from 0 to 1034424
2026-07-16T16:37:38.578018-04:00 osboxes kernel: loop7: detected capacity change from 0 to 1258560
2026-07-16T16:37:38.578018-04:00 osboxes kernel: loop9: detected capacity change from 0 to 808920
2026-07-16T16:37:38.578019-04:00 osboxes kernel: loop8: detected capacity change from 0 to 187776
2026-07-16T16:37:38.578044-04:00 osboxes kernel: loop10: detected capacity change from 0 to 21136
2026-07-16T16:37:38.578046-04:00 osboxes kernel: loop11: detected capacity change from 0 to 79328
2026-07-16T16:37:38.578046-04:00 osboxes kernel: loop12: detected capacity change from 0 to 102600
2026-07-16T16:37:38.578046-04:00 osboxes kernel: loop13: detected capacity change from 0 to 952
2026-07-16T16:37:38.578046-04:00 osboxes kernel: audit: type=1400 audit(1784234255.030:2): apparmor="STATUS" operation="profile_load" profile="unconfined" name="1password" pid=333 comm="apparmor_parser"
2026-07-16T16:37:38.578047-04:00 osboxes kernel: audit: type=1400 audit(1784234255.039:3): apparmor="STATUS" operation="profile_load" profile="unconfined" name="Discord" pid=334 comm="apparmor_parser"
2026-07-16T16:37:38.578072-04:00 osboxes kernel: audit: type=1400 audit(1784234255.045:4): apparmor="STATUS" operation="profile_load" profile="unconfined" name=4D6F6E676F444220436F6D70617373 pid=335 comm="apparmor_parser"
2026-07-16T16:37:38.578075-04:00 osboxes kernel: audit: type=1400 audit(1784234255.051:5): apparmor="STATUS" operation="profile_load" profile="unconfined" name="QtWebEngineProcess" pid=336 comm="apparmor_parser"
2026-07-16T16:37:38.578075-04:00 osboxes kernel: audit: type=1400 audit(1784234255.056:6): apparmor="STATUS" operation="profile_load" profile="unconfined" name="brave" pid=337 comm="apparmor_parser"
2026-07-16T16:37:38.578075-04:00 osboxes kernel: audit: type=1400 audit(1784234255.058:7): apparmor="STATUS" operation="profile_load" profile="unconfined" name="buildah" pid=338 comm="apparmor_parser"
2026-07-16T16:37:38.578075-04:00 osboxes kernel: audit: type=1400 audit(1784234255.062:8): apparmor="STATUS" operation="profile_load" profile="unconfined" name="busybox" pid=339 comm="apparmor_parser"
2026-07-16T16:37:38.578100-04:00 osboxes kernel: audit: type=1400 audit(1784234255.067:9): apparmor="STATUS" operation="profile_load" profile="unconfined" name="cam" pid=345 comm="apparmor_parser"
2026-07-16T16:37:38.578102-04:00 osboxes kernel: audit: type=1400 audit(1784234255.069:10): apparmor="STATUS" operation="profile_load" profile="unconfined" name="ch-checkns" pid=347 comm="apparmor_parser"
2026-07-16T16:37:38.578103-04:00 osboxes kernel: audit: type=1400 audit(1784234255.075:11): apparmor="STATUS" operation="profile_load" profile="unconfined" name="ch-run" pid=348 comm="apparmor_parser"
2026-07-16T16:37:38.578103-04:00 osboxes kernel: audit: type=1400 audit(1784234255.079:12): apparmor="STATUS" operation="profile_load" profile="unconfined" name="chrome" pid=354 comm="apparmor_parser"
2026-07-16T16:37:38.578103-04:00 osboxes kernel: piix4_smbus 0000:00:07.0: SMBus Host Controller at 0x4100, revision 0
2026-07-16T16:37:38.578128-04:00 osboxes kernel: vboxguest: host-version: 7.2.10r174163 0x8000000f
2026-07-16T16:37:38.578130-04:00 osboxes kernel: cryptd: max_cpu_qlen set to 1000
2026-07-16T16:37:38.578130-04:00 osboxes kernel: vmwgfx 0000:00:02.0: vgaarb: deactivate vga console
2026-07-16T16:37:38.578131-04:00 osboxes kernel: Console: switching to colour dummy device 80x25
2026-07-16T16:37:38.578131-04:00 osboxes kernel: vmwgfx 0000:00:02.0: [drm] FIFO at 0x00000000f0000000 size is 2048 kiB
2026-07-16T16:37:38.578131-04:00 osboxes kernel: vmwgfx 0000:00:02.0: [drm] VRAM at 0x00000000e0000000 size is 16384 kiB
2026-07-16T16:37:38.578131-04:00 osboxes kernel: vmwgfx 0000:00:02.0: [drm] Running on SVGA version 2.
2026-07-16T16:37:38.578156-04:00 osboxes kernel: vmwgfx 0000:00:02.0: [drm] Capabilities: rect copy, cursor, cursor bypass, cursor bypass 2, alpha cursor, extended fifo, pitchlock, irq mask, gmr, traces, gmr2, screen object 2, command buffers, command buffers 2, gbobject, cap2 register, 
2026-07-16T16:37:38.578158-04:00 osboxes kernel: vmwgfx 0000:00:02.0: [drm] Capabilities2: cursor mob, 
2026-07-16T16:37:38.578159-04:00 osboxes kernel: vmwgfx 0000:00:02.0: [drm] *ERROR* vmwgfx seems to be running on an unsupported hypervisor.
2026-07-16T16:37:38.578159-04:00 osboxes kernel: vmwgfx 0000:00:02.0: [drm] *ERROR* This configuration is likely broken.
2026-07-16T16:37:38.578159-04:00 osboxes kernel: vmwgfx 0000:00:02.0: [drm] *ERROR* Please switch to a supported graphics device to avoid problems.
2026-07-16T16:37:38.578159-04:00 osboxes kernel: vmwgfx 0000:00:02.0: [drm] DMA map mode: Caching DMA mappings.
2026-07-16T16:37:38.578184-04:00 osboxes kernel: vmwgfx 0000:00:02.0: [drm] Legacy memory limits: VRAM = 16384 kB, FIFO = 2048 kB, surface = 507904 kB
2026-07-16T16:37:38.578186-04:00 osboxes kernel: vmwgfx 0000:00:02.0: [drm] MOB limits: max mob size = 131072 kB, max mob pages = 12288
2026-07-16T16:37:38.578187-04:00 osboxes kernel: vmwgfx 0000:00:02.0: [drm] Max GMR ids is 8192
2026-07-16T16:37:38.578193-04:00 osboxes kernel: vmwgfx 0000:00:02.0: [drm] Max number of GMR pages is 1048576
2026-07-16T16:37:38.578193-04:00 osboxes kernel: vmwgfx 0000:00:02.0: [drm] Maximum display memory size is 16384 kiB
2026-07-16T16:37:38.578193-04:00 osboxes kernel: vbg_heartbeat_init: Setting up heartbeat to trigger every 2000 milliseconds
2026-07-16T16:37:38.578218-04:00 osboxes kernel: input: VirtualBox mouse integration as /devices/pci0000:00/0000:00:04.0/input/input7
2026-07-16T16:37:38.578220-04:00 osboxes kernel: AVX2 version of gcm_enc/dec engaged.
2026-07-16T16:37:38.578220-04:00 osboxes kernel: AES CTR mode by8 optimization enabled
2026-07-16T16:37:38.578220-04:00 osboxes kernel: vmwgfx 0000:00:02.0: [drm] Screen Target display unit initialized
2026-07-16T16:37:38.578220-04:00 osboxes kernel: vmwgfx 0000:00:02.0: [drm] Fifo max 0x00200000 min 0x00001000 cap 0x00000355
2026-07-16T16:37:38.578221-04:00 osboxes kernel: vmwgfx 0000:00:02.0: [drm] Using command buffers with DMA pool.
2026-07-16T16:37:38.578245-04:00 osboxes kernel: vmwgfx 0000:00:02.0: [drm] Available shader model: Legacy.
2026-07-16T16:37:38.578247-04:00 osboxes kernel: [drm] Initialized vmwgfx 2.20.0 20211206 for 0000:00:02.0 on minor 0
2026-07-16T16:37:38.578248-04:00 osboxes kernel: fbcon: vmwgfxdrmfb (fb0) is primary device
2026-07-16T16:37:38.578248-04:00 osboxes kernel: Console: switching to colour frame buffer device 160x50
2026-07-16T16:37:38.578248-04:00 osboxes kernel: vmwgfx 0000:00:02.0: [drm] fb0: vmwgfxdrmfb frame buffer device
2026-07-16T16:37:39.827390-04:00 osboxes kernel: 20:37:39.788503 main     VBoxClient 7.0.16_Ubuntu r162802 (verbosity: 0) linux.amd64 (Apr 17 2024 06:41:38) release log
2026-07-16T16:37:39.827405-04:00 osboxes kernel: 20:37:3
2026-07-16T16:37:39.827405-04:00 osboxes kernel: 20:37:39.824097 main     OS Product: Linux
2026-07-16T16:37:39.833397-04:00 osboxes kernel: 20:37:39.829709 main     OS Release: 6.8.0-31-generic
2026-07-16T16:37:39.850076-04:00 osboxes kernel: 20:37:39.842043 main     OS Version: #31-Ubuntu SMP PREEMPT_DYNAMIC Sat Apr 20 00:40:06 UTC 2024
2026-07-16T16:37:39.858188-04:00 osboxes kernel: 20:37:39.856508 main     Executable: /usr/bin/VBoxClient
2026-07-16T16:37:39.858197-04:00 osboxes kernel: 20:37:39.856511 main     Process ID: 720
2026-07-16T16:37:39.858198-04:00 osboxes kernel: 20:37:39.856512 main     Pack
2026-07-16T16:37:39.858199-04:00 osboxes kernel: 20:37:39.857044 main      VBoxClient 7.0.16_Ubuntu r162802 started. Verbose level = 0. Wayland environment detected: no
2026-07-16T16:37:39.858200-04:00 osboxes kernel: 20:37:39.857189 main      Service: SVGA X11 display
2026-07-16T16:37:39.924748-04:00 osboxes kernel: 20:37:39.921345 main      Initializing service ...
2026-07-16T16:37:39.924750-04:00 osboxes kernel: 20:37:39.924363 main      Service is not availabe, skipping
2026-07-16T16:37:40.018602-04:00 osboxes kernel: 20:37:40.015796 main     VBoxService 7.0.16_Ubuntu r162802 (verbosity: 0) linux.amd64 (Apr 17 2024 06:41:38) release log
2026-07-16T16:37:40.018618-04:00 osboxes kernel: 20:37:
2026-07-16T16:37:40.018619-04:00 osboxes kernel: 20:37:40.016132 main     OS Product: Linux
2026-07-16T16:37:40.018619-04:00 osboxes kernel: 20:37:40.016223 main     OS Release: 6.8.0-31-generic
2026-07-16T16:37:40.018620-04:00 osboxes kernel: 20:37:40.016316 main     OS Version: #31-Ubuntu SMP PREEMPT_DYNAMIC Sat Apr 20 00:40:06 UTC 2024
2026-07-16T16:37:40.059121-04:00 osboxes kernel: 20:37:40.016439 main     Executable: /usr/sbin/VBoxService
2026-07-16T16:37:40.059136-04:00 osboxes kernel: 20:37:40.016440 main     Process ID: 738
2026-07-16T16:37:40.059136-04:00 osboxes kernel: 20:37:40.016440 main     Pa
2026-07-16T16:37:40.059136-04:00 osboxes kernel: 20:37:40.057694 main     VMSVGA DRM resizing client not started, rc=VERR_FILE_NOT_FOUND
2026-07-16T16:37:40.067495-04:00 osboxes kernel: 20:37:40.064215 main     7.0.16_Ubuntu r162802 started. Verbose level = 0
2026-07-16T16:37:40.095362-04:00 osboxes kernel: 20:37:40.093609 main     vbglR3GuestCtrlDetectPeekGetCancelSupport: Supported (#1)
2026-07-16T16:37:40.220492-04:00 osboxes kernel: vboxsf: Unknown parameter 'tag'
2026-07-16T16:37:40.234663-04:00 osboxes kernel: 20:37:40.232292 automount vbsvcAutomounterMountIt: Running outdated vboxsf module without support for the 'tag' option?
2026-07-16T16:37:40.267191-04:00 osboxes kernel: 20:37:40.253099 automount vbsvcAutomounterMountIt: Successfully mounted 'LLMMM' on '/media/sf_LLMMM'
2026-07-16T16:37:40.563437-04:00 osboxes kernel: NET: Registered PF_QIPCRTR protocol family
2026-07-16T16:37:41.529270-04:00 osboxes kernel: snd_intel8x0 0000:00:05.0: allow list rate for 1028:0177 is 48000
2026-07-16T16:37:43.400887-04:00 osboxes kernel: e1000: enp0s3 NIC Link is Up 1000 Mbps Full Duplex, Flow Control: RX
2026-07-16T16:37:43.603041-04:00 osboxes kernel: loop14: detected capacity change from 0 to 8
2026-07-16T16:37:43.776101-04:00 osboxes kernel: kauditd_printk_skb: 131 callbacks suppressed
2026-07-16T16:37:43.776107-04:00 osboxes kernel: audit: type=1400 audit(1784234263.773:144): apparmor="DENIED" operation="capable" class="cap" profile="/usr/sbin/cupsd" pid=1043 comm="cupsd" capability=12  capname="net_admin"
2026-07-16T16:37:55.302160-04:00 osboxes kernel: rfkill: input handler disabled
2026-07-16T16:38:26.993411-04:00 osboxes kernel: rfkill: input handler enabled
2026-07-16T16:38:32.216014-04:00 osboxes kernel: rfkill: input handler disabled
2026-07-16T16:38:32.789189-04:00 osboxes kernel: ------------[ cut here ]------------
2026-07-16T16:38:32.789620-04:00 osboxes kernel: UBSAN: array-index-out-of-bounds in /build/linux-yrLejD/linux-6.8.0/drivers/virt/vboxguest/vboxguest_utils.c:367:20
2026-07-16T16:38:32.789632-04:00 osboxes kernel: index 1 is out of range for type '__u64 [1]'
2026-07-16T16:38:32.789642-04:00 osboxes kernel: CPU: 0 PID: 2056 Comm: gvfs-udisks2-vo Tainted: G        W          6.8.0-31-generic #31-Ubuntu
2026-07-16T16:38:32.789652-04:00 osboxes kernel: Hardware name: innotek GmbH VirtualBox/VirtualBox, BIOS VirtualBox 12/01/2006
2026-07-16T16:38:32.789661-04:00 osboxes kernel: Call Trace:
2026-07-16T16:38:32.789670-04:00 osboxes kernel:  <TASK>
2026-07-16T16:38:32.789680-04:00 osboxes kernel:  dump_stack_lvl+0x48/0x70
2026-07-16T16:38:32.789689-04:00 osboxes kernel:  dump_stack+0x10/0x20
2026-07-16T16:38:32.789698-04:00 osboxes kernel:  __ubsan_handle_out_of_bounds+0xc6/0x110
2026-07-16T16:38:32.789707-04:00 osboxes kernel:  hgcm_call_init_linaddr.part.0+0x1b0/0x1d0 [vboxguest]
2026-07-16T16:38:32.789717-04:00 osboxes kernel:  vbg_hgcm_call+0x1f8/0x3d0 [vboxguest]
2026-07-16T16:38:32.789726-04:00 osboxes kernel:  vboxsf_call+0x6c/0xd0 [vboxsf]
2026-07-16T16:38:32.789735-04:00 osboxes kernel:  vboxsf_dirinfo+0xe1/0x150 [vboxsf]
2026-07-16T16:38:32.789744-04:00 osboxes kernel:  vboxsf_dir_read_all+0x11c/0x1e0 [vboxsf]
2026-07-16T16:38:32.789753-04:00 osboxes kernel:  vboxsf_dir_open+0x10d/0x170 [vboxsf]
2026-07-16T16:38:32.789763-04:00 osboxes kernel:  ? __pfx_vboxsf_dir_open+0x10/0x10 [vboxsf]
2026-07-16T16:38:32.789772-04:00 osboxes kernel:  do_dentry_open+0x220/0x570
2026-07-16T16:38:32.789781-04:00 osboxes kernel:  vfs_open+0x33/0x50
2026-07-16T16:38:32.789790-04:00 osboxes kernel:  do_open+0x2ed/0x470
2026-07-16T16:38:32.789800-04:00 osboxes kernel:  path_openat+0x135/0x2d0
2026-07-16T16:38:32.789809-04:00 osboxes kernel:  do_filp_open+0xaf/0x170
2026-07-16T16:38:32.789818-04:00 osboxes kernel:  do_sys_openat2+0xb3/0xe0
2026-07-16T16:38:32.789827-04:00 osboxes kernel:  __x64_sys_openat+0x55/0xa0
2026-07-16T16:38:32.789837-04:00 osboxes kernel:  x64_sys_call+0x1eb8/0x25c0
2026-07-16T16:38:32.789880-04:00 osboxes kernel:  do_syscall_64+0x7f/0x180
2026-07-16T16:38:32.789882-04:00 osboxes kernel:  ? do_user_addr_fault+0x338/0x6b0
2026-07-16T16:38:32.789883-04:00 osboxes kernel:  ? irqentry_exit_to_user_mode+0x7b/0x260
2026-07-16T16:38:32.789883-04:00 osboxes kernel:  ? irqentry_exit+0x43/0x50
2026-07-16T16:38:32.789883-04:00 osboxes kernel:  ? exc_page_fault+0x94/0x1b0
2026-07-16T16:38:32.789883-04:00 osboxes kernel:  entry_SYSCALL_64_after_hwframe+0x73/0x7b
2026-07-16T16:38:32.789884-04:00 osboxes kernel: RIP: 0033:0x77e396b1c8b4
2026-07-16T16:38:32.789884-04:00 osboxes kernel: Code: 00 00 48 89 45 c8 31 c0 41 83 e2 40 75 38 89 f0 f7 d0 a9 00 00 41 00 74 2d 89 f2 b8 01 01 00 00 48 89 fe bf 9c ff ff ff 0f 05 <48> 3d 00 f0 ff ff 77 34 48 8b 55 c8 64 48 2b 14 25 28 00 00 00 75
2026-07-16T16:38:32.789884-04:00 osboxes kernel: RSP: 002b:00007ffe1b5345f0 EFLAGS: 00000206 ORIG_RAX: 0000000000000101
2026-07-16T16:38:32.789884-04:00 osboxes kernel: RAX: ffffffffffffffda RBX: 000064431d2d6560 RCX: 000077e396b1c8b4
2026-07-16T16:38:32.789885-04:00 osboxes kernel: RDX: 0000000000090800 RSI: 000064431d2d60e0 RDI: 00000000ffffff9c
2026-07-16T16:38:32.789885-04:00 osboxes kernel: RBP: 00007ffe1b534640 R08: 000077e388006f80 R09: 000077e38800b8b8
2026-07-16T16:38:32.789885-04:00 osboxes kernel: R10: 0000000000000000 R11: 0000000000000206 R12: 000064431d2d60e0
2026-07-16T16:38:32.789885-04:00 osboxes kernel: R13: 0000000000000000 R14: 000077e3972570b5 R15: 000077e3972685b0
2026-07-16T16:38:32.789886-04:00 osboxes kernel:  </TASK>
2026-07-16T16:38:32.789886-04:00 osboxes kernel: ---[ end trace ]---
2026-07-16T16:38:34.233970-04:00 osboxes kernel: ISO 9660 Extensions: Microsoft Joliet Level 3
2026-07-16T16:38:34.241151-04:00 osboxes kernel: ISO 9660 Extensions: RRIP_1991A
2026-07-16T16:47:47.936921-04:00 osboxes kernel: loop14: detected capacity change from 0 to 1656
2026-07-16T16:47:49.763302-04:00 osboxes kernel: audit: type=1400 audit(1784234869.759:145): apparmor="STATUS" operation="profile_replace" info="same as current profile, skipping" profile="unconfined" name="/snap/snapd/27406/usr/lib/snapd/snap-confine" pid=2997 comm="apparmor_parser"
2026-07-16T16:47:50.183363-04:00 osboxes kernel: audit: type=1400 audit(1784234870.179:146): apparmor="STATUS" operation="profile_replace" profile="unconfined" name="snap-update-ns.snapd-desktop-integration" pid=2999 comm="apparmor_parser"
2026-07-16T16:47:50.374307-04:00 osboxes kernel: audit: type=1400 audit(1784234870.369:147): apparmor="STATUS" operation="profile_replace" profile="unconfined" name="snap.snapd-desktop-integration.hook.configure" pid=3000 comm="apparmor_parser"
2026-07-16T16:47:50.787377-04:00 osboxes kernel: audit: type=1400 audit(1784234870.781:148): apparmor="STATUS" operation="profile_replace" profile="unconfined" name="snap.snapd-desktop-integration.snapd-desktop-integration" pid=3001 comm="apparmor_parser"
2026-07-16T16:47:50.884376-04:00 osboxes kernel: audit: type=1400 audit(1784234870.881:149): apparmor="STATUS" operation="profile_replace" info="same as current profile, skipping" profile="unconfined" name="snap.mesa-2404.component-monitor" pid=3002 comm="apparmor_parser"
2026-07-16T16:47:50.979654-04:00 osboxes kernel: audit: type=1400 audit(1784234870.976:150): apparmor="STATUS" operation="profile_replace" info="same as current profile, skipping" profile="unconfined" name="snap.mesa-2404.hook.connect-plug-kernel-gpu-2404" pid=3003 comm="apparmor_parser"
2026-07-16T16:47:51.102555-04:00 osboxes kernel: audit: type=1400 audit(1784234871.099:151): apparmor="STATUS" operation="profile_replace" info="same as current profile, skipping" profile="unconfined" name="snap.mesa-2404.hook.disconnect-plug-kernel-gpu-2404" pid=3004 comm="apparmor_parser"
2026-07-16T16:47:51.196211-04:00 osboxes kernel: audit: type=1400 audit(1784234871.194:152): apparmor="STATUS" operation="profile_replace" info="same as current profile, skipping" profile="unconfined" name="snap.mesa-2404.hook.install" pid=3005 comm="apparmor_parser"
2026-07-16T16:47:51.292418-04:00 osboxes kernel: audit: type=1400 audit(1784234871.288:153): apparmor="STATUS" operation="profile_replace" info="same as current profile, skipping" profile="unconfined" name="snap.mesa-2404.hook.post-refresh" pid=3006 comm="apparmor_parser"
2026-07-16T16:47:51.304107-04:00 osboxes kernel: audit: type=1400 audit(1784234871.298:154): apparmor="STATUS" operation="profile_replace" info="same as current profile, skipping" profile="unconfined" name="snap-update-ns.mesa-2404" pid=3008 comm="apparmor_parser"
2026-07-16T17:10:45.713534-04:00 osboxes kernel: workqueue: blk_mq_run_work_fn hogged CPU for >13333us 4 times, consider switching to WQ_UNBOUND
2026-07-16T17:20:45.816581-04:00 osboxes kernel: workqueue: blk_mq_run_work_fn hogged CPU for >13333us 8 times, consider switching to WQ_UNBOUND
2026-07-16T17:35:33.109852-04:00 osboxes kernel: workqueue: blk_mq_run_work_fn hogged CPU for >13333us 16 times, consider switching to WQ_UNBOUND
2026-07-16T21:50:38.003564-04:00 osboxes kernel: watchdog: BUG: soft lockup - CPU#0 stuck for 13474s! [swapper/0:0]
2026-07-16T21:50:38.003792-04:00 osboxes kernel: Modules linked in: isofs snd_seq_dummy snd_hrtimer snd_intel8x0 snd_ac97_codec ac97_bus qrtr snd_pcm snd_seq_midi snd_seq_midi_event vboxsf snd_rawmidi snd_seq snd_seq_device snd_timer crct10dif_pclmul polyval_clmulni polyval_generic ghash_clmulni_intel sha256_ssse3 snd sha1_ssse3 aesni_intel crypto_simd cryptd vmwgfx drm_ttm_helper joydev vboxguest soundcore i2c_piix4 ttm input_leds mac_hid serio_raw binfmt_misc msr parport_pc ppdev lp parport efi_pstore nfnetlink dmi_sysfs ip_tables x_tables autofs4 hid_generic usbhid hid ahci psmouse video libahci crc32_pclmul e1000 pata_acpi wmi
2026-07-16T21:50:38.003796-04:00 osboxes kernel: CPU: 0 PID: 0 Comm: swapper/0 Tainted: G        W          6.8.0-31-generic #31-Ubuntu
2026-07-16T21:50:38.003797-04:00 osboxes kernel: Hardware name: innotek GmbH VirtualBox/VirtualBox, BIOS VirtualBox 12/01/2006
2026-07-16T21:50:38.003798-04:00 osboxes kernel: RIP: 0010:pv_native_safe_halt+0xb/0x10
2026-07-16T21:50:38.003798-04:00 osboxes kernel: Code: 22 d7 31 ff c3 cc cc cc cc 66 0f 1f 44 00 00 90 90 90 90 90 90 90 90 90 90 90 90 90 90 90 90 eb 07 0f 00 2d d9 a7 3e 00 fb f4 <c3> cc cc cc cc 90 90 90 90 90 90 90 90 90 90 90 90 90 90 90 90 83
2026-07-16T21:50:38.003799-04:00 osboxes kernel: RSP: 0018:ffffffffb9a03e18 EFLAGS: 00010246
2026-07-16T21:50:38.003800-04:00 osboxes kernel: RAX: 0000000000000000 RBX: 0000000000000000 RCX: 0000000000000000
2026-07-16T21:50:38.003801-04:00 osboxes kernel: RDX: 0000000000000000 RSI: 0000000000000000 RDI: 0000000000000000
2026-07-16T21:50:38.003802-04:00 osboxes kernel: RBP: ffffffffb9a03e20 R08: 0000000000000000 R09: 0000000000000000
2026-07-16T21:50:38.003803-04:00 osboxes kernel: R10: 0000000000000000 R11: 0000000000000000 R12: ffffffffb9a0fcc0
2026-07-16T21:50:38.003803-04:00 osboxes kernel: R13: 0000000000000000 R14: 0000000039f9e000 R15: 000000000008a000
2026-07-16T21:50:38.003804-04:00 osboxes kernel: FS:  0000000000000000(0000) GS:ffff99aa3dc00000(0000) knlGS:0000000000000000
2026-07-16T21:50:38.003804-04:00 osboxes kernel: CS:  0010 DS: 0000 ES: 0000 CR0: 0000000080050033
2026-07-16T21:50:38.003805-04:00 osboxes kernel: CR2: 000004672f5de000 CR3: 00000000069f8000 CR4: 00000000000506f0
2026-07-16T21:50:38.003894-04:00 osboxes kernel: Call Trace:
2026-07-16T21:50:38.003898-04:00 osboxes kernel:  <IRQ>
2026-07-16T21:50:38.003943-04:00 osboxes kernel:  ? show_regs+0x6d/0x80
2026-07-16T21:50:38.003946-04:00 osboxes kernel:  ? watchdog_timer_fn+0x206/0x290
2026-07-16T21:50:38.003947-04:00 osboxes kernel:  ? __pfx_watchdog_timer_fn+0x10/0x10
2026-07-16T21:50:38.003947-04:00 osboxes kernel:  ? __hrtimer_run_queues+0x112/0x2a0
2026-07-16T21:50:38.003948-04:00 osboxes kernel:  ? hrtimer_interrupt+0xf6/0x250
2026-07-16T21:50:38.003948-04:00 osboxes kernel:  ? __sysvec_apic_timer_interrupt+0x51/0x150
2026-07-16T21:50:38.003948-04:00 osboxes kernel:  ? sysvec_apic_timer_interrupt+0x8d/0xd0
2026-07-16T21:50:38.003949-04:00 osboxes kernel:  </IRQ>
2026-07-16T21:50:38.003949-04:00 osboxes kernel:  <TASK>
2026-07-16T21:50:38.004056-04:00 osboxes kernel:  ? asm_sysvec_apic_timer_interrupt+0x1b/0x20
2026-07-16T21:50:38.004062-04:00 osboxes kernel:  ? pv_native_safe_halt+0xb/0x10
2026-07-16T21:50:38.004063-04:00 osboxes kernel:  ? default_idle+0x9/0x30
2026-07-16T21:50:38.004097-04:00 osboxes kernel:  arch_cpu_idle+0x9/0x10
2026-07-16T21:50:38.004100-04:00 osboxes kernel:  default_idle_call+0x2c/0xf0
2026-07-16T21:50:38.004101-04:00 osboxes kernel:  cpuidle_idle_call+0x153/0x190
2026-07-16T21:50:38.004101-04:00 osboxes kernel:  do_idle+0x87/0xf0
2026-07-16T21:50:38.004102-04:00 osboxes kernel:  cpu_startup_entry+0x2a/0x30
2026-07-16T21:50:38.004102-04:00 osboxes kernel:  rest_init+0xde/0x100
2026-07-16T21:50:38.004103-04:00 osboxes kernel:  ? acpi_enable_subsystem+0xe6/0x2a0
2026-07-16T21:50:38.004149-04:00 osboxes kernel:  ? static_key_disable+0x1f/0x30
2026-07-16T21:50:38.004152-04:00 osboxes kernel:  arch_call_rest_init+0xe/0x30
2026-07-16T21:50:38.004153-04:00 osboxes kernel:  start_kernel+0x354/0x450
2026-07-16T21:50:38.004154-04:00 osboxes kernel:  x86_64_start_reservations+0x18/0x30
2026-07-16T21:50:38.004154-04:00 osboxes kernel:  x86_64_start_kernel+0xbf/0x110
2026-07-16T21:50:38.004154-04:00 osboxes kernel:  secondary_startup_64_no_verify+0x184/0x18b
2026-07-16T21:50:38.004155-04:00 osboxes kernel:  </TASK>
2026-07-16T21:50:38.004156-04:00 osboxes kernel: clocksource: Long readout interval, skipping watchdog check: cs_nsec: 1270860211806 wd_nsec: 1270854571170
2026-07-16T21:50:38.118648-04:00 osboxes kernel: 01:50:37.982149 timesync vgsvcTimeSyncWorker: Radical guest time change: 14 467 551 550 000ns (GuestNow=1 784 253 037 981 877 0
2026-07-16T21:50:38.118664-04:00 osboxes kernel: audit: type=1400 audit(1784253038.002:155): apparmor="DENIED" operation="open" class="file" profile="rsyslogd" name="/run/systemd/sessions/" pid=632 comm=72733A6D61696E20513A526567 requested_mask="r" denied_mask="r" fsuid=102 ouid=0
2026-07-16T21:54:42.767539-04:00 osboxes kernel: rcu: INFO: rcu_preempt detected stalls on CPUs/tasks:
2026-07-16T21:54:42.767882-04:00 osboxes kernel: rcu: 	(detected by 0, t=242384 jiffies, g=73389, q=91 ncpus=1)
2026-07-16T21:54:42.767887-04:00 osboxes kernel: rcu: All QSes seen, last rcu_preempt kthread activity 242384 (4313699625-4313457241), jiffies_till_next_fqs=3, root ->qsmask 0x0
2026-07-16T21:54:42.767922-04:00 osboxes kernel: rcu: rcu_preempt kthread starved for 242384 jiffies! g73389 f0x2 RCU_GP_WAIT_FQS(5) ->state=0x0 ->cpu=0
2026-07-16T21:54:42.767986-04:00 osboxes kernel: rcu: 	Unless rcu_preempt kthread gets sufficient CPU time, OOM is now expected behavior.
2026-07-16T21:54:42.767989-04:00 osboxes kernel: rcu: RCU grace-period kthread stack dump:
2026-07-16T21:54:42.767990-04:00 osboxes kernel: task:rcu_preempt     state:R  running task     stack:0     pid:17    tgid:17    ppid:2      flags:0x00004000
2026-07-16T21:54:42.768023-04:00 osboxes kernel: Call Trace:
2026-07-16T21:54:42.768024-04:00 osboxes kernel:  <TASK>
2026-07-16T21:54:42.768084-04:00 osboxes kernel:  __schedule+0x27c/0x6b0
2026-07-16T21:54:42.768088-04:00 osboxes kernel:  ? __pfx_rcu_gp_kthread+0x10/0x10
2026-07-16T21:54:42.768089-04:00 osboxes kernel:  schedule+0x33/0x110
2026-07-16T21:54:42.768089-04:00 osboxes kernel:  schedule_timeout+0x95/0x170
2026-07-16T21:54:42.768090-04:00 osboxes kernel:  ? __pfx_process_timeout+0x10/0x10
2026-07-16T21:54:42.768090-04:00 osboxes kernel:  rcu_gp_fqs_loop+0x105/0x580
2026-07-16T21:54:42.768091-04:00 osboxes kernel:  rcu_gp_kthread+0xea/0x180
2026-07-16T21:54:42.768123-04:00 osboxes kernel:  kthread+0xf2/0x120
2026-07-16T21:54:42.768126-04:00 osboxes kernel:  ? __pfx_kthread+0x10/0x10
2026-07-16T21:54:42.768127-04:00 osboxes kernel:  ret_from_fork+0x47/0x70
2026-07-16T21:54:42.768157-04:00 osboxes kernel:  ? __pfx_kthread+0x10/0x10
2026-07-16T21:54:42.768160-04:00 osboxes kernel:  ret_from_fork_asm+0x1b/0x30
2026-07-16T21:54:42.768161-04:00 osboxes kernel:  </TASK>
2026-07-16T21:54:42.768161-04:00 osboxes kernel: rcu: Stack dump where RCU GP kthread last ran:
2026-07-16T21:54:42.768162-04:00 osboxes kernel: CPU: 0 PID: 3171 Comm: snapd-desktop-i Tainted: G        W    L     6.8.0-31-generic #31-Ubuntu
2026-07-16T21:54:42.768162-04:00 osboxes kernel: Hardware name: innotek GmbH VirtualBox/VirtualBox, BIOS VirtualBox 12/01/2006
2026-07-16T21:54:42.768163-04:00 osboxes kernel: RIP: 0033:0x7fcf01ff5aa0
2026-07-16T21:54:42.768164-04:00 osboxes kernel: Code: 68 a3 08 00 00 e9 a0 75 ff ff ff 25 22 d1 89 00 68 a4 08 00 00 e9 90 75 ff ff ff 25 1a d1 89 00 68 a5 08 00 00 e9 80 75 ff ff <ff> 25 12 d1 89 00 68 a6 08 00 00 e9 70 75 ff ff ff 25 0a d1 89 00
2026-07-16T21:54:42.768164-04:00 osboxes kernel: RSP: 002b:00007ffd551d7ad8 EFLAGS: 00010246
2026-07-16T21:54:42.768165-04:00 osboxes kernel: RAX: 0000000000000000 RBX: 0000566245c926f0 RCX: 0000000000000000
2026-07-16T21:54:42.768165-04:00 osboxes kernel: RDX: 0000566245c91470 RSI: 0000000000000000 RDI: 0000566245c5c400
2026-07-16T21:54:42.768166-04:00 osboxes kernel: RBP: 0000566245c927a0 R08: 0000000000000000 R09: 0000000000000000
2026-07-16T21:54:42.768167-04:00 osboxes kernel: R10: 0000000000000000 R11: 0000000000000000 R12: 0000566245c37630
2026-07-16T21:54:42.768167-04:00 osboxes kernel: R13: 0000000000000000 R14: 00007fcf023fa7c0 R15: 0000566245c926f0
2026-07-16T21:54:42.768168-04:00 osboxes kernel: FS:  00007fceffcd6a00 GS:  0000000000000000
2026-07-16T21:54:47.190834-04:00 osboxes kernel: loop15: detected capacity change from 0 to 8
2026-07-16T21:54:59.119792-04:00 osboxes kernel: audit: type=1400 audit(1784253299.114:156): apparmor="STATUS" operation="profile_replace" info="same as current profile, skipping" profile="unconfined" name="/snap/snapd/27406/usr/lib/snapd/snap-confine" pid=4051 comm="apparmor_parser"
2026-07-16T21:55:00.091786-04:00 osboxes kernel: audit: type=1400 audit(1784253300.087:157): apparmor="STATUS" operation="profile_replace" profile="unconfined" name="snap-update-ns.snap-store" pid=4053 comm="apparmor_parser"
2026-07-16T21:55:00.253071-04:00 osboxes kernel: audit: type=1400 audit(1784253300.249:158): apparmor="STATUS" operation="profile_replace" profile="unconfined" name="snap.snap-store.hook.configure" pid=4054 comm="apparmor_parser"
2026-07-16T21:55:00.571982-04:00 osboxes kernel: audit: type=1400 audit(1784253300.566:159): apparmor="STATUS" operation="profile_replace" profile="unconfined" name="snap.snap-store.snap-store" pid=4055 comm="apparmor_parser"
2026-07-16T21:55:01.161697-04:00 osboxes kernel: audit: type=1400 audit(1784253301.158:160): apparmor="STATUS" operation="profile_replace" profile="unconfined" name="snap-update-ns.firmware-updater" pid=4056 comm="apparmor_parser"
2026-07-16T21:55:01.449058-04:00 osboxes kernel: audit: type=1400 audit(1784253301.444:161): apparmor="STATUS" operation="profile_replace" profile="unconfined" name="snap.firmware-updater.firmware-notifier" pid=4057 comm="apparmor_parser"
2026-07-16T21:55:01.682588-04:00 osboxes kernel: audit: type=1400 audit(1784253301.674:162): apparmor="STATUS" operation="profile_replace" profile="unconfined" name="snap.firmware-updater.firmware-updater" pid=4058 comm="apparmor_parser"
2026-07-16T21:55:02.034651-04:00 osboxes kernel: audit: type=1400 audit(1784253302.029:163): apparmor="STATUS" operation="profile_replace" profile="unconfined" name="snap.firmware-updater.firmware-updater-app" pid=4059 comm="apparmor_parser"
2026-07-16T21:55:02.186530-04:00 osboxes kernel: audit: type=1400 audit(1784253302.182:164): apparmor="STATUS" operation="profile_replace" profile="unconfined" name="snap.firmware-updater.hook.configure" pid=4063 comm="apparmor_parser"
2026-07-16T21:55:02.897360-04:00 osboxes kernel: audit: type=1400 audit(1784253302.886:165): apparmor="STATUS" operation="profile_replace" profile="unconfined" name="snap-update-ns.snapd-desktop-integration" pid=4064 comm="apparmor_parser"
2026-07-16T21:55:04.162386-04:00 osboxes kernel: kauditd_printk_skb: 1 callbacks suppressed
2026-07-16T21:55:04.162416-04:00 osboxes kernel: audit: type=1400 audit(1784253304.155:167): apparmor="STATUS" operation="profile_replace" profile="unconfined" name="snap.snapd-desktop-integration.snapd-desktop-integration" pid=4066 comm="apparmor_parser"
2026-07-16T21:55:04.645457-04:00 osboxes kernel: audit: type=1400 audit(1784253304.641:168): apparmor="STATUS" operation="profile_replace" profile="unconfined" name="snap-update-ns.firefox" pid=4067 comm="apparmor_parser"
2026-07-16T21:55:05.226891-04:00 osboxes kernel: audit: type=1400 audit(1784253305.220:169): apparmor="STATUS" operation="profile_replace" profile="unconfined" name="snap.firefox.firefox" pid=4068 comm="apparmor_parser"
2026-07-16T21:55:05.840124-04:00 osboxes kernel: audit: type=1400 audit(1784253305.835:170): apparmor="STATUS" operation="profile_replace" profile="unconfined" name="snap.firefox.geckodriver" pid=4069 comm="apparmor_parser"
2026-07-16T21:55:06.004798-04:00 osboxes kernel: audit: type=1400 audit(1784253306.000:171): apparmor="STATUS" operation="profile_replace" profile="unconfined" name="snap.firefox.hook.configure" pid=4070 comm="apparmor_parser"
2026-07-16T21:55:06.118143-04:00 osboxes kernel: audit: type=1400 audit(1784253306.114:172): apparmor="STATUS" operation="profile_replace" profile="unconfined" name="snap.firefox.hook.connect-plug-host-hunspell" pid=4071 comm="apparmor_parser"
2026-07-16T21:55:06.257622-04:00 osboxes kernel: audit: type=1400 audit(1784253306.254:173): apparmor="STATUS" operation="profile_replace" profile="unconfined" name="snap.firefox.hook.disconnect-plug-host-hunspell" pid=4072 comm="apparmor_parser"
2026-07-16T21:55:06.361635-04:00 osboxes kernel: audit: type=1400 audit(1784253306.358:174): apparmor="STATUS" operation="profile_replace" profile="unconfined" name="snap.firefox.hook.post-refresh" pid=4073 comm="apparmor_parser"
2026-07-16T21:55:06.372322-04:00 osboxes kernel: audit: type=1400 audit(1784253306.369:175): apparmor="STATUS" operation="profile_replace" profile="unconfined" name="snap-update-ns.mesa-2404" pid=4074 comm="apparmor_parser"
2026-07-16T21:55:06.467909-04:00 osboxes kernel: audit: type=1400 audit(1784253306.464:176): apparmor="STATUS" operation="profile_replace" profile="unconfined" name="snap.mesa-2404.component-monitor" pid=4075 comm="apparmor_parser"
2026-07-16T21:55:17.027787-04:00 osboxes kernel: kauditd_printk_skb: 6 callbacks suppressed
2026-07-16T21:55:17.027931-04:00 osboxes kernel: audit: type=1400 audit(1784253317.018:183): apparmor="DENIED" operation="open" class="file" profile="snap.firmware-updater.firmware-notifier" name="/proc/sys/vm/max_map_count" pid=3313 comm="firmware-notifi" requested_mask="r" denied_mask="r" fsuid=1000 ouid=0
2026-07-16T21:57:49.368877-04:00 osboxes kernel: workqueue: e1000_watchdog [e1000] hogged CPU for >13333us 4 times, consider switching to WQ_UNBOUND
2026-07-16T22:25:18.011455-04:00 osboxes kernel: workqueue: e1000_watchdog [e1000] hogged CPU for >13333us 8 times, consider switching to WQ_UNBOUND
2026-07-16T23:45:55.043953-04:00 osboxes kernel: workqueue: ata_sff_pio_task hogged CPU for >13333us 4 times, consider switching to WQ_UNBOUND
2026-07-16T23:50:01.486536-04:00 osboxes kernel: workqueue: blk_mq_run_work_fn hogged CPU for >13333us 32 times, consider switching to WQ_UNBOUND
2026-07-17T00:00:49.535711-04:00 osboxes kernel: audit: type=1400 audit(1784260849.526:184): apparmor="DENIED" operation="open" class="file" profile="snap.firmware-updater.firmware-notifier" name="/proc/sys/vm/max_map_count" pid=6074 comm="firmware-notifi" requested_mask="r" denied_mask="r" fsuid=1000 ouid=0
2026-07-17T02:47:41.328796-04:00 osboxes kernel: watchdog: BUG: soft lockup - CPU#0 stuck for 6707s! [swapper/0:0]
2026-07-17T02:47:41.328886-04:00 osboxes kernel: Modules linked in: isofs snd_seq_dummy snd_hrtimer snd_intel8x0 snd_ac97_codec ac97_bus qrtr snd_pcm snd_seq_midi snd_seq_midi_event vboxsf snd_rawmidi snd_seq snd_seq_device snd_timer crct10dif_pclmul polyval_clmulni polyval_generic ghash_clmulni_intel sha256_ssse3 snd sha1_ssse3 aesni_intel crypto_simd cryptd vmwgfx drm_ttm_helper joydev vboxguest soundcore i2c_piix4 ttm input_leds mac_hid serio_raw binfmt_misc msr parport_pc ppdev lp parport efi_pstore nfnetlink dmi_sysfs ip_tables x_tables autofs4 hid_generic usbhid hid ahci psmouse video libahci crc32_pclmul e1000 pata_acpi wmi
2026-07-17T02:47:41.328889-04:00 osboxes kernel: CPU: 0 PID: 0 Comm: swapper/0 Tainted: G        W    L     6.8.0-31-generic #31-Ubuntu
2026-07-17T02:47:41.328890-04:00 osboxes kernel: Hardware name: innotek GmbH VirtualBox/VirtualBox, BIOS VirtualBox 12/01/2006
2026-07-17T02:47:41.328891-04:00 osboxes kernel: RIP: 0010:__do_softirq+0x75/0x363
2026-07-17T02:47:41.328943-04:00 osboxes kernel: Code: 00 00 c7 45 b4 0a 00 00 00 48 89 d8 44 89 fb 44 89 65 b0 49 89 c7 4c 89 75 b8 65 66 c7 05 09 68 7f 47 00 00 fb 0f 1f 44 00 00 <41> bc ff ff ff ff 44 0f bc e3 41 83 c4 01 0f 84 a4 00 00 00 4c 89
2026-07-17T02:47:41.328948-04:00 osboxes kernel: RSP: 0018:ffffbcd040003f58 EFLAGS: 00010282
2026-07-17T02:47:41.328949-04:00 osboxes kernel: RAX: ffffffffb9a0fcc0 RBX: 0000000000000002 RCX: 0000000000000000
2026-07-17T02:47:41.328950-04:00 osboxes kernel: RDX: 0000000000000000 RSI: 0000000000000000 RDI: 0000000000000000
2026-07-17T02:47:41.328951-04:00 osboxes kernel: RBP: ffffbcd040003fb8 R08: 0000000000000000 R09: 0000000000000000
2026-07-17T02:47:41.328952-04:00 osboxes kernel: R10: 0000000000000002 R11: 0000000000000000 R12: 0000000004200002
2026-07-17T02:47:41.328952-04:00 osboxes kernel: R13: 0000000000000000 R14: 0000000101bc34c4 R15: ffffffffb9a0fcc0
2026-07-17T02:47:41.329005-04:00 osboxes kernel: FS:  0000000000000000(0000) GS:ffff99aa3dc00000(0000) knlGS:0000000000000000
2026-07-17T02:47:41.329067-04:00 osboxes kernel: CS:  0010 DS: 0000 ES: 0000 CR0: 0000000080050033
2026-07-17T02:47:41.329070-04:00 osboxes kernel: CR2: 0000755585646860 CR3: 000000000924e000 CR4: 00000000000506f0
2026-07-17T02:47:41.329070-04:00 osboxes kernel: Call Trace:
2026-07-17T02:47:41.329071-04:00 osboxes kernel:  <IRQ>
2026-07-17T02:47:41.329071-04:00 osboxes kernel:  ? show_regs+0x6d/0x80
2026-07-17T02:47:41.329072-04:00 osboxes kernel:  ? watchdog_timer_fn+0x206/0x290
2026-07-17T02:47:41.329073-04:00 osboxes kernel:  ? __pfx_watchdog_timer_fn+0x10/0x10
2026-07-17T02:47:41.329073-04:00 osboxes kernel:  ? __hrtimer_run_queues+0x112/0x2a0
2026-07-17T02:47:41.329073-04:00 osboxes kernel:  ? hrtimer_interrupt+0xf6/0x250
2026-07-17T02:47:41.329074-04:00 osboxes kernel:  ? __sysvec_apic_timer_interrupt+0x51/0x150
2026-07-17T02:47:41.329075-04:00 osboxes kernel:  ? sysvec_apic_timer_interrupt+0x3b/0xd0
2026-07-17T02:47:41.329139-04:00 osboxes kernel:  ? asm_sysvec_apic_timer_interrupt+0x1b/0x20
2026-07-17T02:47:41.329145-04:00 osboxes kernel:  ? __do_softirq+0x75/0x363
2026-07-17T02:47:41.329146-04:00 osboxes kernel:  __irq_exit_rcu+0xd7/0x100
2026-07-17T02:47:41.329147-04:00 osboxes kernel:  irq_exit_rcu+0xe/0x20
2026-07-17T02:47:41.329148-04:00 osboxes kernel:  sysvec_apic_timer_interrupt+0x92/0xd0
2026-07-17T02:47:41.329148-04:00 osboxes kernel:  </IRQ>
2026-07-17T02:47:41.329148-04:00 osboxes kernel:  <TASK>
2026-07-17T02:47:41.329173-04:00 osboxes kernel:  asm_sysvec_apic_timer_interrupt+0x1b/0x20
2026-07-17T02:47:41.329176-04:00 osboxes kernel: RIP: 0010:pv_native_safe_halt+0xb/0x10
2026-07-17T02:47:41.329177-04:00 osboxes kernel: Code: 22 d7 31 ff c3 cc cc cc cc 66 0f 1f 44 00 00 90 90 90 90 90 90 90 90 90 90 90 90 90 90 90 90 eb 07 0f 00 2d d9 a7 3e 00 fb f4 <c3> cc cc cc cc 90 90 90 90 90 90 90 90 90 90 90 90 90 90 90 90 83
2026-07-17T02:47:41.329178-04:00 osboxes kernel: RSP: 0018:ffffffffb9a03e18 EFLAGS: 00010246
2026-07-17T02:47:41.329179-04:00 osboxes kernel: RAX: 0000000000000000 RBX: 0000000000000000 RCX: 0000000000000000
2026-07-17T02:47:41.329179-04:00 osboxes kernel: RDX: 0000000000000000 RSI: 0000000000000000 RDI: 0000000000000000
2026-07-17T02:47:41.329179-04:00 osboxes kernel: RBP: ffffffffb9a03e20 R08: 0000000000000000 R09: 0000000000000000
2026-07-17T02:47:41.329180-04:00 osboxes kernel: R10: 0000000000000000 R11: 0000000000000000 R12: ffffffffb9a0fcc0
2026-07-17T02:47:41.329180-04:00 osboxes kernel: R13: 0000000000000000 R14: 0000000039f9e000 R15: 000000000008a000
2026-07-17T02:47:41.329181-04:00 osboxes kernel:  ? default_idle+0x9/0x30
2026-07-17T02:47:41.329181-04:00 osboxes kernel:  arch_cpu_idle+0x9/0x10
2026-07-17T02:47:41.329181-04:00 osboxes kernel:  default_idle_call+0x2c/0xf0
2026-07-17T02:47:41.329182-04:00 osboxes kernel:  cpuidle_idle_call+0x153/0x190
2026-07-17T02:47:41.329183-04:00 osboxes kernel:  do_idle+0x87/0xf0
2026-07-17T02:47:41.329183-04:00 osboxes kernel:  cpu_startup_entry+0x2a/0x30
2026-07-17T02:47:41.329183-04:00 osboxes kernel:  rest_init+0xde/0x100
2026-07-17T02:47:41.329184-04:00 osboxes kernel:  ? acpi_enable_subsystem+0xe6/0x2a0
2026-07-17T02:47:41.330432-04:00 osboxes kernel:  ? static_key_disable+0x1f/0x30
2026-07-17T02:47:41.330443-04:00 osboxes kernel:  arch_call_rest_init+0xe/0x30
2026-07-17T02:47:41.330445-04:00 osboxes kernel:  start_kernel+0x354/0x450
2026-07-17T02:47:41.330446-04:00 osboxes kernel:  x86_64_start_reservations+0x18/0x30
2026-07-17T02:47:41.330448-04:00 osboxes kernel:  x86_64_start_kernel+0xbf/0x110
2026-07-17T02:47:41.330449-04:00 osboxes kernel:  secondary_startup_64_no_verify+0x184/0x18b
2026-07-17T02:47:41.330450-04:00 osboxes kernel:  </TASK>
2026-07-17T02:47:41.535741-04:00 osboxes kernel: 06:47:41.314942 timesync vgsvcTimeSyncWorker: Radical host time change: 7 207 377 000 000ns (HostNow=1 784 270 860 999 000 000 
2026-07-17T02:47:41.535767-04:00 osboxes kernel: audit: type=1400 audit(1784270861.388:185): apparmor="DENIED" operation="open" class="file" profile="rsyslogd" name="/run/systemd/sessions/" pid=632 comm=72733A6D61696E20513A526567 requested_mask="r" denied_mask="r" fsuid=102 ouid=0
2026-07-17T02:47:42.662529-04:00 osboxes kernel: 06:47:41.680710 timesync vgsvcTimeSyncWorker: Radical guest time change: 7 207 687 446 000ns (GuestNow=1 784 270 861 314 673 00
2026-07-17T08:47:34.271692-04:00 osboxes kernel: watchdog: BUG: soft lockup - CPU#0 stuck for 20116s! [systemd-resolve:359]
2026-07-17T08:47:34.271840-04:00 osboxes kernel: Modules linked in: isofs snd_seq_dummy snd_hrtimer snd_intel8x0 snd_ac97_codec ac97_bus qrtr snd_pcm snd_seq_midi snd_seq_midi_event vboxsf snd_rawmidi snd_seq snd_seq_device snd_timer crct10dif_pclmul polyval_clmulni polyval_generic ghash_clmulni_intel sha256_ssse3 snd sha1_ssse3 aesni_intel crypto_simd cryptd vmwgfx drm_ttm_helper joydev vboxguest soundcore i2c_piix4 ttm input_leds mac_hid serio_raw binfmt_misc msr parport_pc ppdev lp parport efi_pstore nfnetlink dmi_sysfs ip_tables x_tables autofs4 hid_generic usbhid hid ahci psmouse video libahci crc32_pclmul e1000 pata_acpi wmi
2026-07-17T08:47:34.271844-04:00 osboxes kernel: CPU: 0 PID: 359 Comm: systemd-resolve Tainted: G        W    L     6.8.0-31-generic #31-Ubuntu
2026-07-17T08:47:34.271845-04:00 osboxes kernel: Hardware name: innotek GmbH VirtualBox/VirtualBox, BIOS VirtualBox 12/01/2006
2026-07-17T08:47:34.271847-04:00 osboxes kernel: RIP: 0010:e1000_clean+0x198/0x250 [e1000]
2026-07-17T08:47:34.271848-04:00 osboxes kernel: Code: 00 00 89 c1 b8 00 ca 9a 3b f7 f1 89 06 48 8b 83 c0 05 00 00 a8 04 75 1c 48 8b 83 d8 01 00 00 ba 9d 00 00 00 89 90 d0 00 00 00 <48> 8b 83 d8 01 00 00 8b 40 08 44 8b 65 cc 48 8b 45 d0 65 48 2b 04
2026-07-17T08:47:34.271849-04:00 osboxes kernel: RSP: 0018:ffffbcd040003e78 EFLAGS: 00010246
2026-07-17T08:47:34.271849-04:00 osboxes kernel: RAX: ffffbcd040280000 RBX: ffff99a9c86e6c90 RCX: 0000000000000000
2026-07-17T08:47:34.271849-04:00 osboxes kernel: RDX: 000000000000009d RSI: 0000000000000000 RDI: 0000000000000000
2026-07-17T08:47:34.271850-04:00 osboxes kernel: RBP: ffffbcd040003eb8 R08: 0000000000000001 R09: 0000000000000000
2026-07-17T08:47:34.271852-04:00 osboxes kernel: R10: 0000000000000000 R11: 0000000000000000 R12: 0000000000000001
2026-07-17T08:47:34.271852-04:00 osboxes kernel: R13: 0000000000004e20 R14: ffff99a9c86e69e0 R15: 0000000000000001
2026-07-17T08:47:34.271853-04:00 osboxes kernel: FS:  000070efe9816940(0000) GS:ffff99aa3dc00000(0000) knlGS:0000000000000000
2026-07-17T08:47:34.271854-04:00 osboxes kernel: CS:  0010 DS: 0000 ES: 0000 CR0: 0000000080050033
2026-07-17T08:47:34.271854-04:00 osboxes kernel: CR2: 0000770d4c014408 CR3: 0000000003710000 CR4: 00000000000506f0
2026-07-17T08:47:34.271855-04:00 osboxes kernel: Call Trace:
2026-07-17T08:47:34.271855-04:00 osboxes kernel:  <IRQ>
2026-07-17T08:47:34.271856-04:00 osboxes kernel:  ? show_regs+0x6d/0x80
2026-07-17T08:47:34.271856-04:00 osboxes kernel:  ? watchdog_timer_fn+0x206/0x290
2026-07-17T08:47:34.271857-04:00 osboxes kernel:  ? __pfx_watchdog_timer_fn+0x10/0x10
2026-07-17T08:47:34.271857-04:00 osboxes kernel:  ? __hrtimer_run_queues+0x112/0x2a0
2026-07-17T08:47:34.271858-04:00 osboxes kernel:  ? hrtimer_interrupt+0xf6/0x250
2026-07-17T08:47:34.271859-04:00 osboxes kernel:  ? __sysvec_apic_timer_interrupt+0x51/0x150
2026-07-17T08:47:34.271859-04:00 osboxes kernel:  ? sysvec_apic_timer_interrupt+0x3b/0xd0
2026-07-17T08:47:34.271859-04:00 osboxes kernel:  ? asm_sysvec_apic_timer_interrupt+0x1b/0x20
2026-07-17T08:47:34.271860-04:00 osboxes kernel:  ? e1000_clean+0x198/0x250 [e1000]
2026-07-17T08:47:34.271860-04:00 osboxes kernel:  ? e1000_clean+0x106/0x250 [e1000]
2026-07-17T08:47:34.271861-04:00 osboxes kernel:  __napi_poll+0x33/0x200
2026-07-17T08:47:34.271861-04:00 osboxes kernel:  net_rx_action+0x181/0x2e0
2026-07-17T08:47:34.271862-04:00 osboxes kernel:  __do_softirq+0xe1/0x363
2026-07-17T08:47:34.271862-04:00 osboxes kernel:  do_softirq.part.0+0x41/0x80
2026-07-17T08:47:34.271863-04:00 osboxes kernel:  </IRQ>
2026-07-17T08:47:34.271863-04:00 osboxes kernel:  <TASK>
2026-07-17T08:47:34.271864-04:00 osboxes kernel:  __local_bh_enable_ip+0x72/0x80
2026-07-17T08:47:34.271864-04:00 osboxes kernel:  __dev_queue_xmit+0x288/0x890
2026-07-17T08:47:34.271865-04:00 osboxes kernel:  ? __check_object_size.part.0+0x72/0x150
2026-07-17T08:47:34.271865-04:00 osboxes kernel:  neigh_resolve_output+0x112/0x1d0
2026-07-17T08:47:34.271866-04:00 osboxes kernel:  ip_finish_output2+0x199/0x480
2026-07-17T08:47:34.271866-04:00 osboxes kernel:  __ip_finish_output+0xb6/0x180
2026-07-17T08:47:34.271866-04:00 osboxes kernel:  ip_finish_output+0x29/0x120
2026-07-17T08:47:34.271867-04:00 osboxes kernel:  ip_output+0x5f/0x110
2026-07-17T08:47:34.271867-04:00 osboxes kernel:  ? __pfx_ip_finish_output+0x10/0x10
2026-07-17T08:47:34.271868-04:00 osboxes kernel:  ip_send_skb+0x98/0xb0
2026-07-17T08:47:34.271868-04:00 osboxes kernel:  udp_send_skb+0x158/0x380
2026-07-17T08:47:34.271869-04:00 osboxes kernel:  udp_sendmsg+0xbee/0x1000
2026-07-17T08:47:34.271869-04:00 osboxes kernel:  ? __pfx_ip_generic_getfrag+0x10/0x10
2026-07-17T08:47:34.271869-04:00 osboxes kernel:  ? begin_current_label_crit_section+0x2e/0xe0
2026-07-17T08:47:34.271870-04:00 osboxes kernel:  inet_sendmsg+0x76/0x80
2026-07-17T08:47:34.271871-04:00 osboxes kernel:  ? inet_sendmsg+0x76/0x80
2026-07-17T08:47:34.271871-04:00 osboxes kernel:  sock_write_iter+0x16d/0x1a0
2026-07-17T08:47:34.271872-04:00 osboxes kernel:  vfs_write+0x3d6/0x480
2026-07-17T08:47:34.271872-04:00 osboxes kernel:  ksys_write+0xc9/0x100
2026-07-17T08:47:34.271872-04:00 osboxes kernel:  __x64_sys_write+0x19/0x30
2026-07-17T08:47:34.271873-04:00 osboxes kernel:  x64_sys_call+0x7e/0x25c0
2026-07-17T08:47:34.272355-04:00 osboxes kernel:  do_syscall_64+0x7f/0x180
2026-07-17T08:47:34.272365-04:00 osboxes kernel:  ? do_syscall_64+0x8c/0x180
2026-07-17T08:47:34.272366-04:00 osboxes kernel:  ? syscall_exit_to_user_mode+0x86/0x260
2026-07-17T08:47:34.272366-04:00 osboxes kernel:  ? do_syscall_64+0x8c/0x180
2026-07-17T08:47:34.272367-04:00 osboxes kernel:  ? do_syscall_64+0x8c/0x180
2026-07-17T08:47:34.304945-04:00 osboxes kernel:  ? common_interrupt+0x54/0xb0
2026-07-17T08:47:34.305027-04:00 osboxes kernel:  entry_SYSCALL_64_after_hwframe+0x73/0x7b
2026-07-17T08:47:34.305032-04:00 osboxes kernel: RIP: 0033:0x70efe971c574
2026-07-17T08:47:34.305033-04:00 osboxes kernel: Code: c7 00 16 00 00 00 b8 ff ff ff ff c3 66 2e 0f 1f 84 00 00 00 00 00 f3 0f 1e fa 80 3d d5 ea 0e 00 00 74 13 b8 01 00 00 00 0f 05 <48> 3d 00 f0 ff ff 77 54 c3 0f 1f 00 55 48 89 e5 48 83 ec 20 48 89
2026-07-17T08:47:34.305033-04:00 osboxes kernel: RSP: 002b:00007fff9a7bb088 EFLAGS: 00000202 ORIG_RAX: 0000000000000001
2026-07-17T08:47:34.305034-04:00 osboxes kernel: RAX: ffffffffffffffda RBX: 00005ac415202ed0 RCX: 000070efe971c574
2026-07-17T08:47:34.305035-04:00 osboxes kernel: RDX: 000000000000003a RSI: 00005ac415218ef0 RDI: 0000000000000016
2026-07-17T08:47:34.305036-04:00 osboxes kernel: RBP: 00007fff9a7bb100 R08: 0000000000000000 R09: 0000000000000000
2026-07-17T08:47:34.305037-04:00 osboxes kernel: R10: 0000000000000000 R11: 0000000000000202 R12: 0000000000000016
2026-07-17T08:47:34.305037-04:00 osboxes kernel: R13: 0000000000000002 R14: 00005ac415218e40 R15: 0000000886502103
2026-07-17T08:47:34.305038-04:00 osboxes kernel:  </TASK>
2026-07-17T09:20:07.748630-04:00 osboxes kernel: 13:20:07.449354 timesync vgsvcTimeSyncWorker: Radical host time change: 23 546 409 000 000ns (HostNow=1 784 294 407 408 000 000
2026-07-17T09:20:07.748632-04:00 osboxes kernel: 13:20:07.645861 timesync vgsvcTimeSyncWorker: Radical guest time change: 21 593 163 962 000ns (GuestNow=1 784 292 454 478 635 0
2026-07-17T09:20:07.748633-04:00 osboxes kernel: audit: type=1400 audit(1784294407.660:186): apparmor="DENIED" operation="open" class="file" profile="rsyslogd" name="/run/systemd/sessions/" pid=632 comm=72733A6D61696E20513A526567 requested_mask="r" denied_mask="r" fsuid=102 ouid=0
2026-07-17T09:20:12.410431-04:00 osboxes kernel: audit: type=1400 audit(1784294412.398:187): apparmor="DENIED" operation="open" class="file" profile="snap.firmware-updater.firmware-notifier" name="/proc/sys/vm/max_map_count" pid=6224 comm="firmware-notifi" requested_mask="r" denied_mask="r" fsuid=1000 ouid=0
2026-07-17T09:20:13.219234-04:00 osboxes kernel: audit: type=1400 audit(1784294413.214:188): apparmor="DENIED" operation="open" class="file" profile="snap.firmware-updater.firmware-notifier" name="/proc/sys/vm/max_map_count" pid=6322 comm="firmware-notifi" requested_mask="r" denied_mask="r" fsuid=1000 ouid=0
2026-07-17T09:20:22.357759-04:00 osboxes kernel: 13:20:17.652628 timesync vgsvcTimeSyncWorker: Radical guest time change: 1 963 173 499 000ns (GuestNow=1 784 294 417 652 134 00
2026-07-17T09:20:22.357886-04:00 osboxes kernel: rfkill: input handler enabled
2026-07-17T09:20:28.304193-04:00 osboxes kernel: rfkill: input handler disabled
2026-07-17T09:22:21.258144-04:00 osboxes kernel: workqueue: blk_mq_run_work_fn hogged CPU for >13333us 64 times, consider switching to WQ_UNBOUND
2026-07-17T09:29:11.366976-04:00 osboxes kernel: workqueue: blk_mq_run_work_fn hogged CPU for >13333us 128 times, consider switching to WQ_UNBOUND
2026-07-17T09:50:04.826709-04:00 osboxes kernel: workqueue: blk_mq_run_work_fn hogged CPU for >13333us 256 times, consider switching to WQ_UNBOUND
2026-07-17T10:12:56.972463-04:00 osboxes kernel: workqueue: blk_mq_run_work_fn hogged CPU for >13333us 512 times, consider switching to WQ_UNBOUND
2026-07-17T10:54:45.889423-04:00 osboxes kernel: watchdog: BUG: soft lockup - CPU#0 stuck for 685s! [swapper/0:0]
2026-07-17T10:54:45.889454-04:00 osboxes kernel: Modules linked in: isofs snd_seq_dummy snd_hrtimer snd_intel8x0 snd_ac97_codec ac97_bus qrtr snd_pcm snd_seq_midi snd_seq_midi_event vboxsf snd_rawmidi snd_seq snd_seq_device snd_timer crct10dif_pclmul polyval_clmulni polyval_generic ghash_clmulni_intel sha256_ssse3 snd sha1_ssse3 aesni_intel crypto_simd cryptd vmwgfx drm_ttm_helper joydev vboxguest soundcore i2c_piix4 ttm input_leds mac_hid serio_raw binfmt_misc msr parport_pc ppdev lp parport efi_pstore nfnetlink dmi_sysfs ip_tables x_tables autofs4 hid_generic usbhid hid ahci psmouse video libahci crc32_pclmul e1000 pata_acpi wmi
2026-07-17T10:54:45.889457-04:00 osboxes kernel: CPU: 0 PID: 0 Comm: swapper/0 Tainted: G        W    L     6.8.0-31-generic #31-Ubuntu
2026-07-17T10:54:45.889458-04:00 osboxes kernel: Hardware name: innotek GmbH VirtualBox/VirtualBox, BIOS VirtualBox 12/01/2006
2026-07-17T10:54:45.889460-04:00 osboxes kernel: RIP: 0010:pv_native_safe_halt+0xb/0x10
2026-07-17T10:54:45.889461-04:00 osboxes kernel: Code: 22 d7 31 ff c3 cc cc cc cc 66 0f 1f 44 00 00 90 90 90 90 90 90 90 90 90 90 90 90 90 90 90 90 eb 07 0f 00 2d d9 a7 3e 00 fb f4 <c3> cc cc cc cc 90 90 90 90 90 90 90 90 90 90 90 90 90 90 90 90 83
2026-07-17T10:54:45.889462-04:00 osboxes kernel: RSP: 0018:ffffffffb9a03e18 EFLAGS: 00010246
2026-07-17T10:54:45.889462-04:00 osboxes kernel: RAX: 0000000000000000 RBX: 0000000000000000 RCX: 0000000000000000
2026-07-17T10:54:45.889463-04:00 osboxes kernel: RDX: 0000000000000000 RSI: 0000000000000000 RDI: 0000000000000000
2026-07-17T10:54:45.889465-04:00 osboxes kernel: RBP: ffffffffb9a03e20 R08: 0000000000000000 R09: 0000000000000000
2026-07-17T10:54:45.889466-04:00 osboxes kernel: R10: 0000000000000000 R11: 0000000000000000 R12: ffffffffb9a0fcc0
2026-07-17T10:54:45.889467-04:00 osboxes kernel: R13: 0000000000000000 R14: 0000000039f9e000 R15: 000000000008a000
2026-07-17T10:54:45.889467-04:00 osboxes kernel: FS:  0000000000000000(0000) GS:ffff99aa3dc00000(0000) knlGS:0000000000000000
2026-07-17T10:54:45.889468-04:00 osboxes kernel: CS:  0010 DS: 0000 ES: 0000 CR0: 0000000080050033
2026-07-17T10:54:45.889468-04:00 osboxes kernel: CR2: 00005ab06c2114f0 CR3: 000000002391e000 CR4: 00000000000506f0
2026-07-17T10:54:45.889469-04:00 osboxes kernel: Call Trace:
2026-07-17T10:54:45.889469-04:00 osboxes kernel:  <IRQ>
2026-07-17T10:54:45.889471-04:00 osboxes kernel:  ? show_regs+0x6d/0x80
2026-07-17T10:54:45.889472-04:00 osboxes kernel:  ? watchdog_timer_fn+0x206/0x290
2026-07-17T10:54:45.889472-04:00 osboxes kernel:  ? __pfx_watchdog_timer_fn+0x10/0x10
2026-07-17T10:54:45.889473-04:00 osboxes kernel:  ? __hrtimer_run_queues+0x112/0x2a0
2026-07-17T10:54:45.889473-04:00 osboxes kernel:  ? hrtimer_interrupt+0xf6/0x250
2026-07-17T10:54:45.889474-04:00 osboxes kernel:  ? __sysvec_apic_timer_interrupt+0x51/0x150
2026-07-17T10:54:45.889475-04:00 osboxes kernel:  ? sysvec_apic_timer_interrupt+0x8d/0xd0
2026-07-17T10:54:45.889475-04:00 osboxes kernel:  </IRQ>
2026-07-17T10:54:45.889476-04:00 osboxes kernel:  <TASK>
2026-07-17T10:54:45.889476-04:00 osboxes kernel:  ? asm_sysvec_apic_timer_interrupt+0x1b/0x20
2026-07-17T10:54:45.889477-04:00 osboxes kernel:  ? pv_native_safe_halt+0xb/0x10
2026-07-17T10:54:45.889477-04:00 osboxes kernel:  ? default_idle+0x9/0x30
2026-07-17T10:54:45.889479-04:00 osboxes kernel:  arch_cpu_idle+0x9/0x10
2026-07-17T10:54:45.889479-04:00 osboxes kernel:  default_idle_call+0x2c/0xf0
2026-07-17T10:54:45.889480-04:00 osboxes kernel:  cpuidle_idle_call+0x153/0x190
2026-07-17T10:54:45.889480-04:00 osboxes kernel:  do_idle+0x87/0xf0
2026-07-17T10:54:45.889481-04:00 osboxes kernel:  cpu_startup_entry+0x2a/0x30
2026-07-17T10:54:45.889482-04:00 osboxes kernel:  rest_init+0xde/0x100
2026-07-17T10:54:45.889482-04:00 osboxes kernel:  ? acpi_enable_subsystem+0xe6/0x2a0
2026-07-17T10:54:45.889483-04:00 osboxes kernel:  ? static_key_disable+0x1f/0x30
2026-07-17T10:54:45.889484-04:00 osboxes kernel:  arch_call_rest_init+0xe/0x30
2026-07-17T10:54:45.889484-04:00 osboxes kernel:  start_kernel+0x354/0x450
2026-07-17T10:54:45.889484-04:00 osboxes kernel:  x86_64_start_reservations+0x18/0x30
2026-07-17T10:54:45.889485-04:00 osboxes kernel:  x86_64_start_kernel+0xbf/0x110
2026-07-17T10:54:45.889485-04:00 osboxes kernel:  secondary_startup_64_no_verify+0x184/0x18b
2026-07-17T10:54:45.889486-04:00 osboxes kernel:  </TASK>
2026-07-17T10:54:45.977158-04:00 osboxes kernel: audit: type=1400 audit(1784300085.960:189): apparmor="DENIED" operation="open" class="file" profile="rsyslogd" name="/run/systemd/sessions/" pid=632 comm=72733A6D61696E20513A526567 requested_mask="r" denied_mask="r" fsuid=102 ouid=0
2026-07-17T10:55:06.479452-04:00 osboxes kernel: rfkill: input handler enabled
2026-07-17T11:30:25.872547-04:00 osboxes kernel: watchdog: BUG: soft lockup - CPU#0 stuck for 837s! [swapper/0:0]
2026-07-17T11:30:25.932648-04:00 osboxes kernel: Modules linked in: isofs snd_seq_dummy snd_hrtimer snd_intel8x0 snd_ac97_codec ac97_bus qrtr snd_pcm snd_seq_midi snd_seq_midi_event vboxsf snd_rawmidi snd_seq snd_seq_device snd_timer crct10dif_pclmul polyval_clmulni polyval_generic ghash_clmulni_intel sha256_ssse3 snd sha1_ssse3 aesni_intel crypto_simd cryptd vmwgfx drm_ttm_helper joydev vboxguest soundcore i2c_piix4 ttm input_leds mac_hid serio_raw binfmt_misc msr parport_pc ppdev lp parport efi_pstore nfnetlink dmi_sysfs ip_tables x_tables autofs4 hid_generic usbhid hid ahci psmouse video libahci crc32_pclmul e1000 pata_acpi wmi
2026-07-17T11:30:25.932666-04:00 osboxes kernel: CPU: 0 PID: 0 Comm: swapper/0 Tainted: G        W    L     6.8.0-31-generic #31-Ubuntu
2026-07-17T11:30:25.932668-04:00 osboxes kernel: Hardware name: innotek GmbH VirtualBox/VirtualBox, BIOS VirtualBox 12/01/2006
2026-07-17T11:30:25.932669-04:00 osboxes kernel: RIP: 0010:__do_softirq+0x75/0x363
2026-07-17T11:30:25.932670-04:00 osboxes kernel: Code: 00 00 c7 45 b4 0a 00 00 00 48 89 d8 44 89 fb 44 89 65 b0 49 89 c7 4c 89 75 b8 65 66 c7 05 09 68 7f 47 00 00 fb 0f 1f 44 00 00 <41> bc ff ff ff ff 44 0f bc e3 41 83 c4 01 0f 84 a4 00 00 00 4c 89
2026-07-17T11:30:25.932670-04:00 osboxes kernel: RSP: 0018:ffffbcd040003f58 EFLAGS: 00010282
2026-07-17T11:30:25.932671-04:00 osboxes kernel: RAX: ffffffffb9a0fcc0 RBX: 0000000000000002 RCX: 0000000000000000
2026-07-17T11:30:25.932672-04:00 osboxes kernel: RDX: 0000000000000000 RSI: 0000000000000000 RDI: 0000000000000000
2026-07-17T11:30:25.932675-04:00 osboxes kernel: RBP: ffffbcd040003fb8 R08: 0000000000000000 R09: 0000000000000000
2026-07-17T11:30:25.932677-04:00 osboxes kernel: R10: 0000000000000002 R11: 0000000000000000 R12: 0000000004200002
2026-07-17T11:30:25.932678-04:00 osboxes kernel: R13: 0000000000000000 R14: 0000000103dd2b73 R15: ffffffffb9a0fcc0
2026-07-17T11:30:25.932679-04:00 osboxes kernel: FS:  0000000000000000(0000) GS:ffff99aa3dc00000(0000) knlGS:0000000000000000
2026-07-17T11:30:25.932679-04:00 osboxes kernel: CS:  0010 DS: 0000 ES: 0000 CR0: 0000000080050033
2026-07-17T11:30:25.932680-04:00 osboxes kernel: CR2: 00005ab06c14d780 CR3: 0000000001160000 CR4: 00000000000506f0
2026-07-17T11:30:25.932681-04:00 osboxes kernel: Call Trace:
2026-07-17T11:30:25.932682-04:00 osboxes kernel:  <IRQ>
2026-07-17T11:30:25.932683-04:00 osboxes kernel:  ? show_regs+0x6d/0x80
2026-07-17T11:30:25.932684-04:00 osboxes kernel:  ? watchdog_timer_fn+0x206/0x290
2026-07-17T11:30:25.932685-04:00 osboxes kernel:  ? __pfx_watchdog_timer_fn+0x10/0x10
2026-07-17T11:30:25.932685-04:00 osboxes kernel:  ? __hrtimer_run_queues+0x112/0x2a0
2026-07-17T11:30:25.932686-04:00 osboxes kernel:  ? hrtimer_interrupt+0xf6/0x250
2026-07-17T11:30:25.932686-04:00 osboxes kernel:  ? __sysvec_apic_timer_interrupt+0x51/0x150
2026-07-17T11:30:25.932687-04:00 osboxes kernel:  ? sysvec_apic_timer_interrupt+0x3b/0xd0
2026-07-17T11:30:25.932687-04:00 osboxes kernel:  ? asm_sysvec_apic_timer_interrupt+0x1b/0x20
2026-07-17T11:30:25.932688-04:00 osboxes kernel:  ? __do_softirq+0x75/0x363
2026-07-17T11:30:25.932688-04:00 osboxes kernel:  __irq_exit_rcu+0xd7/0x100
2026-07-17T11:30:25.932689-04:00 osboxes kernel:  irq_exit_rcu+0xe/0x20
2026-07-17T11:30:25.932690-04:00 osboxes kernel:  sysvec_apic_timer_interrupt+0x92/0xd0
2026-07-17T11:30:25.932691-04:00 osboxes kernel:  </IRQ>
2026-07-17T11:30:25.933025-04:00 osboxes kernel:  <TASK>
2026-07-17T11:30:25.933032-04:00 osboxes kernel:  asm_sysvec_apic_timer_interrupt+0x1b/0x20
2026-07-17T11:30:25.933033-04:00 osboxes kernel: RIP: 0010:pv_native_safe_halt+0xb/0x10
2026-07-17T11:30:25.933033-04:00 osboxes kernel: Code: 22 d7 31 ff c3 cc cc cc cc 66 0f 1f 44 00 00 90 90 90 90 90 90 90 90 90 90 90 90 90 90 90 90 eb 07 0f 00 2d d9 a7 3e 00 fb f4 <c3> cc cc cc cc 90 90 90 90 90 90 90 90 90 90 90 90 90 90 90 90 83
2026-07-17T11:30:25.933034-04:00 osboxes kernel: RSP: 0018:ffffffffb9a03e18 EFLAGS: 00010246
2026-07-17T11:30:25.933035-04:00 osboxes kernel: RAX: 0000000000000000 RBX: 0000000000000000 RCX: 0000000000000000
2026-07-17T11:30:25.933035-04:00 osboxes kernel: RDX: 0000000000000000 RSI: 0000000000000000 RDI: 0000000000000000
2026-07-17T11:30:25.933036-04:00 osboxes kernel: RBP: ffffffffb9a03e20 R08: 0000000000000000 R09: 0000000000000000
2026-07-17T11:30:25.933036-04:00 osboxes kernel: R10: 0000000000000000 R11: 0000000000000000 R12: ffffffffb9a0fcc0
2026-07-17T11:30:25.933036-04:00 osboxes kernel: R13: 0000000000000000 R14: 0000000039f9e000 R15: 000000000008a000
2026-07-17T11:30:25.933037-04:00 osboxes kernel:  ? default_idle+0x9/0x30
2026-07-17T11:30:25.933037-04:00 osboxes kernel:  arch_cpu_idle+0x9/0x10
2026-07-17T11:30:25.933037-04:00 osboxes kernel:  default_idle_call+0x2c/0xf0
2026-07-17T11:30:25.933039-04:00 osboxes kernel:  cpuidle_idle_call+0x153/0x190
2026-07-17T11:30:25.933039-04:00 osboxes kernel:  do_idle+0x87/0xf0
2026-07-17T11:30:25.933040-04:00 osboxes kernel:  cpu_startup_entry+0x2a/0x30
2026-07-17T11:30:25.933040-04:00 osboxes kernel:  rest_init+0xde/0x100
2026-07-17T11:30:25.933040-04:00 osboxes kernel:  ? acpi_enable_subsystem+0xe6/0x2a0
2026-07-17T11:30:25.933041-04:00 osboxes kernel:  ? static_key_disable+0x1f/0x30
2026-07-17T11:30:25.933041-04:00 osboxes kernel:  arch_call_rest_init+0xe/0x30
2026-07-17T11:30:25.933042-04:00 osboxes kernel:  start_kernel+0x354/0x450
2026-07-17T11:30:25.933042-04:00 osboxes kernel:  x86_64_start_reservations+0x18/0x30
2026-07-17T11:30:25.933042-04:00 osboxes kernel:  x86_64_start_kernel+0xbf/0x110
2026-07-17T11:30:25.933043-04:00 osboxes kernel:  secondary_startup_64_no_verify+0x184/0x18b
2026-07-17T11:30:25.933043-04:00 osboxes kernel:  </TASK>
2026-07-17T11:30:26.197026-04:00 osboxes kernel: audit: type=1400 audit(1784302225.989:190): apparmor="DENIED" operation="open" class="file" profile="rsyslogd" name="/run/systemd/sessions/" pid=632 comm=72733A6D61696E20513A526567 requested_mask="r" denied_mask="r" fsuid=102 ouid=0
2026-07-17T12:00:01.812444-04:00 osboxes kernel: audit: type=1400 audit(1784304001.806:191): apparmor="DENIED" operation="open" class="file" profile="snap.firmware-updater.firmware-notifier" name="/proc/sys/vm/max_map_count" pid=67853 comm="firmware-notifi" requested_mask="r" denied_mask="r" fsuid=1000 ouid=0
2026-07-17T12:15:01.287436-04:00 osboxes kernel: workqueue: blk_mq_run_work_fn hogged CPU for >13333us 1024 times, consider switching to WQ_UNBOUND
2026-07-17T12:45:51.666672-04:00 osboxes kernel: workqueue: blk_mq_requeue_work hogged CPU for >13333us 4 times, consider switching to WQ_UNBOUND
2026-07-17T15:24:02.599703-04:00 osboxes kernel: watchdog: BUG: soft lockup - CPU#0 stuck for 6638s! [swapper/0:0]
2026-07-17T15:24:03.305997-04:00 osboxes kernel: Modules linked in: isofs snd_seq_dummy snd_hrtimer snd_intel8x0 snd_ac97_codec ac97_bus qrtr snd_pcm snd_seq_midi snd_seq_midi_event vboxsf snd_rawmidi snd_seq snd_seq_device snd_timer crct10dif_pclmul polyval_clmulni polyval_generic ghash_clmulni_intel sha256_ssse3 snd sha1_ssse3 aesni_intel crypto_simd cryptd vmwgfx drm_ttm_helper joydev vboxguest soundcore i2c_piix4 ttm input_leds mac_hid serio_raw binfmt_misc msr parport_pc ppdev lp parport efi_pstore nfnetlink dmi_sysfs ip_tables x_tables autofs4 hid_generic usbhid hid ahci psmouse video libahci crc32_pclmul e1000 pata_acpi wmi
2026-07-17T15:24:03.306011-04:00 osboxes kernel: CPU: 0 PID: 0 Comm: swapper/0 Tainted: G        W    L     6.8.0-31-generic #31-Ubuntu
2026-07-17T15:24:03.306012-04:00 osboxes kernel: Hardware name: innotek GmbH VirtualBox/VirtualBox, BIOS VirtualBox 12/01/2006
2026-07-17T15:24:03.306012-04:00 osboxes kernel: RIP: 0010:pv_native_safe_halt+0xb/0x10
2026-07-17T15:24:03.306013-04:00 osboxes kernel: Code: 22 d7 31 ff c3 cc cc cc cc 66 0f 1f 44 00 00 90 90 90 90 90 90 90 90 90 90 90 90 90 90 90 90 eb 07 0f 00 2d d9 a7 3e 00 fb f4 <c3> cc cc cc cc 90 90 90 90 90 90 90 90 90 90 90 90 90 90 90 90 83
2026-07-17T15:24:03.306013-04:00 osboxes kernel: RSP: 0018:ffffffffb9a03e18 EFLAGS: 00010246
2026-07-17T15:24:03.306014-04:00 osboxes kernel: RAX: 0000000000000000 RBX: 0000000000000000 RCX: 0000000000000000
2026-07-17T15:24:03.306015-04:00 osboxes kernel: RDX: 0000000000000000 RSI: 0000000000000000 RDI: 0000000000000000
2026-07-17T15:24:03.306016-04:00 osboxes kernel: RBP: ffffffffb9a03e20 R08: 0000000000000000 R09: 0000000000000000
2026-07-17T15:24:03.306016-04:00 osboxes kernel: R10: 0000000000000000 R11: 0000000000000000 R12: ffffffffb9a0fcc0
2026-07-17T15:24:03.306016-04:00 osboxes kernel: R13: 0000000000000000 R14: 0000000039f9e000 R15: 000000000008a000
2026-07-17T15:24:03.306017-04:00 osboxes kernel: FS:  0000000000000000(0000) GS:ffff99aa3dc00000(0000) knlGS:0000000000000000
2026-07-17T15:24:03.306017-04:00 osboxes kernel: CS:  0010 DS: 0000 ES: 0000 CR0: 0000000080050033
2026-07-17T15:24:03.306017-04:00 osboxes kernel: CR2: 00005ab06bfebee0 CR3: 000000004e79a000 CR4: 00000000000506f0
2026-07-17T15:24:03.306019-04:00 osboxes kernel: Call Trace:
2026-07-17T15:24:03.306019-04:00 osboxes kernel:  <IRQ>
2026-07-17T15:24:03.306020-04:00 osboxes kernel:  ? show_regs+0x6d/0x80
2026-07-17T15:24:03.306020-04:00 osboxes kernel:  ? watchdog_timer_fn+0x206/0x290
2026-07-17T15:24:03.306021-04:00 osboxes kernel:  ? __pfx_watchdog_timer_fn+0x10/0x10
2026-07-17T15:24:03.306021-04:00 osboxes kernel:  ? __hrtimer_run_queues+0x112/0x2a0
2026-07-17T15:24:03.306021-04:00 osboxes kernel:  ? hrtimer_interrupt+0xf6/0x250
2026-07-17T15:24:03.306022-04:00 osboxes kernel:  ? __sysvec_apic_timer_interrupt+0x51/0x150
2026-07-17T15:24:03.306022-04:00 osboxes kernel:  ? sysvec_apic_timer_interrupt+0x8d/0xd0
2026-07-17T15:24:03.306022-04:00 osboxes kernel:  </IRQ>
2026-07-17T15:24:03.306023-04:00 osboxes kernel:  <TASK>
2026-07-17T15:24:03.306023-04:00 osboxes kernel:  ? asm_sysvec_apic_timer_interrupt+0x1b/0x20
2026-07-17T15:24:03.306024-04:00 osboxes kernel:  ? pv_native_safe_halt+0xb/0x10
2026-07-17T15:24:03.306024-04:00 osboxes kernel:  ? default_idle+0x9/0x30
2026-07-17T15:24:03.306025-04:00 osboxes kernel:  arch_cpu_idle+0x9/0x10
2026-07-17T15:24:03.306025-04:00 osboxes kernel:  default_idle_call+0x2c/0xf0
2026-07-17T15:24:03.306026-04:00 osboxes kernel:  cpuidle_idle_call+0x153/0x190
2026-07-17T15:24:03.306026-04:00 osboxes kernel:  do_idle+0x87/0xf0
2026-07-17T15:24:03.306026-04:00 osboxes kernel:  cpu_startup_entry+0x2a/0x30
2026-07-17T15:24:03.306027-04:00 osboxes kernel:  rest_init+0xde/0x100
2026-07-17T15:24:03.306027-04:00 osboxes kernel:  ? acpi_enable_subsystem+0xe6/0x2a0
2026-07-17T15:24:03.306027-04:00 osboxes kernel:  ? static_key_disable+0x1f/0x30
2026-07-17T15:24:03.306028-04:00 osboxes kernel:  arch_call_rest_init+0xe/0x30
2026-07-17T15:24:03.306028-04:00 osboxes kernel:  start_kernel+0x354/0x450
2026-07-17T15:24:03.306028-04:00 osboxes kernel:  x86_64_start_reservations+0x18/0x30
2026-07-17T15:24:03.306029-04:00 osboxes kernel:  x86_64_start_kernel+0xbf/0x110
2026-07-17T15:24:03.306029-04:00 osboxes kernel:  secondary_startup_64_no_verify+0x184/0x18b
2026-07-17T15:24:03.306029-04:00 osboxes kernel:  </TASK>
2026-07-17T15:24:03.700480-04:00 osboxes kernel: 19:24:03.306890 timesync vgsvcTimeSyncWorker: Radical guest time change: 7 126 809 313 000ns (GuestNow=1 784 316 243 306 412 00
2026-07-17T15:24:03.700507-04:00 osboxes kernel: audit: type=1400 audit(1784316243.596:192): apparmor="DENIED" operation="open" class="file" profile="rsyslogd" name="/run/systemd/sessions/" pid=632 comm=72733A6D61696E20513A526567 requested_mask="r" denied_mask="r" fsuid=102 ouid=0
2026-07-17T19:24:02.961574-04:00 osboxes kernel: rcu: INFO: rcu_preempt detected stalls on CPUs/tasks:
2026-07-17T19:24:02.961603-04:00 osboxes kernel: rcu: 	(detected by 0, t=1204208 jiffies, g=1214917, q=175 ncpus=1)
2026-07-17T19:24:02.961604-04:00 osboxes kernel: rcu: All QSes seen, last rcu_preempt kthread activity 1204208 (4375913068-4374708860), jiffies_till_next_fqs=3, root ->qsmask 0x0
2026-07-17T19:24:02.961605-04:00 osboxes kernel: rcu: rcu_preempt kthread starved for 1204208 jiffies! g1214917 f0x2 RCU_GP_WAIT_FQS(5) ->state=0x0 ->cpu=0
2026-07-17T19:24:02.961606-04:00 osboxes kernel: rcu: 	Unless rcu_preempt kthread gets sufficient CPU time, OOM is now expected behavior.
2026-07-17T19:24:02.961607-04:00 osboxes kernel: rcu: RCU grace-period kthread stack dump:
2026-07-17T19:24:02.961608-04:00 osboxes kernel: task:rcu_preempt     state:R  running task     stack:0     pid:17    tgid:17    ppid:2      flags:0x00004000
2026-07-17T19:24:02.961609-04:00 osboxes kernel: Call Trace:
2026-07-17T19:24:02.961610-04:00 osboxes kernel:  <TASK>
2026-07-17T19:24:02.961610-04:00 osboxes kernel:  __schedule+0x27c/0x6b0
2026-07-17T19:24:02.961611-04:00 osboxes kernel:  ? __pfx_rcu_gp_kthread+0x10/0x10
2026-07-17T19:24:02.961612-04:00 osboxes kernel:  schedule+0x33/0x110
2026-07-17T19:24:02.961612-04:00 osboxes kernel:  schedule_timeout+0x95/0x170
2026-07-17T19:24:02.961613-04:00 osboxes kernel:  ? __pfx_process_timeout+0x10/0x10
2026-07-17T19:24:02.961613-04:00 osboxes kernel:  rcu_gp_fqs_loop+0x105/0x580
2026-07-17T19:24:02.961614-04:00 osboxes kernel:  rcu_gp_kthread+0xea/0x180
2026-07-17T19:24:02.961614-04:00 osboxes kernel:  kthread+0xf2/0x120
2026-07-17T19:24:02.961615-04:00 osboxes kernel:  ? __pfx_kthread+0x10/0x10
2026-07-17T19:24:02.961615-04:00 osboxes kernel:  ret_from_fork+0x47/0x70
2026-07-17T19:24:02.961616-04:00 osboxes kernel:  ? __pfx_kthread+0x10/0x10
2026-07-17T19:24:02.961616-04:00 osboxes kernel:  ret_from_fork_asm+0x1b/0x30
2026-07-17T19:24:02.961617-04:00 osboxes kernel:  </TASK>
2026-07-17T19:24:02.961617-04:00 osboxes kernel: rcu: Stack dump where RCU GP kthread last ran:
2026-07-17T19:24:02.961618-04:00 osboxes kernel: CPU: 0 PID: 106810 Comm: apport Tainted: G        W    L     6.8.0-31-generic #31-Ubuntu
2026-07-17T19:24:02.961619-04:00 osboxes kernel: Hardware name: innotek GmbH VirtualBox/VirtualBox, BIOS VirtualBox 12/01/2006
2026-07-17T19:24:02.961619-04:00 osboxes kernel: RIP: 0033:0x5721de
2026-07-17T19:24:02.961620-04:00 osboxes kernel: Code: 81 7e 08 c0 62 a4 00 0f 85 9d 04 00 00 4d 8d 45 20 4c 89 6d b8 41 89 c5 4d 01 c1 41 83 fa 07 0f 8f 97 00 00 00 49 0f be 1c 08 <48> 85 db 0f 88 f9 00 00 00 48 89 d8 48 c1 e0 04 49 8b 04 01 49 39
2026-07-17T19:24:02.961623-04:00 osboxes kernel: RSP: 002b:00007ffdd1c02760 EFLAGS: 00010246
2026-07-17T19:24:02.961625-04:00 osboxes kernel: RAX: 0000000000000001 RBX: 000000000000001d RCX: 000000000000002c
2026-07-17T19:24:02.961625-04:00 osboxes kernel: RDX: da2c9469e2ddabac RSI: 00007e33b9547f30 RDI: 00007e33b82a15c0
2026-07-17T19:24:02.961626-04:00 osboxes kernel: RBP: 00007ffdd1c027e0 R08: 000000000163ff60 R09: 000000000163ffe0
2026-07-17T19:24:02.961626-04:00 osboxes kernel: R10: 0000000000000007 R11: da2c9469e2ddabac R12: da2c9469e2ddabac
2026-07-17T19:24:02.961627-04:00 osboxes kernel: R13: 0000000000000001 R14: 00007e33b9547f30 R15: 000000000000007f
2026-07-17T19:24:02.961628-04:00 osboxes kernel: FS:  00007e33b95aa080 GS:  0000000000000000
2026-07-17T19:24:02.961628-04:00 osboxes kernel: rcu: INFO: rcu_preempt detected stalls on CPUs/tasks:
2026-07-17T19:24:02.961629-04:00 osboxes kernel: rcu: 	(detected by 0, t=14398350 jiffies, g=1214917, q=175 ncpus=1)
2026-07-17T19:24:02.961630-04:00 osboxes kernel: rcu: All QSes seen, last rcu_preempt kthread activity 14398350 (4389107210-4374708860), jiffies_till_next_fqs=3, root ->qsmask 0x0
2026-07-17T19:24:02.961630-04:00 osboxes kernel: rcu: rcu_preempt kthread starved for 14398350 jiffies! g1214917 f0x2 RCU_GP_WAIT_FQS(5) ->state=0x0 ->cpu=0
2026-07-17T19:24:02.961631-04:00 osboxes kernel: rcu: 	Unless rcu_preempt kthread gets sufficient CPU time, OOM is now expected behavior.
2026-07-17T19:24:02.961631-04:00 osboxes kernel: rcu: RCU grace-period kthread stack dump:
2026-07-17T19:24:02.961632-04:00 osboxes kernel: task:rcu_preempt     state:R  running task     stack:0     pid:17    tgid:17    ppid:2      flags:0x00004000
2026-07-17T19:24:02.961633-04:00 osboxes kernel: Call Trace:
2026-07-17T19:24:02.961633-04:00 osboxes kernel:  <TASK>
2026-07-17T19:24:02.961634-04:00 osboxes kernel:  __schedule+0x27c/0x6b0
2026-07-17T19:24:02.961634-04:00 osboxes kernel:  ? __pfx_rcu_gp_kthread+0x10/0x10
2026-07-17T19:24:02.961635-04:00 osboxes kernel:  schedule+0x33/0x110
2026-07-17T19:24:02.961635-04:00 osboxes kernel:  schedule_timeout+0x95/0x170
2026-07-17T19:24:02.961636-04:00 osboxes kernel:  ? __pfx_process_timeout+0x10/0x10
2026-07-17T19:24:02.961637-04:00 osboxes kernel:  rcu_gp_fqs_loop+0x105/0x580
2026-07-17T19:24:02.961637-04:00 osboxes kernel:  rcu_gp_kthread+0xea/0x180
2026-07-17T19:24:02.961637-04:00 osboxes kernel:  kthread+0xf2/0x120
2026-07-17T19:24:02.961638-04:00 osboxes kernel:  ? __pfx_kthread+0x10/0x10
2026-07-17T19:24:02.961638-04:00 osboxes kernel:  ret_from_fork+0x47/0x70
2026-07-17T19:24:02.961712-04:00 osboxes kernel:  ? __pfx_kthread+0x10/0x10
2026-07-17T19:24:02.961717-04:00 osboxes kernel:  ret_from_fork_asm+0x1b/0x30
2026-07-17T19:24:02.961718-04:00 osboxes kernel:  </TASK>
2026-07-17T19:24:02.961719-04:00 osboxes kernel: rcu: Stack dump where RCU GP kthread last ran:
2026-07-17T19:24:02.961719-04:00 osboxes kernel: CPU: 0 PID: 106810 Comm: apport Tainted: G        W    L     6.8.0-31-generic #31-Ubuntu
2026-07-17T19:24:02.961720-04:00 osboxes kernel: Hardware name: innotek GmbH VirtualBox/VirtualBox, BIOS VirtualBox 12/01/2006
2026-07-17T19:24:02.961721-04:00 osboxes kernel: RIP: 0033:0x5721de
2026-07-17T19:24:02.961721-04:00 osboxes kernel: Code: 81 7e 08 c0 62 a4 00 0f 85 9d 04 00 00 4d 8d 45 20 4c 89 6d b8 41 89 c5 4d 01 c1 41 83 fa 07 0f 8f 97 00 00 00 49 0f be 1c 08 <48> 85 db 0f 88 f9 00 00 00 48 89 d8 48 c1 e0 04 49 8b 04 01 49 39
2026-07-17T19:24:02.961722-04:00 osboxes kernel: RSP: 002b:00007ffdd1c02760 EFLAGS: 00010246
2026-07-17T19:24:02.961723-04:00 osboxes kernel: RAX: 0000000000000001 RBX: 000000000000001d RCX: 000000000000002c
2026-07-17T19:24:02.961723-04:00 osboxes kernel: RDX: da2c9469e2ddabac RSI: 00007e33b9547f30 RDI: 00007e33b82a15c0
2026-07-17T19:24:02.961724-04:00 osboxes kernel: RBP: 00007ffdd1c027e0 R08: 000000000163ff60 R09: 000000000163ffe0
2026-07-17T19:24:02.961725-04:00 osboxes kernel: R10: 0000000000000007 R11: da2c9469e2ddabac R12: da2c9469e2ddabac
2026-07-17T19:24:02.961725-04:00 osboxes kernel: R13: 0000000000000001 R14: 00007e33b9547f30 R15: 000000000000007f
2026-07-17T19:24:02.961726-04:00 osboxes kernel: FS:  00007e33b95aa080 GS:  0000000000000000
2026-07-17T19:24:04.125244-04:00 osboxes kernel: 23:24:02.926321 timesync vgsvcTimeSyncWorker: Radical guest time change: 14 399 619 893 000ns (GuestNow=1 784 330 642 926 305 0
2026-07-17T21:45:28.631257-04:00 osboxes kernel: 01:45:21.439134 timesync vgsvcTimeSyncWorker: Radical host time change: 8 478 547 000 000ns (HostNow=1 784 339 121 439 000 000 
2026-07-17T21:45:28.631348-04:00 osboxes kernel: audit: type=1400 audit(1784339128.624:193): apparmor="DENIED" operation="open" class="file" profile="snap.firmware-updater.firmware-notifier" name="/proc/sys/vm/max_map_count" pid=106813 comm="firmware-notifi" requested_mask="r" denied_mask="r" fsuid=1000 ouid=0
2026-07-17T21:45:30.808115-04:00 osboxes kernel: audit: type=1400 audit(1784339130.785:194): apparmor="DENIED" operation="open" class="file" profile="snap.firmware-updater.firmware-notifier" name="/proc/sys/vm/max_map_count" pid=107181 comm="firmware-notifi" requested_mask="r" denied_mask="r" fsuid=1000 ouid=0
2026-07-17T21:45:36.850876-04:00 osboxes kernel: 01:45:31.449390 timesync vgsvcTimeSyncWorker: Radical guest time change: 8 478 319 894 000ns (GuestNow=1 784 339 131 449 367 00
2026-07-17T21:45:36.850940-04:00 osboxes kernel: workqueue: blk_mq_requeue_work hogged CPU for >13333us 8 times, consider switching to WQ_UNBOUND
2026-07-17T21:45:46.604060-04:00 osboxes kernel: [drm] vmwgfx: mob memory overflow. Consider increasing guest RAM and graphicsMemory.
2026-07-17T21:45:46.604095-04:00 osboxes kernel: [drm] vmwgfx: increasing guest mob limits to 98304 kB.
2026-07-17T21:45:55.027949-04:00 osboxes kernel: loop15: detected capacity change from 0 to 151512
2026-07-17T22:10:19.641838-04:00 osboxes kernel: workqueue: blk_mq_run_work_fn hogged CPU for >13333us 2048 times, consider switching to WQ_UNBOUND
2026-07-17T22:44:53.031141-04:00 osboxes kernel: workqueue: e1000_watchdog [e1000] hogged CPU for >13333us 16 times, consider switching to WQ_UNBOUND
2026-07-18T00:00:01.910912-04:00 osboxes kernel: audit: type=1400 audit(1784347201.905:195): apparmor="DENIED" operation="capable" class="cap" profile="/usr/sbin/cupsd" pid=169119 comm="cupsd" capability=12  capname="net_admin"
2026-07-18T00:00:02.512958-04:00 osboxes kernel: audit: type=1400 audit(1784347202.501:196): apparmor="DENIED" operation="capable" class="cap" profile="/usr/lib/snapd/snap-confine" pid=169127 comm="snap-confine" capability=12  capname="net_admin"
2026-07-18T00:00:02.681237-04:00 osboxes kernel: audit: type=1400 audit(1784347202.668:197): apparmor="DENIED" operation="open" class="file" profile="snap.firmware-updater.firmware-notifier" name="/proc/sys/vm/max_map_count" pid=169063 comm="firmware-notifi" requested_mask="r" denied_mask="r" fsuid=1000 ouid=0
2026-07-18T10:20:51.190363-04:00 osboxes kernel: Linux version 6.8.0-31-generic (buildd@lcy02-amd64-080) (x86_64-linux-gnu-gcc-13 (Ubuntu 13.2.0-23ubuntu4) 13.2.0, GNU ld (GNU Binutils for Ubuntu) 2.42) #31-Ubuntu SMP PREEMPT_DYNAMIC Sat Apr 20 00:40:06 UTC 2024 (Ubuntu 6.8.0-31.31-generic 6.8.1)
2026-07-18T10:20:51.225066-04:00 osboxes kernel: Command line: BOOT_IMAGE=/boot/vmlinuz-6.8.0-31-generic root=UUID=877292f0-69dd-4735-bca5-47131956fcc0 ro quiet splash
2026-07-18T10:20:51.225081-04:00 osboxes kernel: KERNEL supported cpus:
2026-07-18T10:20:51.225082-04:00 osboxes kernel:   Intel GenuineIntel
2026-07-18T10:20:51.225082-04:00 osboxes kernel:   AMD AuthenticAMD
2026-07-18T10:20:51.225082-04:00 osboxes kernel:   Hygon HygonGenuine
2026-07-18T10:20:51.225082-04:00 osboxes kernel:   Centaur CentaurHauls
2026-07-18T10:20:51.225116-04:00 osboxes kernel:   zhaoxin   Shanghai  
2026-07-18T10:20:51.225119-04:00 osboxes kernel: [Firmware Bug]: TSC doesn't count with P0 frequency!
2026-07-18T10:20:51.225120-04:00 osboxes kernel: ------------[ cut here ]------------
2026-07-18T10:20:51.225120-04:00 osboxes kernel: Family 0x1a, model: 0x60??
2026-07-18T10:20:51.225120-04:00 osboxes kernel: WARNING: CPU: 0 PID: 0 at arch/x86/kernel/cpu/amd.c:593 bsp_init_amd+0x369/0x3e0
2026-07-18T10:20:51.225121-04:00 osboxes kernel: Modules linked in:
2026-07-18T10:20:51.225154-04:00 osboxes kernel: CPU: 0 PID: 0 Comm: swapper Not tainted 6.8.0-31-generic #31-Ubuntu
2026-07-18T10:20:51.225156-04:00 osboxes kernel: RIP: 0010:bsp_init_amd+0x369/0x3e0
2026-07-18T10:20:51.225157-04:00 osboxes kernel: Code: 0f 87 4f e5 12 01 41 83 e4 01 0f 85 79 fd ff ff 0f b6 53 02 0f b6 33 48 c7 c7 d6 20 5d a9 c6 05 62 a6 77 02 01 e8 47 17 08 00 <0f> 0b e9 58 fd ff ff 83 e8 70 3c 0f 77 bc e9 e0 fe ff ff 83 e8 60
2026-07-18T10:20:51.225158-04:00 osboxes kernel: RSP: 0000:ffffffffa9e03e28 EFLAGS: 00010046 ORIG_RAX: 0000000000000000
2026-07-18T10:20:51.225158-04:00 osboxes kernel: RAX: 0000000000000000 RBX: ffffffffaa244f80 RCX: 0000000000000000
2026-07-18T10:20:51.225158-04:00 osboxes kernel: RDX: 0000000000000000 RSI: 0000000000000000 RDI: 0000000000000000
2026-07-18T10:20:51.225158-04:00 osboxes kernel: RBP: ffffffffa9e03e50 R08: 0000000000000000 R09: 0000000000000000
2026-07-18T10:20:51.225191-04:00 osboxes kernel: R10: 0000000000000000 R11: 0000000000000000 R12: 0000000000000000
2026-07-18T10:20:51.225194-04:00 osboxes kernel: R13: 0000000000000004 R14: 000000002a39e000 R15: 000000000008a000
2026-07-18T10:20:51.225194-04:00 osboxes kernel: FS:  0000000000000000(0000) GS:ffffffffaa277000(0000) knlGS:0000000000000000
2026-07-18T10:20:51.225195-04:00 osboxes kernel: CS:  0010 DS: 0000 ES: 0000 CR0: 0000000080050033
2026-07-18T10:20:51.225195-04:00 osboxes kernel: CR2: ffff88800008a000 CR3: 000000005959e000 CR4: 00000000000000b0
2026-07-18T10:20:51.225195-04:00 osboxes kernel: Call Trace:
2026-07-18T10:20:51.225229-04:00 osboxes kernel:  <TASK>
2026-07-18T10:20:51.225232-04:00 osboxes kernel:  ? show_regs+0x6d/0x80
2026-07-18T10:20:51.225232-04:00 osboxes kernel:  ? __warn+0x89/0x160
2026-07-18T10:20:51.225232-04:00 osboxes kernel:  ? bsp_init_amd+0x369/0x3e0
2026-07-18T10:20:51.225233-04:00 osboxes kernel:  ? report_bug+0x17e/0x1b0
2026-07-18T10:20:51.225233-04:00 osboxes kernel:  ? fixup_exception+0x27/0x390
2026-07-18T10:20:51.225266-04:00 osboxes kernel:  ? early_fixup_exception+0x9b/0xf0
2026-07-18T10:20:51.225269-04:00 osboxes kernel:  ? do_early_exception+0x25/0x80
2026-07-18T10:20:51.225269-04:00 osboxes kernel:  ? early_idt_handler_common+0x2f/0x3a
2026-07-18T10:20:51.225269-04:00 osboxes kernel:  ? bsp_init_amd+0x369/0x3e0
2026-07-18T10:20:51.225270-04:00 osboxes kernel:  ? bsp_init_amd+0x369/0x3e0
2026-07-18T10:20:51.225274-04:00 osboxes kernel:  early_identify_cpu.constprop.0+0xb0/0x110
2026-07-18T10:20:51.225274-04:00 osboxes kernel:  early_cpu_init+0xa3/0xd0
2026-07-18T10:20:51.225489-04:00 osboxes kernel:  setup_arch+0x55/0xbf0
2026-07-18T10:20:51.225496-04:00 osboxes kernel:  ? lockdown_lsm_init+0x21/0x30
2026-07-18T10:20:51.225497-04:00 osboxes kernel:  start_kernel+0x64/0x450
2026-07-18T10:20:51.225497-04:00 osboxes kernel:  x86_64_start_reservations+0x18/0x30
2026-07-18T10:20:51.225498-04:00 osboxes kernel:  x86_64_start_kernel+0xbf/0x110
2026-07-18T10:20:51.225498-04:00 osboxes kernel:  secondary_startup_64_no_verify+0x184/0x18b
2026-07-18T10:20:51.225546-04:00 osboxes kernel:  </TASK>
2026-07-18T10:20:51.225549-04:00 osboxes kernel: ---[ end trace 0000000000000000 ]---
2026-07-18T10:20:51.225549-04:00 osboxes kernel: BIOS-provided physical RAM map:
2026-07-18T10:20:51.225550-04:00 osboxes kernel: BIOS-e820: [mem 0x0000000000000000-0x000000000009fbff] usable
2026-07-18T10:20:51.225550-04:00 osboxes kernel: BIOS-e820: [mem 0x000000000009fc00-0x000000000009ffff] reserved
2026-07-18T10:20:51.225550-04:00 osboxes kernel: BIOS-e820: [mem 0x00000000000f0000-0x00000000000fffff] reserved
2026-07-18T10:20:51.225591-04:00 osboxes kernel: BIOS-e820: [mem 0x0000000000100000-0x000000007ffeffff] usable
2026-07-18T10:20:51.225595-04:00 osboxes kernel: BIOS-e820: [mem 0x000000007fff0000-0x000000007fffffff] ACPI data
2026-07-18T10:20:51.225595-04:00 osboxes kernel: BIOS-e820: [mem 0x00000000fec00000-0x00000000fec00fff] reserved
2026-07-18T10:20:51.225596-04:00 osboxes kernel: BIOS-e820: [mem 0x00000000fee00000-0x00000000fee00fff] reserved
2026-07-18T10:20:51.225597-04:00 osboxes kernel: BIOS-e820: [mem 0x00000000fffc0000-0x00000000ffffffff] reserved
2026-07-18T10:20:51.225597-04:00 osboxes kernel: NX (Execute Disable) protection: active
2026-07-18T10:20:51.225598-04:00 osboxes kernel: APIC: Static calls initialized
2026-07-18T10:20:51.225637-04:00 osboxes kernel: SMBIOS 2.5 present.
2026-07-18T10:20:51.225671-04:00 osboxes kernel: DMI: innotek GmbH VirtualBox/VirtualBox, BIOS VirtualBox 12/01/2006
2026-07-18T10:20:51.225671-04:00 osboxes kernel: Hypervisor detected: KVM
2026-07-18T10:20:51.225672-04:00 osboxes kernel: kvm-clock: Using msrs 4b564d01 and 4b564d00
2026-07-18T10:20:51.225673-04:00 osboxes kernel: kvm-clock: using sched offset of 15256062842 cycles
2026-07-18T10:20:51.225673-04:00 osboxes kernel: clocksource: kvm-clock: mask: 0xffffffffffffffff max_cycles: 0x1cd42e4dffb, max_idle_ns: 881590591483 ns
2026-07-18T10:20:51.225890-04:00 osboxes kernel: tsc: Detected 1996.202 MHz processor
2026-07-18T10:20:51.225894-04:00 osboxes kernel: e820: update [mem 0x00000000-0x00000fff] usable ==> reserved
2026-07-18T10:20:51.225895-04:00 osboxes kernel: e820: remove [mem 0x000a0000-0x000fffff] usable
2026-07-18T10:20:51.225895-04:00 osboxes kernel: last_pfn = 0x7fff0 max_arch_pfn = 0x400000000
2026-07-18T10:20:51.225895-04:00 osboxes kernel: MTRR map: 3 entries (3 fixed + 0 variable; max 19), built from 8 variable MTRRs
2026-07-18T10:20:51.225896-04:00 osboxes kernel: x86/PAT: Configuration [0-7]: WB  WC  UC- UC  WB  WP  UC- WT  
2026-07-18T10:20:51.225937-04:00 osboxes kernel: CPU MTRRs all blank - virtualized system.
2026-07-18T10:20:51.225939-04:00 osboxes kernel: found SMP MP-table at [mem 0x0009fbf0-0x0009fbff]
2026-07-18T10:20:51.225940-04:00 osboxes kernel: RAMDISK: [mem 0x302ab000-0x3414cfff]
2026-07-18T10:20:51.225940-04:00 osboxes kernel: ACPI: Early table checksum verification disabled
2026-07-18T10:20:51.225940-04:00 osboxes kernel: ACPI: RSDP 0x00000000000E0000 000024 (v02 VBOX  )
2026-07-18T10:20:51.225940-04:00 osboxes kernel: ACPI: XSDT 0x000000007FFF0030 00003C (v01 VBOX   VBOXXSDT 00000001 ASL  00000061)
2026-07-18T10:20:51.225941-04:00 osboxes kernel: ACPI: FACP 0x000000007FFF00F0 0000F4 (v04 VBOX   VBOXFACP 00000001 ASL  00000061)
2026-07-18T10:20:51.225976-04:00 osboxes kernel: ACPI: DSDT 0x000000007FFF02E0 002353 (v02 VBOX   VBOXBIOS 00000002 VBOX 0002A853)
2026-07-18T10:20:51.225980-04:00 osboxes kernel: ACPI: FACS 0x000000007FFF0200 000040
2026-07-18T10:20:51.225981-04:00 osboxes kernel: ACPI: FACS 0x000000007FFF0200 000040
2026-07-18T10:20:51.225983-04:00 osboxes kernel: ACPI: APIC 0x000000007FFF0240 000054 (v02 VBOX   VBOXAPIC 00000001 ASL  00000061)
2026-07-18T10:20:51.225983-04:00 osboxes kernel: ACPI: SSDT 0x000000007FFF02A0 000038 (v01 VBOX   VBOXCPUT 00000002 VBOX 0002A853)
2026-07-18T10:20:51.225984-04:00 osboxes kernel: ACPI: Reserving FACP table memory at [mem 0x7fff00f0-0x7fff01e3]
2026-07-18T10:20:51.226025-04:00 osboxes kernel: ACPI: Reserving DSDT table memory at [mem 0x7fff02e0-0x7fff2632]
2026-07-18T10:20:51.226028-04:00 osboxes kernel: ACPI: Reserving FACS table memory at [mem 0x7fff0200-0x7fff023f]
2026-07-18T10:20:51.226028-04:00 osboxes kernel: ACPI: Reserving FACS table memory at [mem 0x7fff0200-0x7fff023f]
2026-07-18T10:20:51.226030-04:00 osboxes kernel: ACPI: Reserving APIC table memory at [mem 0x7fff0240-0x7fff0293]
2026-07-18T10:20:51.226031-04:00 osboxes kernel: ACPI: Reserving SSDT table memory at [mem 0x7fff02a0-0x7fff02d7]
2026-07-18T10:20:51.226031-04:00 osboxes kernel: No NUMA configuration found
2026-07-18T10:20:51.226176-04:00 osboxes kernel: Faking a node at [mem 0x0000000000000000-0x000000007ffeffff]
2026-07-18T10:20:51.226179-04:00 osboxes kernel: NODE_DATA(0) allocated [mem 0x7ffc5000-0x7ffeffff]
2026-07-18T10:20:51.226180-04:00 osboxes kernel: Zone ranges:
2026-07-18T10:20:51.226180-04:00 osboxes kernel:   DMA      [mem 0x0000000000001000-0x0000000000ffffff]
2026-07-18T10:20:51.226180-04:00 osboxes kernel:   DMA32    [mem 0x0000000001000000-0x000000007ffeffff]
2026-07-18T10:20:51.226181-04:00 osboxes kernel:   Normal   empty
2026-07-18T10:20:51.226181-04:00 osboxes kernel:   Device   empty
2026-07-18T10:20:51.226218-04:00 osboxes kernel: Movable zone start for each node
2026-07-18T10:20:51.226221-04:00 osboxes kernel: Early memory node ranges
2026-07-18T10:20:51.226221-04:00 osboxes kernel:   node   0: [mem 0x0000000000001000-0x000000000009efff]
2026-07-18T10:20:51.226222-04:00 osboxes kernel:   node   0: [mem 0x0000000000100000-0x000000007ffeffff]
2026-07-18T10:20:51.226222-04:00 osboxes kernel: Initmem setup node 0 [mem 0x0000000000001000-0x000000007ffeffff]
2026-07-18T10:20:51.226222-04:00 osboxes kernel: On node 0, zone DMA: 1 pages in unavailable ranges
2026-07-18T10:20:51.226254-04:00 osboxes kernel: On node 0, zone DMA: 97 pages in unavailable ranges
2026-07-18T10:20:51.226257-04:00 osboxes kernel: On node 0, zone DMA32: 16 pages in unavailable ranges
2026-07-18T10:20:51.226257-04:00 osboxes kernel: ACPI: PM-Timer IO Port: 0x4008
2026-07-18T10:20:51.226258-04:00 osboxes kernel: IOAPIC[0]: apic_id 1, version 32, address 0xfec00000, GSI 0-23
2026-07-18T10:20:51.226258-04:00 osboxes kernel: ACPI: INT_SRC_OVR (bus 0 bus_irq 0 global_irq 2 dfl dfl)
2026-07-18T10:20:51.226258-04:00 osboxes kernel: ACPI: INT_SRC_OVR (bus 0 bus_irq 9 global_irq 9 low level)
2026-07-18T10:20:51.226290-04:00 osboxes kernel: ACPI: Using ACPI (MADT) for SMP configuration information
2026-07-18T10:20:51.226293-04:00 osboxes kernel: smpboot: Allowing 1 CPUs, 0 hotplug CPUs
2026-07-18T10:20:51.226293-04:00 osboxes kernel: PM: hibernation: Registered nosave memory: [mem 0x00000000-0x00000fff]
2026-07-18T10:20:51.226293-04:00 osboxes kernel: PM: hibernation: Registered nosave memory: [mem 0x0009f000-0x0009ffff]
2026-07-18T10:20:51.226294-04:00 osboxes kernel: PM: hibernation: Registered nosave memory: [mem 0x000a0000-0x000effff]
2026-07-18T10:20:51.226294-04:00 osboxes kernel: PM: hibernation: Registered nosave memory: [mem 0x000f0000-0x000fffff]
2026-07-18T10:20:51.226294-04:00 osboxes kernel: [mem 0x80000000-0xfebfffff] available for PCI devices
2026-07-18T10:20:51.226340-04:00 osboxes kernel: Booting paravirtualized kernel on KVM
2026-07-18T10:20:51.226396-04:00 osboxes kernel: clocksource: refined-jiffies: mask: 0xffffffff max_cycles: 0xffffffff, max_idle_ns: 1910969940391419 ns
2026-07-18T10:20:51.226398-04:00 osboxes kernel: setup_percpu: NR_CPUS:8192 nr_cpumask_bits:1 nr_cpu_ids:1 nr_node_ids:1
2026-07-18T10:20:51.226399-04:00 osboxes kernel: percpu: Embedded 86 pages/cpu s229376 r8192 d114688 u2097152
2026-07-18T10:20:51.226399-04:00 osboxes kernel: pcpu-alloc: s229376 r8192 d114688 u2097152 alloc=1*2097152
2026-07-18T10:20:51.226400-04:00 osboxes kernel: pcpu-alloc: [0] 0 
2026-07-18T10:20:51.226490-04:00 osboxes kernel: kvm-guest: PV spinlocks disabled, single CPU
2026-07-18T10:20:51.226495-04:00 osboxes kernel: Kernel command line: BOOT_IMAGE=/boot/vmlinuz-6.8.0-31-generic root=UUID=877292f0-69dd-4735-bca5-47131956fcc0 ro quiet splash
2026-07-18T10:20:51.226496-04:00 osboxes kernel: Unknown kernel command line parameters "splash BOOT_IMAGE=/boot/vmlinuz-6.8.0-31-generic", will be passed to user space.
2026-07-18T10:20:51.226496-04:00 osboxes kernel: random: crng init done
2026-07-18T10:20:51.226497-04:00 osboxes kernel: Dentry cache hash table entries: 262144 (order: 9, 2097152 bytes, linear)
2026-07-18T10:20:51.226497-04:00 osboxes kernel: Inode-cache hash table entries: 131072 (order: 8, 1048576 bytes, linear)
2026-07-18T10:20:51.226539-04:00 osboxes kernel: Fallback order for Node 0: 0 
2026-07-18T10:20:51.226542-04:00 osboxes kernel: Built 1 zonelists, mobility grouping on.  Total pages: 515824
2026-07-18T10:20:51.226542-04:00 osboxes kernel: Policy zone: DMA32
2026-07-18T10:20:51.226543-04:00 osboxes kernel: mem auto-init: stack:all(zero), heap alloc:on, heap free:off
2026-07-18T10:20:51.226543-04:00 osboxes kernel: Memory: 1943988K/2096696K available (22528K kernel code, 4438K rwdata, 14288K rodata, 4976K init, 4736K bss, 152448K reserved, 0K cma-reserved)
2026-07-18T10:20:51.226543-04:00 osboxes kernel: SLUB: HWalign=64, Order=0-3, MinObjects=0, CPUs=1, Nodes=1
2026-07-18T10:20:51.226582-04:00 osboxes kernel: ftrace: allocating 57796 entries in 226 pages
2026-07-18T10:20:51.226586-04:00 osboxes kernel: ftrace: allocated 226 pages with 4 groups
2026-07-18T10:20:51.226586-04:00 osboxes kernel: Dynamic Preempt: voluntary
2026-07-18T10:20:51.226587-04:00 osboxes kernel: rcu: Preemptible hierarchical RCU implementation.
2026-07-18T10:20:51.226587-04:00 osboxes kernel: rcu: 	RCU restricting CPUs from NR_CPUS=8192 to nr_cpu_ids=1.
2026-07-18T10:20:51.226587-04:00 osboxes kernel: 	Trampoline variant of Tasks RCU enabled.
2026-07-18T10:20:51.226673-04:00 osboxes kernel: 	Rude variant of Tasks RCU enabled.
2026-07-18T10:20:51.226678-04:00 osboxes kernel: 	Tracing variant of Tasks RCU enabled.
2026-07-18T10:20:51.226679-04:00 osboxes kernel: rcu: RCU calculated value of scheduler-enlistment delay is 100 jiffies.
2026-07-18T10:20:51.226679-04:00 osboxes kernel: rcu: Adjusting geometry for rcu_fanout_leaf=16, nr_cpu_ids=1
2026-07-18T10:20:51.226679-04:00 osboxes kernel: NR_IRQS: 524544, nr_irqs: 256, preallocated irqs: 16
2026-07-18T10:20:51.226680-04:00 osboxes kernel: rcu: srcu_init: Setting srcu_struct sizes based on contention.
2026-07-18T10:20:51.226680-04:00 osboxes kernel: Console: colour VGA+ 80x25
2026-07-18T10:20:51.226721-04:00 osboxes kernel: printk: legacy console [tty0] enabled
2026-07-18T10:20:51.226724-04:00 osboxes kernel: ACPI: Core revision 20230628
2026-07-18T10:20:51.226724-04:00 osboxes kernel: APIC: Switch to symmetric I/O mode setup
2026-07-18T10:20:51.226724-04:00 osboxes kernel: ..TIMER: vector=0x30 apic1=0 pin1=2 apic2=-1 pin2=-1
2026-07-18T10:20:51.226725-04:00 osboxes kernel: clocksource: tsc-early: mask: 0xffffffffffffffff max_cycles: 0x398c54e8bdf, max_idle_ns: 881590506184 ns
2026-07-18T10:20:51.226725-04:00 osboxes kernel: Calibrating delay loop (skipped) preset value.. 3992.40 BogoMIPS (lpj=1996202)
2026-07-18T10:20:51.226757-04:00 osboxes kernel: CPU0: Hyper-Threading is disabled
2026-07-18T10:20:51.226760-04:00 osboxes kernel: Last level iTLB entries: 4KB 64, 2MB 64, 4MB 32
2026-07-18T10:20:51.226761-04:00 osboxes kernel: Last level dTLB entries: 4KB 128, 2MB 128, 4MB 64, 1GB 0
2026-07-18T10:20:51.226761-04:00 osboxes kernel: Spectre V1 : Mitigation: usercopy/swapgs barriers and __user pointer sanitization
2026-07-18T10:20:51.226761-04:00 osboxes kernel: Spectre V2 : Mitigation: Retpolines
2026-07-18T10:20:51.226761-04:00 osboxes kernel: Spectre V2 : Spectre v2 / SpectreRSB mitigation: Filling RSB on context switch
2026-07-18T10:20:51.226794-04:00 osboxes kernel: Spectre V2 : Spectre v2 / SpectreRSB : Filling RSB on VMEXIT
2026-07-18T10:20:51.226796-04:00 osboxes kernel: x86/fpu: Supporting XSAVE feature 0x001: 'x87 floating point registers'
2026-07-18T10:20:51.226797-04:00 osboxes kernel: x86/fpu: Supporting XSAVE feature 0x002: 'SSE registers'
2026-07-18T10:20:51.226797-04:00 osboxes kernel: x86/fpu: Supporting XSAVE feature 0x004: 'AVX registers'
2026-07-18T10:20:51.226797-04:00 osboxes kernel: x86/fpu: xstate_offset[2]:  576, xstate_sizes[2]:  256
2026-07-18T10:20:51.226798-04:00 osboxes kernel: x86/fpu: Enabled xstate features 0x7, context size is 832 bytes, using 'standard' format.
2026-07-18T10:20:51.226798-04:00 osboxes kernel: Freeing SMP alternatives memory: 48K
2026-07-18T10:20:51.226852-04:00 osboxes kernel: pid_max: default: 32768 minimum: 301
2026-07-18T10:20:51.226855-04:00 osboxes kernel: LSM: initializing lsm=lockdown,capability,landlock,yama,apparmor,integrity
2026-07-18T10:20:51.226855-04:00 osboxes kernel: landlock: Up and running.
2026-07-18T10:20:51.226856-04:00 osboxes kernel: Yama: becoming mindful.
2026-07-18T10:20:51.226856-04:00 osboxes kernel: AppArmor: AppArmor initialized
2026-07-18T10:20:51.226856-04:00 osboxes kernel: Mount-cache hash table entries: 4096 (order: 3, 32768 bytes, linear)
2026-07-18T10:20:51.226888-04:00 osboxes kernel: Mountpoint-cache hash table entries: 4096 (order: 3, 32768 bytes, linear)
2026-07-18T10:20:51.226891-04:00 osboxes kernel: APIC calibration not consistent with PM-Timer: 176ms instead of 100ms
2026-07-18T10:20:51.226891-04:00 osboxes kernel: APIC delta adjusted to PM-Timer: 6283002 (11078849)
2026-07-18T10:20:51.226891-04:00 osboxes kernel: smpboot: CPU0: AMD Ryzen AI 7 350 w/ Radeon 860M (family: 0x1a, model: 0x60, stepping: 0x0)
2026-07-18T10:20:51.226892-04:00 osboxes kernel: RCU Tasks: Setting shift to 0 and lim to 1 rcu_task_cb_adjust=1.
2026-07-18T10:20:51.226892-04:00 osboxes kernel: RCU Tasks Rude: Setting shift to 0 and lim to 1 rcu_task_cb_adjust=1.
2026-07-18T10:20:51.226892-04:00 osboxes kernel: RCU Tasks Trace: Setting shift to 0 and lim to 1 rcu_task_cb_adjust=1.
2026-07-18T10:20:51.226930-04:00 osboxes kernel: Performance Events: PMU not available due to virtualization, using software events only.
2026-07-18T10:20:51.226933-04:00 osboxes kernel: signal: max sigframe size: 1776
2026-07-18T10:20:51.226933-04:00 osboxes kernel: rcu: Hierarchical SRCU implementation.
2026-07-18T10:20:51.226934-04:00 osboxes kernel: rcu: 	Max phase no-delay instances is 400.
2026-07-18T10:20:51.226934-04:00 osboxes kernel: NMI watchdog: Perf NMI watchdog permanently disabled
2026-07-18T10:20:51.226934-04:00 osboxes kernel: smp: Bringing up secondary CPUs ...
2026-07-18T10:20:51.253402-04:00 osboxes kernel: smp: Brought up 1 node, 1 CPU
2026-07-18T10:20:51.253612-04:00 osboxes kernel: smpboot: Max logical packages: 1
2026-07-18T10:20:51.253614-04:00 osboxes kernel: smpboot: Total of 1 processors activated (3992.40 BogoMIPS)
2026-07-18T10:20:51.253615-04:00 osboxes kernel: devtmpfs: initialized
2026-07-18T10:20:51.253615-04:00 osboxes kernel: x86/mm: Memory block size: 128MB
2026-07-18T10:20:51.253616-04:00 osboxes kernel: clocksource: jiffies: mask: 0xffffffff max_cycles: 0xffffffff, max_idle_ns: 1911260446275000 ns
2026-07-18T10:20:51.253623-04:00 osboxes kernel: futex hash table entries: 256 (order: 2, 16384 bytes, linear)
2026-07-18T10:20:51.253623-04:00 osboxes kernel: pinctrl core: initialized pinctrl subsystem
2026-07-18T10:20:51.253623-04:00 osboxes kernel: PM: RTC time: 14:20:04, date: 2026-07-18
2026-07-18T10:20:51.253624-04:00 osboxes kernel: NET: Registered PF_NETLINK/PF_ROUTE protocol family
2026-07-18T10:20:51.253624-04:00 osboxes kernel: DMA: preallocated 256 KiB GFP_KERNEL pool for atomic allocations
2026-07-18T10:20:51.253624-04:00 osboxes kernel: DMA: preallocated 256 KiB GFP_KERNEL|GFP_DMA pool for atomic allocations
2026-07-18T10:20:51.253624-04:00 osboxes kernel: DMA: preallocated 256 KiB GFP_KERNEL|GFP_DMA32 pool for atomic allocations
2026-07-18T10:20:51.253626-04:00 osboxes kernel: audit: initializing netlink subsys (disabled)
2026-07-18T10:20:51.253626-04:00 osboxes kernel: audit: type=2000 audit(1784384421.003:1): state=initialized audit_enabled=0 res=1
2026-07-18T10:20:51.253627-04:00 osboxes kernel: thermal_sys: Registered thermal governor 'fair_share'
2026-07-18T10:20:51.253627-04:00 osboxes kernel: thermal_sys: Registered thermal governor 'bang_bang'
2026-07-18T10:20:51.253627-04:00 osboxes kernel: thermal_sys: Registered thermal governor 'step_wise'
2026-07-18T10:20:51.253627-04:00 osboxes kernel: thermal_sys: Registered thermal governor 'user_space'
2026-07-18T10:20:51.253639-04:00 osboxes kernel: thermal_sys: Registered thermal governor 'power_allocator'
2026-07-18T10:20:51.253639-04:00 osboxes kernel: EISA bus registered
2026-07-18T10:20:51.253639-04:00 osboxes kernel: cpuidle: using governor ladder
2026-07-18T10:20:51.253639-04:00 osboxes kernel: cpuidle: using governor menu
2026-07-18T10:20:51.253640-04:00 osboxes kernel: acpiphp: ACPI Hot Plug PCI Controller Driver version: 0.5
2026-07-18T10:20:51.253640-04:00 osboxes kernel: PCI: Using configuration type 1 for base access
2026-07-18T10:20:51.253640-04:00 osboxes kernel: PCI: Using configuration type 1 for extended access
2026-07-18T10:20:51.253642-04:00 osboxes kernel: kprobes: kprobe jump-optimization is enabled. All kprobes are optimized if possible.
2026-07-18T10:20:51.253642-04:00 osboxes kernel: HugeTLB: registered 2.00 MiB page size, pre-allocated 0 pages
2026-07-18T10:20:51.253643-04:00 osboxes kernel: HugeTLB: 28 KiB vmemmap can be freed for a 2.00 MiB page
2026-07-18T10:20:51.253643-04:00 osboxes kernel: ACPI: Added _OSI(Module Device)
2026-07-18T10:20:51.253643-04:00 osboxes kernel: ACPI: Added _OSI(Processor Device)
2026-07-18T10:20:51.253644-04:00 osboxes kernel: ACPI: Added _OSI(3.0 _SCP Extensions)
2026-07-18T10:20:51.253646-04:00 osboxes kernel: ACPI: Added _OSI(Processor Aggregator Device)
2026-07-18T10:20:51.253646-04:00 osboxes kernel: ACPI: 2 ACPI AML tables successfully acquired and loaded
2026-07-18T10:20:51.253646-04:00 osboxes kernel: ACPI: _OSC evaluation for CPUs failed, trying _PDC
2026-07-18T10:20:51.253646-04:00 osboxes kernel: ACPI: Interpreter enabled
2026-07-18T10:20:51.253647-04:00 osboxes kernel: ACPI: PM: (supports S0 S5)
2026-07-18T10:20:51.253647-04:00 osboxes kernel: ACPI: Using IOAPIC for interrupt routing
2026-07-18T10:20:51.253649-04:00 osboxes kernel: PCI: Using host bridge windows from ACPI; if necessary, use "pci=nocrs" and report a bug
2026-07-18T10:20:51.253649-04:00 osboxes kernel: PCI: Using E820 reservations for host bridge windows
2026-07-18T10:20:51.253649-04:00 osboxes kernel: ACPI: Enabled 2 GPEs in block 00 to 07
2026-07-18T10:20:51.253649-04:00 osboxes kernel: ACPI: PCI Root Bridge [PCI0] (domain 0000 [bus 00-ff])
2026-07-18T10:20:51.253685-04:00 osboxes kernel: acpi PNP0A03:00: _OSC: OS supports [ExtendedConfig ASPM ClockPM Segments MSI EDR HPX-Type3]
2026-07-18T10:20:51.253685-04:00 osboxes kernel: acpi PNP0A03:00: _OSC: platform does not support [PCIeCapability LTR DPC]
2026-07-18T10:20:51.253686-04:00 osboxes kernel: acpi PNP0A03:00: _OSC: not requesting control; platform does not support [PCIeCapability]
2026-07-18T10:20:51.253687-04:00 osboxes kernel: acpi PNP0A03:00: _OSC: OS requested [PCIeHotplug SHPCHotplug PME AER PCIeCapability LTR DPC]
2026-07-18T10:20:51.253688-04:00 osboxes kernel: acpi PNP0A03:00: _OSC: platform willing to grant [PCIeHotplug SHPCHotplug PME AER]
2026-07-18T10:20:51.253688-04:00 osboxes kernel: acpi PNP0A03:00: _OSC: platform retains control of PCIe features (AE_SUPPORT)
2026-07-18T10:20:51.253688-04:00 osboxes kernel: PCI host bridge to bus 0000:00
2026-07-18T10:20:51.253688-04:00 osboxes kernel: pci_bus 0000:00: root bus resource [io  0x0000-0x0cf7 window]
2026-07-18T10:20:51.253688-04:00 osboxes kernel: pci_bus 0000:00: root bus resource [io  0x0d00-0xffff window]
2026-07-18T10:20:51.253690-04:00 osboxes kernel: pci_bus 0000:00: root bus resource [mem 0x000a0000-0x000bffff window]
2026-07-18T10:20:51.253691-04:00 osboxes kernel: pci_bus 0000:00: root bus resource [mem 0x80000000-0xfdffffff window]
2026-07-18T10:20:51.253691-04:00 osboxes kernel: pci_bus 0000:00: root bus resource [bus 00-ff]
2026-07-18T10:20:51.253691-04:00 osboxes kernel: pci 0000:00:00.0: [8086:1237] type 00 class 0x060000 conventional PCI endpoint
2026-07-18T10:20:51.253691-04:00 osboxes kernel: pci 0000:00:01.0: [8086:7000] type 00 class 0x060100 conventional PCI endpoint
2026-07-18T10:20:51.253692-04:00 osboxes kernel: pci 0000:00:01.1: [8086:7111] type 00 class 0x01018a conventional PCI endpoint
2026-07-18T10:20:51.253692-04:00 osboxes kernel: pci 0000:00:01.1: BAR 4 [io  0xd000-0xd00f]
2026-07-18T10:20:51.253696-04:00 osboxes kernel: pci 0000:00:01.1: BAR 0 [io  0x01f0-0x01f7]: legacy IDE quirk
2026-07-18T10:20:51.253696-04:00 osboxes kernel: pci 0000:00:01.1: BAR 1 [io  0x03f6]: legacy IDE quirk
2026-07-18T10:20:51.253696-04:00 osboxes kernel: pci 0000:00:01.1: BAR 2 [io  0x0170-0x0177]: legacy IDE quirk
2026-07-18T10:20:51.253696-04:00 osboxes kernel: pci 0000:00:01.1: BAR 3 [io  0x0376]: legacy IDE quirk
2026-07-18T10:20:51.253697-04:00 osboxes kernel: pci 0000:00:02.0: [15ad:0405] type 00 class 0x030000 conventional PCI endpoint
2026-07-18T10:20:51.253697-04:00 osboxes kernel: pci 0000:00:02.0: BAR 0 [io  0xd010-0xd01f]
2026-07-18T10:20:51.253699-04:00 osboxes kernel: pci 0000:00:02.0: BAR 1 [mem 0xe0000000-0xe0ffffff pref]
2026-07-18T10:20:51.253699-04:00 osboxes kernel: pci 0000:00:02.0: BAR 2 [mem 0xf0000000-0xf01fffff]
2026-07-18T10:20:51.253699-04:00 osboxes kernel: pci 0000:00:02.0: Video device with shadowed ROM at [mem 0x000c0000-0x000dffff]
2026-07-18T10:20:51.253699-04:00 osboxes kernel: pci 0000:00:03.0: [8086:100e] type 00 class 0x020000 conventional PCI endpoint
2026-07-18T10:20:51.253700-04:00 osboxes kernel: pci 0000:00:03.0: BAR 0 [mem 0xf0200000-0xf021ffff]
2026-07-18T10:20:51.253700-04:00 osboxes kernel: pci 0000:00:03.0: BAR 2 [io  0xd020-0xd027]
2026-07-18T10:20:51.253702-04:00 osboxes kernel: pci 0000:00:04.0: [80ee:cafe] type 00 class 0x088000 conventional PCI endpoint
2026-07-18T10:20:51.253702-04:00 osboxes kernel: pci 0000:00:04.0: BAR 0 [io  0xd040-0xd05f]
2026-07-18T10:20:51.253702-04:00 osboxes kernel: pci 0000:00:04.0: BAR 1 [mem 0xf0400000-0xf07fffff]
2026-07-18T10:20:51.253702-04:00 osboxes kernel: pci 0000:00:04.0: BAR 2 [mem 0xf0800000-0xf0803fff pref]
2026-07-18T10:20:51.253702-04:00 osboxes kernel: pci 0000:00:05.0: [8086:2415] type 00 class 0x040100 conventional PCI endpoint
2026-07-18T10:20:51.253703-04:00 osboxes kernel: pci 0000:00:05.0: BAR 0 [io  0xd100-0xd1ff]
2026-07-18T10:20:51.253703-04:00 osboxes kernel: pci 0000:00:05.0: BAR 1 [io  0xd200-0xd23f]
2026-07-18T10:20:51.253705-04:00 osboxes kernel: pci 0000:00:06.0: [106b:003f] type 00 class 0x0c0310 conventional PCI endpoint
2026-07-18T10:20:51.253705-04:00 osboxes kernel: pci 0000:00:06.0: BAR 0 [mem 0xf0804000-0xf0804fff]
2026-07-18T10:20:51.253707-04:00 osboxes kernel: pci 0000:00:07.0: [8086:7113] type 00 class 0x068000 conventional PCI endpoint
2026-07-18T10:20:51.253707-04:00 osboxes kernel: pci 0000:00:07.0: quirk: [io  0x4000-0x403f] claimed by PIIX4 ACPI
2026-07-18T10:20:51.253707-04:00 osboxes kernel: pci 0000:00:07.0: quirk: [io  0x4100-0x410f] claimed by PIIX4 SMB
2026-07-18T10:20:51.253708-04:00 osboxes kernel: pci 0000:00:0b.0: [8086:265c] type 00 class 0x0c0320 conventional PCI endpoint
2026-07-18T10:20:51.253709-04:00 osboxes kernel: pci 0000:00:0b.0: BAR 0 [mem 0xf0805000-0xf0805fff]
2026-07-18T10:20:51.253710-04:00 osboxes kernel: pci 0000:00:0d.0: [8086:2829] type 00 class 0x010601 conventional PCI endpoint
2026-07-18T10:20:51.253710-04:00 osboxes kernel: pci 0000:00:0d.0: BAR 0 [io  0xd240-0xd247]
2026-07-18T10:20:51.253710-04:00 osboxes kernel: pci 0000:00:0d.0: BAR 1 [io  0xd248-0xd24b]
2026-07-18T10:20:51.253710-04:00 osboxes kernel: pci 0000:00:0d.0: BAR 2 [io  0xd250-0xd257]
2026-07-18T10:20:51.253711-04:00 osboxes kernel: pci 0000:00:0d.0: BAR 3 [io  0xd258-0xd25b]
2026-07-18T10:20:51.253711-04:00 osboxes kernel: pci 0000:00:0d.0: BAR 4 [io  0xd260-0xd26f]
2026-07-18T10:20:51.253712-04:00 osboxes kernel: pci 0000:00:0d.0: BAR 5 [mem 0xf0806000-0xf0807fff]
2026-07-18T10:20:51.253713-04:00 osboxes kernel: ACPI: PCI: Interrupt link LNKA configured for IRQ 11
2026-07-18T10:20:51.253713-04:00 osboxes kernel: ACPI: PCI: Interrupt link LNKB configured for IRQ 10
2026-07-18T10:20:51.253713-04:00 osboxes kernel: ACPI: PCI: Interrupt link LNKC configured for IRQ 9
2026-07-18T10:20:51.253713-04:00 osboxes kernel: ACPI: PCI: Interrupt link LNKD configured for IRQ 11
2026-07-18T10:20:51.253714-04:00 osboxes kernel: iommu: Default domain type: Translated
2026-07-18T10:20:51.253715-04:00 osboxes kernel: iommu: DMA domain TLB invalidation policy: lazy mode
2026-07-18T10:20:51.253716-04:00 osboxes kernel: SCSI subsystem initialized
2026-07-18T10:20:51.253716-04:00 osboxes kernel: libata version 3.00 loaded.
2026-07-18T10:20:51.253716-04:00 osboxes kernel: ACPI: bus type USB registered
2026-07-18T10:20:51.253716-04:00 osboxes kernel: usbcore: registered new interface driver usbfs
2026-07-18T10:20:51.253716-04:00 osboxes kernel: usbcore: registered new interface driver hub
2026-07-18T10:20:51.253718-04:00 osboxes kernel: usbcore: registered new device driver usb
2026-07-18T10:20:51.253719-04:00 osboxes kernel: pps_core: LinuxPPS API ver. 1 registered
2026-07-18T10:20:51.253719-04:00 osboxes kernel: pps_core: Software ver. 5.3.6 - Copyright 2005-2007 Rodolfo Giometti <giometti@linux.it>
2026-07-18T10:20:51.253719-04:00 osboxes kernel: PTP clock support registered
2026-07-18T10:20:51.253719-04:00 osboxes kernel: EDAC MC: Ver: 3.0.0
2026-07-18T10:20:51.253719-04:00 osboxes kernel: NetLabel: Initializing
2026-07-18T10:20:51.253720-04:00 osboxes kernel: NetLabel:  domain hash size = 128
2026-07-18T10:20:51.253721-04:00 osboxes kernel: NetLabel:  protocols = UNLABELED CIPSOv4 CALIPSO
2026-07-18T10:20:51.253722-04:00 osboxes kernel: NetLabel:  unlabeled traffic allowed by default
2026-07-18T10:20:51.253722-04:00 osboxes kernel: mctp: management component transport protocol core
2026-07-18T10:20:51.253722-04:00 osboxes kernel: NET: Registered PF_MCTP protocol family
2026-07-18T10:20:51.253722-04:00 osboxes kernel: PCI: Using ACPI for IRQ routing
2026-07-18T10:20:51.253723-04:00 osboxes kernel: PCI: pci_cache_line_size set to 64 bytes
2026-07-18T10:20:51.253724-04:00 osboxes kernel: e820: reserve RAM buffer [mem 0x0009fc00-0x0009ffff]
2026-07-18T10:20:51.253725-04:00 osboxes kernel: e820: reserve RAM buffer [mem 0x7fff0000-0x7fffffff]
2026-07-18T10:20:51.253725-04:00 osboxes kernel: pci 0000:00:02.0: vgaarb: setting as boot VGA device
2026-07-18T10:20:51.253725-04:00 osboxes kernel: pci 0000:00:02.0: vgaarb: bridge control possible
2026-07-18T10:20:51.253725-04:00 osboxes kernel: pci 0000:00:02.0: vgaarb: VGA device added: decodes=io+mem,owns=io+mem,locks=none
2026-07-18T10:20:51.253726-04:00 osboxes kernel: vgaarb: loaded
2026-07-18T10:20:51.253726-04:00 osboxes kernel: clocksource: Switched to clocksource kvm-clock
2026-07-18T10:20:51.253728-04:00 osboxes kernel: VFS: Disk quotas dquot_6.6.0
2026-07-18T10:20:51.253728-04:00 osboxes kernel: VFS: Dquot-cache hash table entries: 512 (order 0, 4096 bytes)
2026-07-18T10:20:51.253728-04:00 osboxes kernel: AppArmor: AppArmor Filesystem Enabled
2026-07-18T10:20:51.253728-04:00 osboxes kernel: pnp: PnP ACPI init
2026-07-18T10:20:51.253729-04:00 osboxes kernel: pnp: PnP ACPI: found 2 devices
2026-07-18T10:20:51.253729-04:00 osboxes kernel: clocksource: acpi_pm: mask: 0xffffff max_cycles: 0xffffff, max_idle_ns: 2085701024 ns
2026-07-18T10:20:51.253731-04:00 osboxes kernel: NET: Registered PF_INET protocol family
2026-07-18T10:20:51.253731-04:00 osboxes kernel: IP idents hash table entries: 32768 (order: 6, 262144 bytes, linear)
2026-07-18T10:20:51.253731-04:00 osboxes kernel: tcp_listen_portaddr_hash hash table entries: 1024 (order: 2, 16384 bytes, linear)
2026-07-18T10:20:51.253732-04:00 osboxes kernel: Table-perturb hash table entries: 65536 (order: 6, 262144 bytes, linear)
2026-07-18T10:20:51.253732-04:00 osboxes kernel: TCP established hash table entries: 16384 (order: 5, 131072 bytes, linear)
2026-07-18T10:20:51.253732-04:00 osboxes kernel: TCP bind hash table entries: 16384 (order: 7, 524288 bytes, linear)
2026-07-18T10:20:51.253734-04:00 osboxes kernel: TCP: Hash tables configured (established 16384 bind 16384)
2026-07-18T10:20:51.253734-04:00 osboxes kernel: MPTCP token hash table entries: 2048 (order: 3, 49152 bytes, linear)
2026-07-18T10:20:51.253734-04:00 osboxes kernel: UDP hash table entries: 1024 (order: 3, 32768 bytes, linear)
2026-07-18T10:20:51.253735-04:00 osboxes kernel: UDP-Lite hash table entries: 1024 (order: 3, 32768 bytes, linear)
2026-07-18T10:20:51.253735-04:00 osboxes kernel: NET: Registered PF_UNIX/PF_LOCAL protocol family
2026-07-18T10:20:51.253735-04:00 osboxes kernel: NET: Registered PF_XDP protocol family
2026-07-18T10:20:51.253735-04:00 osboxes kernel: pci_bus 0000:00: resource 4 [io  0x0000-0x0cf7 window]
2026-07-18T10:20:51.253737-04:00 osboxes kernel: pci_bus 0000:00: resource 5 [io  0x0d00-0xffff window]
2026-07-18T10:20:51.253737-04:00 osboxes kernel: pci_bus 0000:00: resource 6 [mem 0x000a0000-0x000bffff window]
2026-07-18T10:20:51.253737-04:00 osboxes kernel: pci_bus 0000:00: resource 7 [mem 0x80000000-0xfdffffff window]
2026-07-18T10:20:51.253738-04:00 osboxes kernel: pci 0000:00:00.0: Limiting direct PCI/PCI transfers
2026-07-18T10:20:51.253738-04:00 osboxes kernel: PCI: CLS 0 bytes, default 64
2026-07-18T10:20:51.253738-04:00 osboxes kernel: Trying to unpack rootfs image as initramfs...
2026-07-18T10:20:51.253741-04:00 osboxes kernel: clocksource: tsc: mask: 0xffffffffffffffff max_cycles: 0x398c54e8bdf, max_idle_ns: 881590506184 ns
2026-07-18T10:20:51.253741-04:00 osboxes kernel: clocksource: Switched to clocksource tsc
2026-07-18T10:20:51.253741-04:00 osboxes kernel: platform rtc_cmos: registered platform RTC device (no PNP device found)
2026-07-18T10:20:51.253741-04:00 osboxes kernel: Initialise system trusted keyrings
2026-07-18T10:20:51.253741-04:00 osboxes kernel: Key type blacklist registered
2026-07-18T10:20:51.253763-04:00 osboxes kernel: workingset: timestamp_bits=36 max_order=19 bucket_order=0
2026-07-18T10:20:51.253763-04:00 osboxes kernel: zbud: loaded
2026-07-18T10:20:51.253765-04:00 osboxes kernel: squashfs: version 4.0 (2009/01/31) Phillip Lougher
2026-07-18T10:20:51.253765-04:00 osboxes kernel: fuse: init (API version 7.39)
2026-07-18T10:20:51.253765-04:00 osboxes kernel: integrity: Platform Keyring initialized
2026-07-18T10:20:51.253765-04:00 osboxes kernel: integrity: Machine keyring initialized
2026-07-18T10:20:51.253766-04:00 osboxes kernel: Key type asymmetric registered
2026-07-18T10:20:51.253766-04:00 osboxes kernel: Asymmetric key parser 'x509' registered
2026-07-18T10:20:51.253768-04:00 osboxes kernel: Block layer SCSI generic (bsg) driver version 0.4 loaded (major 243)
2026-07-18T10:20:51.253768-04:00 osboxes kernel: io scheduler mq-deadline registered
2026-07-18T10:20:51.253768-04:00 osboxes kernel: shpchp: Standard Hot Plug PCI Controller Driver version: 0.4
2026-07-18T10:20:51.253768-04:00 osboxes kernel: ACPI: AC: AC Adapter [AC] (off-line)
2026-07-18T10:20:51.253769-04:00 osboxes kernel: input: Power Button as /devices/LNXSYSTM:00/LNXPWRBN:00/input/input0
2026-07-18T10:20:51.253769-04:00 osboxes kernel: ACPI: button: Power Button [PWRF]
2026-07-18T10:20:51.253770-04:00 osboxes kernel: input: Sleep Button as /devices/LNXSYSTM:00/LNXSLPBN:00/input/input1
2026-07-18T10:20:51.253771-04:00 osboxes kernel: ACPI: button: Sleep Button [SLPF]
2026-07-18T10:20:51.253771-04:00 osboxes kernel: Serial: 8250/16550 driver, 32 ports, IRQ sharing enabled
2026-07-18T10:20:51.253771-04:00 osboxes kernel: ACPI: battery: Slot [BAT0] (battery present)
2026-07-18T10:20:51.253771-04:00 osboxes kernel: Linux agpgart interface v0.103
2026-07-18T10:20:51.253772-04:00 osboxes kernel: loop: module loaded
2026-07-18T10:20:51.253772-04:00 osboxes kernel: ata_piix 0000:00:01.1: version 2.13
2026-07-18T10:20:51.253774-04:00 osboxes kernel: scsi host0: ata_piix
2026-07-18T10:20:51.253774-04:00 osboxes kernel: scsi host1: ata_piix
2026-07-18T10:20:51.253774-04:00 osboxes kernel: ata1: PATA max UDMA/33 cmd 0x1f0 ctl 0x3f6 bmdma 0xd000 irq 14 lpm-pol 0
2026-07-18T10:20:51.253774-04:00 osboxes kernel: ata2: PATA max UDMA/33 cmd 0x170 ctl 0x376 bmdma 0xd008 irq 15 lpm-pol 0
2026-07-18T10:20:51.253775-04:00 osboxes kernel: ACPI: bus type drm_connector registered
2026-07-18T10:20:51.253775-04:00 osboxes kernel: tun: Universal TUN/TAP device driver, 1.6
2026-07-18T10:20:51.253777-04:00 osboxes kernel: PPP generic driver version 2.4.2
2026-07-18T10:20:51.253777-04:00 osboxes kernel: ehci-pci 0000:00:0b.0: EHCI Host Controller
2026-07-18T10:20:51.253777-04:00 osboxes kernel: ehci-pci 0000:00:0b.0: new USB bus registered, assigned bus number 1
2026-07-18T10:20:51.253777-04:00 osboxes kernel: ehci-pci 0000:00:0b.0: irq 19, io mem 0xf0805000
2026-07-18T10:20:51.253778-04:00 osboxes kernel: ehci-pci 0000:00:0b.0: USB 2.0 started, EHCI 1.00
2026-07-18T10:20:51.253778-04:00 osboxes kernel: usb usb1: New USB device found, idVendor=1d6b, idProduct=0002, bcdDevice= 6.08
2026-07-18T10:20:51.253778-04:00 osboxes kernel: usb usb1: New USB device strings: Mfr=3, Product=2, SerialNumber=1
2026-07-18T10:20:51.253780-04:00 osboxes kernel: usb usb1: Product: EHCI Host Controller
2026-07-18T10:20:51.253780-04:00 osboxes kernel: usb usb1: Manufacturer: Linux 6.8.0-31-generic ehci_hcd
2026-07-18T10:20:51.253780-04:00 osboxes kernel: usb usb1: SerialNumber: 0000:00:0b.0
2026-07-18T10:20:51.253781-04:00 osboxes kernel: hub 1-0:1.0: USB hub found
2026-07-18T10:20:51.253781-04:00 osboxes kernel: hub 1-0:1.0: 12 ports detected
2026-07-18T10:20:51.253781-04:00 osboxes kernel: ohci-pci 0000:00:06.0: OHCI PCI host controller
2026-07-18T10:20:51.253783-04:00 osboxes kernel: ohci-pci 0000:00:06.0: new USB bus registered, assigned bus number 2
2026-07-18T10:20:51.253783-04:00 osboxes kernel: ohci-pci 0000:00:06.0: irq 22, io mem 0xf0804000
2026-07-18T10:20:51.253783-04:00 osboxes kernel: usb usb2: New USB device found, idVendor=1d6b, idProduct=0001, bcdDevice= 6.08
2026-07-18T10:20:51.253784-04:00 osboxes kernel: usb usb2: New USB device strings: Mfr=3, Product=2, SerialNumber=1
2026-07-18T10:20:51.253784-04:00 osboxes kernel: usb usb2: Product: OHCI PCI host controller
2026-07-18T10:20:51.253784-04:00 osboxes kernel: usb usb2: Manufacturer: Linux 6.8.0-31-generic ohci_hcd
2026-07-18T10:20:51.253786-04:00 osboxes kernel: usb usb2: SerialNumber: 0000:00:06.0
2026-07-18T10:20:51.253786-04:00 osboxes kernel: ata1.00: ATAPI: VBOX CD-ROM, 1.0, max UDMA/133
2026-07-18T10:20:51.253786-04:00 osboxes kernel: hub 2-0:1.0: USB hub found
2026-07-18T10:20:51.253786-04:00 osboxes kernel: hub 2-0:1.0: 12 ports detected
2026-07-18T10:20:51.253787-04:00 osboxes kernel: scsi 0:0:0:0: CD-ROM            VBOX     CD-ROM           1.0  PQ: 0 ANSI: 5
2026-07-18T10:20:51.253787-04:00 osboxes kernel: i8042: PNP: PS/2 Controller [PNP0303:PS2K,PNP0f03:PS2M] at 0x60,0x64 irq 1,12
2026-07-18T10:20:51.253787-04:00 osboxes kernel: sr 0:0:0:0: [sr0] scsi3-mmc drive: 32x/32x xa/form2 tray
2026-07-18T10:20:51.253789-04:00 osboxes kernel: cdrom: Uniform CD-ROM driver Revision: 3.20
2026-07-18T10:20:51.253789-04:00 osboxes kernel: serio: i8042 KBD port at 0x60,0x64 irq 1
2026-07-18T10:20:51.253789-04:00 osboxes kernel: serio: i8042 AUX port at 0x60,0x64 irq 12
2026-07-18T10:20:51.253790-04:00 osboxes kernel: mousedev: PS/2 mouse device common for all mice
2026-07-18T10:20:51.253790-04:00 osboxes kernel: input: AT Translated Set 2 keyboard as /devices/platform/i8042/serio0/input/input2
2026-07-18T10:20:51.253790-04:00 osboxes kernel: rtc_cmos rtc_cmos: registered as rtc0
2026-07-18T10:20:51.253792-04:00 osboxes kernel: rtc_cmos rtc_cmos: setting system clock to 2026-07-18T14:20:06 UTC (1784384406)
2026-07-18T10:20:51.253793-04:00 osboxes kernel: rtc_cmos rtc_cmos: alarms up to one day, 114 bytes nvram
2026-07-18T10:20:51.253793-04:00 osboxes kernel: i2c_dev: i2c /dev entries driver
2026-07-18T10:20:51.253793-04:00 osboxes kernel: device-mapper: core: CONFIG_IMA_DISABLE_HTABLE is disabled. Duplicate IMA measurements will not be recorded in the IMA log.
2026-07-18T10:20:51.253793-04:00 osboxes kernel: device-mapper: uevent: version 1.0.3
2026-07-18T10:20:51.253794-04:00 osboxes kernel: device-mapper: ioctl: 4.48.0-ioctl (2023-03-01) initialised: dm-devel@redhat.com
2026-07-18T10:20:51.253795-04:00 osboxes kernel: platform eisa.0: Probing EISA bus 0
2026-07-18T10:20:51.253796-04:00 osboxes kernel: platform eisa.0: EISA: Cannot allocate resource for mainboard
2026-07-18T10:20:51.253796-04:00 osboxes kernel: platform eisa.0: Cannot allocate resource for EISA slot 1
2026-07-18T10:20:51.253796-04:00 osboxes kernel: platform eisa.0: Cannot allocate resource for EISA slot 2
2026-07-18T10:20:51.253796-04:00 osboxes kernel: platform eisa.0: Cannot allocate resource for EISA slot 3
2026-07-18T10:20:51.253797-04:00 osboxes kernel: platform eisa.0: Cannot allocate resource for EISA slot 4
2026-07-18T10:20:51.253797-04:00 osboxes kernel: platform eisa.0: Cannot allocate resource for EISA slot 5
2026-07-18T10:20:51.253798-04:00 osboxes kernel: platform eisa.0: Cannot allocate resource for EISA slot 6
2026-07-18T10:20:51.253799-04:00 osboxes kernel: platform eisa.0: Cannot allocate resource for EISA slot 7
2026-07-18T10:20:51.253799-04:00 osboxes kernel: platform eisa.0: Cannot allocate resource for EISA slot 8
2026-07-18T10:20:51.253799-04:00 osboxes kernel: platform eisa.0: EISA: Detected 0 cards
2026-07-18T10:20:51.253799-04:00 osboxes kernel: amd_pstate: the _CPC object is not present in SBIOS or ACPI disabled
2026-07-18T10:20:51.253800-04:00 osboxes kernel: ledtrig-cpu: registered to indicate activity on CPUs
2026-07-18T10:20:51.253802-04:00 osboxes kernel: drop_monitor: Initializing network drop monitor service
2026-07-18T10:20:51.253802-04:00 osboxes kernel: NET: Registered PF_INET6 protocol family
2026-07-18T10:20:51.253802-04:00 osboxes kernel: sr 0:0:0:0: Attached scsi CD-ROM sr0
2026-07-18T10:20:51.253803-04:00 osboxes kernel: sr 0:0:0:0: Attached scsi generic sg0 type 5
2026-07-18T10:20:51.253803-04:00 osboxes kernel: usb 2-1: new full-speed USB device number 2 using ohci-pci
2026-07-18T10:20:51.253803-04:00 osboxes kernel: usb 2-1: New USB device found, idVendor=80ee, idProduct=0021, bcdDevice= 1.00
2026-07-18T10:20:51.253803-04:00 osboxes kernel: usb 2-1: New USB device strings: Mfr=1, Product=3, SerialNumber=0
2026-07-18T10:20:51.253805-04:00 osboxes kernel: usb 2-1: Product: USB Tablet
2026-07-18T10:20:51.253805-04:00 osboxes kernel: usb 2-1: Manufacturer: VirtualBox
2026-07-18T10:20:51.253805-04:00 osboxes kernel: Freeing initrd memory: 64136K
2026-07-18T10:20:51.253806-04:00 osboxes kernel: Segment Routing with IPv6
2026-07-18T10:20:51.253806-04:00 osboxes kernel: In-situ OAM (IOAM) with IPv6
2026-07-18T10:20:51.253806-04:00 osboxes kernel: NET: Registered PF_PACKET protocol family
2026-07-18T10:20:51.253809-04:00 osboxes kernel: Key type dns_resolver registered
2026-07-18T10:20:51.253809-04:00 osboxes kernel: IPI shorthand broadcast: enabled
2026-07-18T10:20:51.253809-04:00 osboxes kernel: sched_clock: Marking stable (2923388939, 205827283)->(3236034945, -106818723)
2026-07-18T10:20:51.253809-04:00 osboxes kernel: registered taskstats version 1
2026-07-18T10:20:51.253810-04:00 osboxes kernel: Loading compiled-in X.509 certificates
2026-07-18T10:20:51.253810-04:00 osboxes kernel: Loaded X.509 cert 'Build time autogenerated kernel key: 06ebe891e0babd04dcef5f73bad66b3a3e5eafa8'
2026-07-18T10:20:51.253811-04:00 osboxes kernel: Loaded X.509 cert 'Canonical Ltd. Live Patch Signing: 14df34d1a87cf37625abec039ef2bf521249b969'
2026-07-18T10:20:51.253812-04:00 osboxes kernel: Loaded X.509 cert 'Canonical Ltd. Kernel Module Signing: 88f752e560a1e0737e31163a466ad7b70a850c19'
2026-07-18T10:20:51.253812-04:00 osboxes kernel: blacklist: Loading compiled-in revocation X.509 certificates
2026-07-18T10:20:51.253812-04:00 osboxes kernel: Loaded X.509 cert 'Canonical Ltd. Secure Boot Signing: 61482aa2830d0ab2ad5af10b7250da9033ddcef0'
2026-07-18T10:20:51.253812-04:00 osboxes kernel: Loaded X.509 cert 'Canonical Ltd. Secure Boot Signing (2017): 242ade75ac4a15e50d50c84b0d45ff3eae707a03'
2026-07-18T10:20:51.253813-04:00 osboxes kernel: Loaded X.509 cert 'Canonical Ltd. Secure Boot Signing (ESM 2018): 365188c1d374d6b07c3c8f240f8ef722433d6a8b'
2026-07-18T10:20:51.253815-04:00 osboxes kernel: Loaded X.509 cert 'Canonical Ltd. Secure Boot Signing (2019): c0746fd6c5da3ae827864651ad66ae47fe24b3e8'
2026-07-18T10:20:51.253815-04:00 osboxes kernel: Loaded X.509 cert 'Canonical Ltd. Secure Boot Signing (2021 v1): a8d54bbb3825cfb94fa13c9f8a594a195c107b8d'
2026-07-18T10:20:51.253816-04:00 osboxes kernel: Loaded X.509 cert 'Canonical Ltd. Secure Boot Signing (2021 v2): 4cf046892d6fd3c9a5b03f98d845f90851dc6a8c'
2026-07-18T10:20:51.253816-04:00 osboxes kernel: Loaded X.509 cert 'Canonical Ltd. Secure Boot Signing (2021 v3): 100437bb6de6e469b581e61cd66bce3ef4ed53af'
2026-07-18T10:20:51.253816-04:00 osboxes kernel: Loaded X.509 cert 'Canonical Ltd. Secure Boot Signing (Ubuntu Core 2019): c1d57b8f6b743f23ee41f4f7ee292f06eecadfb9'
2026-07-18T10:20:51.253816-04:00 osboxes kernel: Key type .fscrypt registered
2026-07-18T10:20:51.253818-04:00 osboxes kernel: Key type fscrypt-provisioning registered
2026-07-18T10:20:51.253818-04:00 osboxes kernel: Key type encrypted registered
2026-07-18T10:20:51.253839-04:00 osboxes kernel: AppArmor: AppArmor sha256 policy hashing enabled
2026-07-18T10:20:51.253839-04:00 osboxes kernel: ima: No TPM chip found, activating TPM-bypass!
2026-07-18T10:20:51.253839-04:00 osboxes kernel: Loading compiled-in module X.509 certificates
2026-07-18T10:20:51.253839-04:00 osboxes kernel: Loaded X.509 cert 'Build time autogenerated kernel key: 06ebe891e0babd04dcef5f73bad66b3a3e5eafa8'
2026-07-18T10:20:51.253841-04:00 osboxes kernel: ima: Allocated hash algorithm: sha256
2026-07-18T10:20:51.253841-04:00 osboxes kernel: ima: No architecture policies found
2026-07-18T10:20:51.253842-04:00 osboxes kernel: evm: Initialising EVM extended attributes:
2026-07-18T10:20:51.253842-04:00 osboxes kernel: evm: security.selinux
2026-07-18T10:20:51.253842-04:00 osboxes kernel: evm: security.SMACK64
2026-07-18T10:20:51.253842-04:00 osboxes kernel: evm: security.SMACK64EXEC
2026-07-18T10:20:51.253842-04:00 osboxes kernel: evm: security.SMACK64TRANSMUTE
2026-07-18T10:20:51.253844-04:00 osboxes kernel: evm: security.SMACK64MMAP
2026-07-18T10:20:51.253844-04:00 osboxes kernel: evm: security.apparmor
2026-07-18T10:20:51.253845-04:00 osboxes kernel: evm: security.ima
2026-07-18T10:20:51.253845-04:00 osboxes kernel: evm: security.capability
2026-07-18T10:20:51.253845-04:00 osboxes kernel: evm: HMAC attrs: 0x1
2026-07-18T10:20:51.253845-04:00 osboxes kernel: PM:   Magic number: 2:116:334
2026-07-18T10:20:51.253847-04:00 osboxes kernel: tty tty55: hash matches
2026-07-18T10:20:51.253847-04:00 osboxes kernel: RAS: Correctable Errors collector initialized.
2026-07-18T10:20:51.253847-04:00 osboxes kernel: clk: Disabling unused clocks
2026-07-18T10:20:51.253848-04:00 osboxes kernel: Freeing unused decrypted memory: 2028K
2026-07-18T10:20:51.253848-04:00 osboxes kernel: Freeing unused kernel image (initmem) memory: 4976K
2026-07-18T10:20:51.253848-04:00 osboxes kernel: Write protecting the kernel read-only data: 36864k
2026-07-18T10:20:51.253850-04:00 osboxes kernel: Freeing unused kernel image (rodata/data gap) memory: 48K
2026-07-18T10:20:51.253850-04:00 osboxes kernel: x86/mm: Checked W+X mappings: passed, no W+X pages found.
2026-07-18T10:20:51.253850-04:00 osboxes kernel: Run /init as init process
2026-07-18T10:20:51.253851-04:00 osboxes kernel:   with arguments:
2026-07-18T10:20:51.253851-04:00 osboxes kernel:     /init
2026-07-18T10:20:51.253851-04:00 osboxes kernel:     splash
2026-07-18T10:20:51.253851-04:00 osboxes kernel:   with environment:
2026-07-18T10:20:51.253853-04:00 osboxes kernel:     HOME=/
2026-07-18T10:20:51.253853-04:00 osboxes kernel:     TERM=linux
2026-07-18T10:20:51.253853-04:00 osboxes kernel:     BOOT_IMAGE=/boot/vmlinuz-6.8.0-31-generic
2026-07-18T10:20:51.253854-04:00 osboxes kernel: ACPI: video: Video Device [GFX0] (multi-head: yes  rom: no  post: no)
2026-07-18T10:20:51.253854-04:00 osboxes kernel: input: Video Bus as /devices/LNXSYSTM:00/LNXSYBUS:00/PNP0A03:00/LNXVIDEO:00/input/input5
2026-07-18T10:20:51.253854-04:00 osboxes kernel: ahci 0000:00:0d.0: version 3.0
2026-07-18T10:20:51.253856-04:00 osboxes kernel: e1000: Intel(R) PRO/1000 Network Driver
2026-07-18T10:20:51.253856-04:00 osboxes kernel: e1000: Copyright (c) 1999-2006 Intel Corporation.
2026-07-18T10:20:51.253856-04:00 osboxes kernel: ahci 0000:00:0d.0: SSS flag set, parallel bus scan disabled
2026-07-18T10:20:51.253857-04:00 osboxes kernel: ahci 0000:00:0d.0: AHCI 0001.0100 32 slots 1 ports 3 Gbps 0x1 impl SATA mode
2026-07-18T10:20:51.253857-04:00 osboxes kernel: ahci 0000:00:0d.0: flags: 64bit ncq stag only ccc 
2026-07-18T10:20:51.253857-04:00 osboxes kernel: hid: raw HID events driver (C) Jiri Kosina
2026-07-18T10:20:51.253857-04:00 osboxes kernel: scsi host2: ahci
2026-07-18T10:20:51.253859-04:00 osboxes kernel: ata3: SATA max UDMA/133 abar m8192@0xf0806000 port 0xf0806100 irq 21 lpm-pol 0
2026-07-18T10:20:51.253859-04:00 osboxes kernel: usbcore: registered new interface driver usbhid
2026-07-18T10:20:51.253860-04:00 osboxes kernel: usbhid: USB HID core driver
2026-07-18T10:20:51.253860-04:00 osboxes kernel: ata3: SATA link up 3.0 Gbps (SStatus 123 SControl 300)
2026-07-18T10:20:51.253860-04:00 osboxes kernel: ata3.00: ATA-6: VBOX HARDDISK, 1.0, max UDMA/133
2026-07-18T10:20:51.253860-04:00 osboxes kernel: ata3.00: 1048576000 sectors, multi 128: LBA48 NCQ (depth 32)
2026-07-18T10:20:51.253862-04:00 osboxes kernel: input: ImExPS/2 Generic Explorer Mouse as /devices/platform/i8042/serio1/input/input6
2026-07-18T10:20:51.253862-04:00 osboxes kernel: ata3.00: configured for UDMA/133
2026-07-18T10:20:51.253862-04:00 osboxes kernel: scsi 2:0:0:0: Direct-Access     ATA      VBOX HARDDISK    1.0  PQ: 0 ANSI: 5
2026-07-18T10:20:51.253863-04:00 osboxes kernel: sd 2:0:0:0: [sda] 1048576000 512-byte logical blocks: (537 GB/500 GiB)
2026-07-18T10:20:51.253863-04:00 osboxes kernel: sd 2:0:0:0: [sda] Write Protect is off
2026-07-18T10:20:51.253863-04:00 osboxes kernel: sd 2:0:0:0: [sda] Mode Sense: 00 3a 00 00
2026-07-18T10:20:51.253865-04:00 osboxes kernel: sd 2:0:0:0: [sda] Write cache: enabled, read cache: enabled, doesn't support DPO or FUA
2026-07-18T10:20:51.253865-04:00 osboxes kernel: sd 2:0:0:0: [sda] Preferred minimum I/O size 512 bytes
2026-07-18T10:20:51.253865-04:00 osboxes kernel: sd 2:0:0:0: Attached scsi generic sg1 type 0
2026-07-18T10:20:51.253865-04:00 osboxes kernel:  sda: sda1 sda2
2026-07-18T10:20:51.253866-04:00 osboxes kernel: sd 2:0:0:0: [sda] Attached SCSI disk
2026-07-18T10:20:51.253866-04:00 osboxes kernel: input: VirtualBox USB Tablet as /devices/pci0000:00/0000:00:06.0/usb2/2-1/2-1:1.0/0003:80EE:0021.0001/input/input7
2026-07-18T10:20:51.253866-04:00 osboxes kernel: hid-generic 0003:80EE:0021.0001: input,hidraw0: USB HID v1.10 Mouse [VirtualBox USB Tablet] on usb-0000:00:06.0-1/input0
2026-07-18T10:20:51.253868-04:00 osboxes kernel: e1000 0000:00:03.0 eth0: (PCI:33MHz:32-bit) 08:00:27:4c:eb:06
2026-07-18T10:20:51.253868-04:00 osboxes kernel: e1000 0000:00:03.0 eth0: Intel(R) PRO/1000 Network Connection
2026-07-18T10:20:51.253868-04:00 osboxes kernel: e1000 0000:00:03.0 enp0s3: renamed from eth0
2026-07-18T10:20:51.253869-04:00 osboxes kernel: workqueue: blk_mq_run_work_fn hogged CPU for >13333us 4 times, consider switching to WQ_UNBOUND
2026-07-18T10:20:51.253869-04:00 osboxes kernel: workqueue: blk_mq_run_work_fn hogged CPU for >13333us 8 times, consider switching to WQ_UNBOUND
2026-07-18T10:20:51.253869-04:00 osboxes kernel: EXT4-fs (sda2): mounted filesystem 877292f0-69dd-4735-bca5-47131956fcc0 ro with ordered data mode. Quota mode: none.
2026-07-18T10:20:51.254157-04:00 osboxes kernel: lp: driver loaded but no devices found
2026-07-18T10:20:51.254157-04:00 osboxes kernel: EXT4-fs (sda2): re-mounted 877292f0-69dd-4735-bca5-47131956fcc0 r/w. Quota mode: none.
2026-07-18T10:20:51.254157-04:00 osboxes kernel: ppdev: user-space parallel port driver
2026-07-18T10:20:51.254158-04:00 osboxes kernel: Adding 4194300k swap on /swap.img.  Priority:-2 extents:3 across:4456444k 
2026-07-18T10:20:51.254161-04:00 osboxes kernel: loop0: detected capacity change from 0 to 8
2026-07-18T10:20:51.254161-04:00 osboxes kernel: loop1: detected capacity change from 0 to 152040
2026-07-18T10:20:51.254162-04:00 osboxes kernel: loop2: detected capacity change from 0 to 151512
2026-07-18T10:20:51.254162-04:00 osboxes kernel: loop3: detected capacity change from 0 to 552192
2026-07-18T10:20:51.254162-04:00 osboxes kernel: loop4: detected capacity change from 0 to 33792
2026-07-18T10:20:51.254163-04:00 osboxes kernel: loop5: detected capacity change from 0 to 136816
2026-07-18T10:20:51.254165-04:00 osboxes kernel: loop6: detected capacity change from 0 to 1034424
2026-07-18T10:20:51.254165-04:00 osboxes kernel: loop7: detected capacity change from 0 to 21952
2026-07-18T10:20:51.254166-04:00 osboxes kernel: loop8: detected capacity change from 0 to 187776
2026-07-18T10:20:51.254166-04:00 osboxes kernel: loop10: detected capacity change from 0 to 808920
2026-07-18T10:20:51.254166-04:00 osboxes kernel: loop9: detected capacity change from 0 to 1258560
2026-07-18T10:20:51.254166-04:00 osboxes kernel: loop11: detected capacity change from 0 to 79328
2026-07-18T10:20:51.254169-04:00 osboxes kernel: loop12: detected capacity change from 0 to 21136
2026-07-18T10:20:51.254169-04:00 osboxes kernel: loop13: detected capacity change from 0 to 952
2026-07-18T10:20:51.254169-04:00 osboxes kernel: loop14: detected capacity change from 0 to 1656
2026-07-18T10:20:51.254170-04:00 osboxes kernel: loop15: detected capacity change from 0 to 102600
2026-07-18T10:20:51.254170-04:00 osboxes kernel: audit: type=1400 audit(1784384437.732:2): apparmor="STATUS" operation="profile_load" profile="unconfined" name="1password" pid=340 comm="apparmor_parser"
2026-07-18T10:20:51.254170-04:00 osboxes kernel: audit: type=1400 audit(1784384437.772:3): apparmor="STATUS" operation="profile_load" profile="unconfined" name="Discord" pid=343 comm="apparmor_parser"
2026-07-18T10:20:51.254277-04:00 osboxes kernel: audit: type=1400 audit(1784384437.787:4): apparmor="STATUS" operation="profile_load" profile="unconfined" name=4D6F6E676F444220436F6D70617373 pid=344 comm="apparmor_parser"
2026-07-18T10:20:51.254282-04:00 osboxes kernel: audit: type=1400 audit(1784384437.810:5): apparmor="STATUS" operation="profile_load" profile="unconfined" name="QtWebEngineProcess" pid=345 comm="apparmor_parser"
2026-07-18T10:20:51.254283-04:00 osboxes kernel: audit: type=1400 audit(1784384437.826:6): apparmor="STATUS" operation="profile_load" profile="unconfined" name="brave" pid=347 comm="apparmor_parser"
2026-07-18T10:20:51.254284-04:00 osboxes kernel: audit: type=1400 audit(1784384437.845:7): apparmor="STATUS" operation="profile_load" profile="unconfined" name="buildah" pid=349 comm="apparmor_parser"
2026-07-18T10:20:51.254284-04:00 osboxes kernel: audit: type=1400 audit(1784384437.867:8): apparmor="STATUS" operation="profile_load" profile="unconfined" name="busybox" pid=350 comm="apparmor_parser"
2026-07-18T10:20:51.254295-04:00 osboxes kernel: audit: type=1400 audit(1784384437.889:9): apparmor="STATUS" operation="profile_load" profile="unconfined" name="cam" pid=351 comm="apparmor_parser"
2026-07-18T10:20:51.254296-04:00 osboxes kernel: audit: type=1400 audit(1784384437.918:10): apparmor="STATUS" operation="profile_load" profile="unconfined" name="ch-checkns" pid=353 comm="apparmor_parser"
2026-07-18T10:20:51.254296-04:00 osboxes kernel: audit: type=1400 audit(1784384437.936:11): apparmor="STATUS" operation="profile_load" profile="unconfined" name="ch-run" pid=355 comm="apparmor_parser"
2026-07-18T10:20:51.254296-04:00 osboxes kernel: cryptd: max_cpu_qlen set to 1000
2026-07-18T10:20:51.254297-04:00 osboxes kernel: piix4_smbus 0000:00:07.0: SMBus Host Controller at 0x4100, revision 0
2026-07-18T10:20:51.254297-04:00 osboxes kernel: AVX2 version of gcm_enc/dec engaged.
2026-07-18T10:20:51.254299-04:00 osboxes kernel: AES CTR mode by8 optimization enabled
2026-07-18T10:20:51.254300-04:00 osboxes kernel: vboxguest: host-version: 7.2.10r174163 0x8000000f
2026-07-18T10:20:51.254300-04:00 osboxes kernel: kauditd_printk_skb: 118 callbacks suppressed
2026-07-18T10:20:51.254300-04:00 osboxes kernel: audit: type=1400 audit(1784384442.748:130): apparmor="STATUS" operation="profile_load" profile="unconfined" name="snap.firmware-updater.firmware-notifier" pid=511 comm="apparmor_parser"
2026-07-18T10:20:51.254301-04:00 osboxes kernel: audit: type=1400 audit(1784384442.797:131): apparmor="STATUS" operation="profile_load" profile="unconfined" name="snap.firmware-updater.firmware-updater" pid=512 comm="apparmor_parser"
2026-07-18T10:20:51.254301-04:00 osboxes kernel: audit: type=1400 audit(1784384442.854:132): apparmor="STATUS" operation="profile_load" profile="unconfined" name="snap.firmware-updater.firmware-updater-app" pid=514 comm="apparmor_parser"
2026-07-18T10:20:51.254303-04:00 osboxes kernel: audit: type=1400 audit(1784384442.883:133): apparmor="STATUS" operation="profile_load" profile="unconfined" name="snap.firmware-updater.hook.configure" pid=515 comm="apparmor_parser"
2026-07-18T10:20:51.254329-04:00 osboxes kernel: audit: type=1400 audit(1784384442.922:134): apparmor="STATUS" operation="profile_load" profile="unconfined" name="snap.mesa-2404.component-monitor" pid=516 comm="apparmor_parser"
2026-07-18T10:20:51.254332-04:00 osboxes kernel: audit: type=1400 audit(1784384442.959:135): apparmor="STATUS" operation="profile_load" profile="unconfined" name="snap.mesa-2404.hook.connect-plug-kernel-gpu-2404" pid=517 comm="apparmor_parser"
2026-07-18T10:20:51.254332-04:00 osboxes kernel: audit: type=1400 audit(1784384442.984:136): apparmor="STATUS" operation="profile_load" profile="unconfined" name="snap.mesa-2404.hook.disconnect-plug-kernel-gpu-2404" pid=518 comm="apparmor_parser"
2026-07-18T10:20:51.254341-04:00 osboxes kernel: audit: type=1400 audit(1784384443.011:137): apparmor="STATUS" operation="profile_load" profile="unconfined" name="snap.mesa-2404.hook.install" pid=519 comm="apparmor_parser"
2026-07-18T10:20:51.254342-04:00 osboxes kernel: audit: type=1400 audit(1784384443.035:138): apparmor="STATUS" operation="profile_load" profile="unconfined" name="snap.mesa-2404.hook.post-refresh" pid=520 comm="apparmor_parser"
2026-07-18T10:20:51.254342-04:00 osboxes kernel: audit: type=1400 audit(1784384443.102:139): apparmor="STATUS" operation="profile_load" profile="unconfined" name="snap.snap-store.hook.configure" pid=522 comm="apparmor_parser"
2026-07-18T10:20:51.254343-04:00 osboxes kernel: vbg_heartbeat_init: Setting up heartbeat to trigger every 2000 milliseconds
2026-07-18T10:20:51.254343-04:00 osboxes kernel: input: VirtualBox mouse integration as /devices/pci0000:00/0000:00:04.0/input/input8
2026-07-18T10:20:51.254343-04:00 osboxes kernel: vmwgfx 0000:00:02.0: vgaarb: deactivate vga console
2026-07-18T10:20:51.254346-04:00 osboxes kernel: Console: switching to colour dummy device 80x25
2026-07-18T10:20:51.254347-04:00 osboxes kernel: vmwgfx 0000:00:02.0: [drm] FIFO at 0x00000000f0000000 size is 2048 kiB
2026-07-18T10:20:51.254347-04:00 osboxes kernel: vmwgfx 0000:00:02.0: [drm] VRAM at 0x00000000e0000000 size is 16384 kiB
2026-07-18T10:20:51.254347-04:00 osboxes kernel: vmwgfx 0000:00:02.0: [drm] Running on SVGA version 2.
2026-07-18T10:20:51.254348-04:00 osboxes kernel: vmwgfx 0000:00:02.0: [drm] Capabilities: rect copy, cursor, cursor bypass, cursor bypass 2, alpha cursor, extended fifo, pitchlock, irq mask, gmr, traces, gmr2, screen object 2, command buffers, command buffers 2, gbobject, cap2 register, 
2026-07-18T10:20:51.254348-04:00 osboxes kernel: vmwgfx 0000:00:02.0: [drm] Capabilities2: cursor mob, 
2026-07-18T10:20:51.254350-04:00 osboxes kernel: vmwgfx 0000:00:02.0: [drm] *ERROR* vmwgfx seems to be running on an unsupported hypervisor.
2026-07-18T10:20:51.254351-04:00 osboxes kernel: vmwgfx 0000:00:02.0: [drm] *ERROR* This configuration is likely broken.
2026-07-18T10:20:51.254351-04:00 osboxes kernel: vmwgfx 0000:00:02.0: [drm] *ERROR* Please switch to a supported graphics device to avoid problems.
2026-07-18T10:20:51.254351-04:00 osboxes kernel: vmwgfx 0000:00:02.0: [drm] DMA map mode: Caching DMA mappings.
2026-07-18T10:20:51.254352-04:00 osboxes kernel: vmwgfx 0000:00:02.0: [drm] Legacy memory limits: VRAM = 16384 kB, FIFO = 2048 kB, surface = 507904 kB
2026-07-18T10:20:51.254352-04:00 osboxes kernel: vmwgfx 0000:00:02.0: [drm] MOB limits: max mob size = 131072 kB, max mob pages = 12288
2026-07-18T10:20:51.254354-04:00 osboxes kernel: vmwgfx 0000:00:02.0: [drm] Max GMR ids is 8192
2026-07-18T10:20:51.254355-04:00 osboxes kernel: vmwgfx 0000:00:02.0: [drm] Max number of GMR pages is 1048576
2026-07-18T10:20:51.254355-04:00 osboxes kernel: vmwgfx 0000:00:02.0: [drm] Maximum display memory size is 16384 kiB
2026-07-18T10:20:51.254355-04:00 osboxes kernel: vmwgfx 0000:00:02.0: [drm] Screen Target display unit initialized
2026-07-18T10:20:51.254356-04:00 osboxes kernel: vmwgfx 0000:00:02.0: [drm] Fifo max 0x00200000 min 0x00001000 cap 0x00000355
2026-07-18T10:20:51.254356-04:00 osboxes kernel: vmwgfx 0000:00:02.0: [drm] Using command buffers with DMA pool.
2026-07-18T10:20:51.254356-04:00 osboxes kernel: vmwgfx 0000:00:02.0: [drm] Available shader model: Legacy.
2026-07-18T10:20:51.254359-04:00 osboxes kernel: [drm] Initialized vmwgfx 2.20.0 20211206 for 0000:00:02.0 on minor 0
2026-07-18T10:20:51.254359-04:00 osboxes kernel: fbcon: vmwgfxdrmfb (fb0) is primary device
2026-07-18T10:20:51.254359-04:00 osboxes kernel: Console: switching to colour frame buffer device 160x50
2026-07-18T10:20:51.254360-04:00 osboxes kernel: vmwgfx 0000:00:02.0: [drm] fb0: vmwgfxdrmfb frame buffer device
2026-07-18T10:20:51.254360-04:00 osboxes kernel: kauditd_printk_skb: 3 callbacks suppressed
2026-07-18T10:20:51.254360-04:00 osboxes kernel: audit: type=1400 audit(1784384447.928:143): apparmor="STATUS" operation="profile_replace" info="same as current profile, skipping" profile="unconfined" name="rsyslogd" pid=604 comm="apparmor_parser"
2026-07-18T10:20:53.021745-04:00 osboxes kernel: 14:20:52.878408 main     VBoxClient 7.0.16_Ubuntu r162802 (verbosity: 0) linux.amd64 (Apr 17 2024 06:41:38) release log
2026-07-18T10:20:53.021776-04:00 osboxes kernel: 14:20:5
2026-07-18T10:20:53.021777-04:00 osboxes kernel: 14:20:53.006480 main     OS Product: Linux
2026-07-18T10:20:53.052715-04:00 osboxes kernel: 14:20:53.034594 main     OS Release: 6.8.0-31-generic
2026-07-18T10:20:53.148578-04:00 osboxes kernel: 14:20:53.092631 main     OS Version: #31-Ubuntu SMP PREEMPT_DYNAMIC Sat Apr 20 00:40:06 UTC 2024
2026-07-18T10:20:53.487894-04:00 osboxes kernel: 14:20:53.445541 main     Executable: /usr/bin/VBoxClient
2026-07-18T10:20:53.487926-04:00 osboxes kernel: 14:20:53.445549 main     Process ID: 731
2026-07-18T10:20:53.487928-04:00 osboxes kernel: 14:20:53.445551 main     Pack
2026-07-18T10:20:53.487928-04:00 osboxes kernel: 14:20:53.475219 main      VBoxClient 7.0.16_Ubuntu r162802 started. Verbose level = 0. Wayland environment detected: no
2026-07-18T10:20:53.498453-04:00 osboxes kernel: 14:20:53.496500 main      Service: SVGA X11 display
2026-07-18T10:20:53.804085-04:00 osboxes kernel: 14:20:53.801480 main      Initializing service ...
2026-07-18T10:20:53.873261-04:00 osboxes kernel: 14:20:53.862185 main      Service is not availabe, skipping
2026-07-18T10:20:54.173832-04:00 osboxes kernel: 14:20:54.160728 main     VBoxService 7.0.16_Ubuntu r162802 (verbosity: 0) linux.amd64 (Apr 17 2024 06:41:38) release log
2026-07-18T10:20:54.173875-04:00 osboxes kernel: 14:20:
2026-07-18T10:20:54.173876-04:00 osboxes kernel: 14:20:54.166299 main     OS Product: Linux
2026-07-18T10:20:54.212562-04:00 osboxes kernel: 14:20:54.209453 main     OS Release: 6.8.0-31-generic
2026-07-18T10:20:54.239474-04:00 osboxes kernel: 14:20:54.236960 main     OS Version: #31-Ubuntu SMP PREEMPT_DYNAMIC Sat Apr 20 00:40:06 UTC 2024
2026-07-18T10:20:54.468590-04:00 osboxes kernel: 14:20:54.239564 main     Executable: /usr/sbin/VBoxService
2026-07-18T10:20:54.468636-04:00 osboxes kernel: 14:20:54.239567 main     Process ID: 751
2026-07-18T10:20:54.468638-04:00 osboxes kernel: 14:20:54.239568 main     Pa
2026-07-18T10:20:54.468639-04:00 osboxes kernel: 14:20:54.465071 main     VMSVGA DRM resizing client not started, rc=VERR_FILE_NOT_FOUND
2026-07-18T10:20:54.502369-04:00 osboxes kernel: 14:20:54.473001 main     7.0.16_Ubuntu r162802 started. Verbose level = 0
2026-07-18T10:20:54.540220-04:00 osboxes kernel: 14:20:54.538464 main     vbglR3GuestCtrlDetectPeekGetCancelSupport: Supported (#1)
2026-07-18T10:20:54.925273-04:00 osboxes kernel: vboxsf: Unknown parameter 'tag'
2026-07-18T10:20:54.947647-04:00 osboxes kernel: 14:20:54.946070 automount vbsvcAutomounterMountIt: Running outdated vboxsf module without support for the 'tag' option?
2026-07-18T10:20:54.947738-04:00 osboxes kernel: 14:20:54.946422 automount vbsvcAutomounterMountIt: Successfully mounted 'LLMMM' on '/media/sf_LLMMM'
2026-07-18T10:20:56.465341-04:00 osboxes kernel: NET: Registered PF_QIPCRTR protocol family
2026-07-18T10:20:57.002121-04:00 osboxes kernel: snd_intel8x0 0000:00:05.0: allow list rate for 1028:0177 is 48000
2026-07-18T10:20:57.908496-04:00 osboxes kernel: loop16: detected capacity change from 0 to 8
2026-07-18T10:20:59.330346-04:00 osboxes kernel: audit: type=1400 audit(1784384459.328:144): apparmor="STATUS" operation="profile_replace" profile="unconfined" name="/usr/lib/snapd/snap-confine" pid=894 comm="apparmor_parser"
2026-07-18T10:20:59.342401-04:00 osboxes kernel: audit: type=1400 audit(1784384459.337:145): apparmor="STATUS" operation="profile_replace" profile="unconfined" name="/usr/lib/snapd/snap-confine//mount-namespace-capture-helper" pid=894 comm="apparmor_parser"
2026-07-18T10:21:02.598594-04:00 osboxes kernel: e1000: enp0s3 NIC Link is Up 1000 Mbps Full Duplex, Flow Control: RX
2026-07-18T10:21:03.671183-04:00 osboxes kernel: audit: type=1400 audit(1784384463.635:146): apparmor="DENIED" operation="capable" class="cap" profile="/usr/sbin/cupsd" pid=1073 comm="cupsd" capability=12  capname="net_admin"
2026-07-18T10:21:07.471586-04:00 osboxes kernel: workqueue: blk_mq_run_work_fn hogged CPU for >13333us 16 times, consider switching to WQ_UNBOUND
2026-07-18T10:21:07.684273-04:00 osboxes kernel: audit: type=1400 audit(1784384467.670:147): apparmor="STATUS" operation="profile_replace" profile="unconfined" name="/snap/snapd/27406/usr/lib/snapd/snap-confine" pid=1167 comm="apparmor_parser"
2026-07-18T10:21:11.559225-04:00 osboxes kernel: audit: type=1400 audit(1784384471.548:148): apparmor="STATUS" operation="profile_replace" profile="unconfined" name="snap-update-ns.snap-store" pid=1188 comm="apparmor_parser"
2026-07-18T10:21:12.364144-04:00 osboxes kernel: audit: type=1400 audit(1784384472.348:149): apparmor="STATUS" operation="profile_replace" profile="unconfined" name="snap.snap-store.hook.configure" pid=1230 comm="apparmor_parser"
2026-07-18T10:21:14.317836-04:00 osboxes kernel: audit: type=1400 audit(1784384474.310:150): apparmor="STATUS" operation="profile_replace" profile="unconfined" name="snap.snap-store.snap-store" pid=1232 comm="apparmor_parser"
2026-07-18T10:21:17.426999-04:00 osboxes kernel: audit: type=1400 audit(1784384477.413:151): apparmor="STATUS" operation="profile_replace" profile="unconfined" name="snap-update-ns.firmware-updater" pid=1240 comm="apparmor_parser"
2026-07-18T10:21:19.629355-04:00 osboxes kernel: audit: type=1400 audit(1784384479.609:152): apparmor="STATUS" operation="profile_replace" profile="unconfined" name="snap.firmware-updater.firmware-notifier" pid=1243 comm="apparmor_parser"
2026-07-18T10:21:21.193480-04:00 osboxes kernel: audit: type=1400 audit(1784384481.167:153): apparmor="STATUS" operation="profile_replace" profile="unconfined" name="snap.firmware-updater.firmware-updater" pid=1244 comm="apparmor_parser"
2026-07-18T10:21:23.456528-04:00 osboxes kernel: audit: type=1400 audit(1784384483.449:154): apparmor="STATUS" operation="profile_replace" profile="unconfined" name="snap.firmware-updater.firmware-updater-app" pid=1250 comm="apparmor_parser"
2026-07-18T10:21:24.392398-04:00 osboxes kernel: audit: type=1400 audit(1784384484.376:155): apparmor="STATUS" operation="profile_replace" profile="unconfined" name="snap.firmware-updater.hook.configure" pid=1262 comm="apparmor_parser"
2026-07-18T10:21:24.892345-04:00 osboxes kernel: audit: type=1400 audit(1784384484.881:156): apparmor="STATUS" operation="profile_replace" profile="unconfined" name="snap.mesa-2404.component-monitor" pid=1263 comm="apparmor_parser"
2026-07-18T10:21:25.558871-04:00 osboxes kernel: audit: type=1400 audit(1784384485.551:157): apparmor="STATUS" operation="profile_replace" profile="unconfined" name="snap.mesa-2404.hook.connect-plug-kernel-gpu-2404" pid=1264 comm="apparmor_parser"
2026-07-18T10:21:26.836049-04:00 osboxes kernel: audit: type=1400 audit(1784384486.825:158): apparmor="STATUS" operation="profile_replace" profile="unconfined" name="snap.mesa-2404.hook.disconnect-plug-kernel-gpu-2404" pid=1265 comm="apparmor_parser"
2026-07-18T10:21:28.348399-04:00 osboxes kernel: audit: type=1400 audit(1784384488.334:159): apparmor="STATUS" operation="profile_replace" profile="unconfined" name="snap.mesa-2404.hook.install" pid=1276 comm="apparmor_parser"
2026-07-18T10:21:29.643591-04:00 osboxes kernel: audit: type=1400 audit(1784384489.634:160): apparmor="STATUS" operation="profile_replace" profile="unconfined" name="snap.mesa-2404.hook.post-refresh" pid=1281 comm="apparmor_parser"
2026-07-18T10:21:38.450173-04:00 osboxes kernel: rfkill: input handler disabled
2026-07-18T10:21:40.138629-04:00 osboxes kernel: audit: type=1400 audit(1784384500.127:161): apparmor="STATUS" operation="profile_replace" profile="unconfined" name="snap-update-ns.firefox" pid=1287 comm="apparmor_parser"
2026-07-18T10:21:46.922254-04:00 osboxes kernel: audit: type=1400 audit(1784384506.900:162): apparmor="STATUS" operation="profile_replace" profile="unconfined" name="snap.firefox.firefox" pid=1489 comm="apparmor_parser"
2026-07-18T10:21:52.190040-04:00 osboxes kernel: audit: type=1400 audit(1784384512.171:163): apparmor="STATUS" operation="profile_replace" profile="unconfined" name="snap.firefox.geckodriver" pid=1539 comm="apparmor_parser"
2026-07-18T10:21:52.876489-04:00 osboxes kernel: audit: type=1400 audit(1784384512.868:164): apparmor="STATUS" operation="profile_replace" profile="unconfined" name="snap.firefox.hook.configure" pid=1576 comm="apparmor_parser"
2026-07-18T10:21:53.539262-04:00 osboxes kernel: audit: type=1400 audit(1784384513.530:165): apparmor="STATUS" operation="profile_replace" profile="unconfined" name="snap.firefox.hook.connect-plug-host-hunspell" pid=1580 comm="apparmor_parser"
2026-07-18T10:21:54.138674-04:00 osboxes kernel: audit: type=1400 audit(1784384514.130:166): apparmor="STATUS" operation="profile_replace" profile="unconfined" name="snap.firefox.hook.disconnect-plug-host-hunspell" pid=1583 comm="apparmor_parser"
2026-07-18T10:21:54.804830-04:00 osboxes kernel: audit: type=1400 audit(1784384514.784:167): apparmor="STATUS" operation="profile_replace" profile="unconfined" name="snap.firefox.hook.post-refresh" pid=1584 comm="apparmor_parser"
2026-07-18T10:21:56.676726-04:00 osboxes kernel: audit: type=1400 audit(1784384516.668:168): apparmor="STATUS" operation="profile_replace" profile="unconfined" name="snap-update-ns.snapd-desktop-integration" pid=1591 comm="apparmor_parser"
2026-07-18T10:21:57.390661-04:00 osboxes kernel: audit: type=1400 audit(1784384517.380:169): apparmor="STATUS" operation="profile_replace" profile="unconfined" name="snap.snapd-desktop-integration.hook.configure" pid=1592 comm="apparmor_parser"
2026-07-18T10:21:58.421690-04:00 osboxes kernel: audit: type=1400 audit(1784384518.412:170): apparmor="STATUS" operation="profile_replace" profile="unconfined" name="snap.snapd-desktop-integration.snapd-desktop-integration" pid=1593 comm="apparmor_parser"
2026-07-18T10:21:58.485869-04:00 osboxes kernel: audit: type=1400 audit(1784384518.475:171): apparmor="STATUS" operation="profile_replace" info="same as current profile, skipping" profile="unconfined" name="snap-update-ns.mesa-2404" pid=1595 comm="apparmor_parser"
2026-07-18T10:21:59.814105-04:00 osboxes kernel: audit: type=1400 audit(1784384519.804:172): apparmor="DENIED" operation="capable" class="cap" profile="/usr/lib/snapd/snap-confine" pid=1172 comm="snap-confine" capability=12  capname="net_admin"
2026-07-18T10:21:59.814145-04:00 osboxes kernel: audit: type=1400 audit(1784384519.809:173): apparmor="DENIED" operation="capable" class="cap" profile="/usr/lib/snapd/snap-confine" pid=1172 comm="snap-confine" capability=38  capname="perfmon"
2026-07-18T10:22:04.195224-04:00 osboxes kernel: workqueue: blk_mq_run_work_fn hogged CPU for >13333us 32 times, consider switching to WQ_UNBOUND
2026-07-18T10:23:39.366391-04:00 osboxes kernel: workqueue: blk_mq_run_work_fn hogged CPU for >13333us 64 times, consider switching to WQ_UNBOUND
2026-07-18T10:29:49.172454-04:00 osboxes kernel: workqueue: blk_mq_run_work_fn hogged CPU for >13333us 128 times, consider switching to WQ_UNBOUND
2026-07-18T10:32:05.069540-04:00 osboxes kernel: loop16: detected capacity change from 0 to 24984
2026-07-18T10:32:11.738133-04:00 osboxes kernel: audit: type=1400 audit(1784385131.732:174): apparmor="STATUS" operation="profile_replace" info="same as current profile, skipping" profile="unconfined" name="/snap/snapd/27406/usr/lib/snapd/snap-confine" pid=6050 comm="apparmor_parser"
2026-07-18T10:32:13.041376-04:00 osboxes kernel: audit: type=1400 audit(1784385133.035:175): apparmor="STATUS" operation="profile_replace" profile="unconfined" name="snap-update-ns.snap-store" pid=6052 comm="apparmor_parser"
2026-07-18T10:32:13.426366-04:00 osboxes kernel: audit: type=1400 audit(1784385133.422:176): apparmor="STATUS" operation="profile_replace" profile="unconfined" name="snap.snap-store.hook.configure" pid=6053 comm="apparmor_parser"
2026-07-18T10:32:14.508946-04:00 osboxes kernel: audit: type=1400 audit(1784385134.502:177): apparmor="STATUS" operation="profile_replace" profile="unconfined" name="snap.snap-store.snap-store" pid=6054 comm="apparmor_parser"
2026-07-18T10:32:15.475359-04:00 osboxes kernel: audit: type=1400 audit(1784385135.461:178): apparmor="STATUS" operation="profile_load" profile="unconfined" name="snap.snap-store.ubuntu-software" pid=6070 comm="apparmor_parser"
2026-07-18T10:32:16.686128-04:00 osboxes kernel: audit: type=1400 audit(1784385136.670:179): apparmor="STATUS" operation="profile_load" profile="unconfined" name="snap.snap-store.ubuntu-software-local-file" pid=6071 comm="apparmor_parser"
2026-07-18T10:32:18.769061-04:00 osboxes kernel: audit: type=1400 audit(1784385138.758:180): apparmor="STATUS" operation="profile_replace" info="same as current profile, skipping" profile="unconfined" name="/snap/snapd/27406/usr/lib/snapd/snap-confine" pid=6104 comm="apparmor_parser"
2026-07-18T10:32:19.700504-04:00 osboxes kernel: audit: type=1400 audit(1784385139.690:181): apparmor="STATUS" operation="profile_replace" profile="unconfined" name="snap-update-ns.snap-store" pid=6108 comm="apparmor_parser"
2026-07-18T10:32:20.117676-04:00 osboxes kernel: audit: type=1400 audit(1784385140.107:182): apparmor="STATUS" operation="profile_replace" profile="unconfined" name="snap.snap-store.hook.configure" pid=6119 comm="apparmor_parser"
2026-07-18T10:32:21.417405-04:00 osboxes kernel: audit: type=1400 audit(1784385141.403:183): apparmor="STATUS" operation="profile_replace" profile="unconfined" name="snap.snap-store.snap-store" pid=6120 comm="apparmor_parser"
2026-07-18T10:32:22.409732-04:00 osboxes kernel: audit: type=1400 audit(1784385142.404:184): apparmor="STATUS" operation="profile_replace" profile="unconfined" name="snap.snap-store.ubuntu-software" pid=6136 comm="apparmor_parser"
2026-07-18T10:32:23.520149-04:00 osboxes kernel: audit: type=1400 audit(1784385143.503:185): apparmor="STATUS" operation="profile_replace" profile="unconfined" name="snap.snap-store.ubuntu-software-local-file" pid=6137 comm="apparmor_parser"
2026-07-18T10:32:49.159645-04:00 osboxes kernel: workqueue: e1000_watchdog [e1000] hogged CPU for >13333us 4 times, consider switching to WQ_UNBOUND
2026-07-18T10:33:32.338917-04:00 osboxes kernel: rfkill: input handler enabled
2026-07-18T10:33:41.666954-04:00 osboxes kernel: rfkill: input handler disabled
2026-07-18T10:33:42.858166-04:00 osboxes kernel: ------------[ cut here ]------------
2026-07-18T10:33:42.858189-04:00 osboxes kernel: UBSAN: array-index-out-of-bounds in /build/linux-yrLejD/linux-6.8.0/drivers/virt/vboxguest/vboxguest_utils.c:367:20
2026-07-18T10:33:42.858193-04:00 osboxes kernel: index 1 is out of range for type '__u64 [1]'
2026-07-18T10:33:42.858194-04:00 osboxes kernel: CPU: 0 PID: 7166 Comm: gvfs-udisks2-vo Tainted: G        W          6.8.0-31-generic #31-Ubuntu
2026-07-18T10:33:42.858194-04:00 osboxes kernel: Hardware name: innotek GmbH VirtualBox/VirtualBox, BIOS VirtualBox 12/01/2006
2026-07-18T10:33:42.858196-04:00 osboxes kernel: Call Trace:
2026-07-18T10:33:42.858196-04:00 osboxes kernel:  <TASK>
2026-07-18T10:33:42.858197-04:00 osboxes kernel:  dump_stack_lvl+0x48/0x70
2026-07-18T10:33:42.858197-04:00 osboxes kernel:  dump_stack+0x10/0x20
2026-07-18T10:33:42.858197-04:00 osboxes kernel:  __ubsan_handle_out_of_bounds+0xc6/0x110
2026-07-18T10:33:42.858198-04:00 osboxes kernel:  hgcm_call_init_linaddr.part.0+0x1b0/0x1d0 [vboxguest]
2026-07-18T10:33:42.858198-04:00 osboxes kernel:  vbg_hgcm_call+0x1f8/0x3d0 [vboxguest]
2026-07-18T10:33:42.858199-04:00 osboxes kernel:  vboxsf_call+0x6c/0xd0 [vboxsf]
2026-07-18T10:33:42.858199-04:00 osboxes kernel:  vboxsf_dirinfo+0xe1/0x150 [vboxsf]
2026-07-18T10:33:42.858200-04:00 osboxes kernel:  vboxsf_dir_read_all+0x11c/0x1e0 [vboxsf]
2026-07-18T10:33:42.858200-04:00 osboxes kernel:  vboxsf_dir_open+0x10d/0x170 [vboxsf]
2026-07-18T10:33:42.858200-04:00 osboxes kernel:  ? __pfx_vboxsf_dir_open+0x10/0x10 [vboxsf]
2026-07-18T10:33:42.858201-04:00 osboxes kernel:  do_dentry_open+0x220/0x570
2026-07-18T10:33:42.858201-04:00 osboxes kernel:  vfs_open+0x33/0x50
2026-07-18T10:33:42.858201-04:00 osboxes kernel:  do_open+0x2ed/0x470
2026-07-18T10:33:42.858202-04:00 osboxes kernel:  path_openat+0x135/0x2d0
2026-07-18T10:33:42.858202-04:00 osboxes kernel:  do_filp_open+0xaf/0x170
2026-07-18T10:33:42.858203-04:00 osboxes kernel:  do_sys_openat2+0xb3/0xe0
2026-07-18T10:33:42.858203-04:00 osboxes kernel:  __x64_sys_openat+0x55/0xa0
2026-07-18T10:33:42.858204-04:00 osboxes kernel:  x64_sys_call+0x1eb8/0x25c0
2026-07-18T10:33:42.858204-04:00 osboxes kernel:  do_syscall_64+0x7f/0x180
2026-07-18T10:33:42.858204-04:00 osboxes kernel:  ? irqentry_exit+0x43/0x50
2026-07-18T10:33:42.858205-04:00 osboxes kernel:  ? exc_page_fault+0x94/0x1b0
2026-07-18T10:33:42.858205-04:00 osboxes kernel:  entry_SYSCALL_64_after_hwframe+0x73/0x7b
2026-07-18T10:33:42.858205-04:00 osboxes kernel: RIP: 0033:0x743b2b51c8b4
2026-07-18T10:33:42.858205-04:00 osboxes kernel: Code: 00 00 48 89 45 c8 31 c0 41 83 e2 40 75 38 89 f0 f7 d0 a9 00 00 41 00 74 2d 89 f2 b8 01 01 00 00 48 89 fe bf 9c ff ff ff 0f 05 <48> 3d 00 f0 ff ff 77 34 48 8b 55 c8 64 48 2b 14 25 28 00 00 00 75
2026-07-18T10:33:42.858206-04:00 osboxes kernel: RSP: 002b:00007ffdd816f880 EFLAGS: 00000206 ORIG_RAX: 0000000000000101
2026-07-18T10:33:42.858207-04:00 osboxes kernel: RAX: ffffffffffffffda RBX: 000063cce2fd2010 RCX: 0000743b2b51c8b4
2026-07-18T10:33:42.858207-04:00 osboxes kernel: RDX: 0000000000090800 RSI: 000063cce2fd6ac0 RDI: 00000000ffffff9c
2026-07-18T10:33:42.858208-04:00 osboxes kernel: RBP: 00007ffdd816f8d0 R08: 0000743b1c006f80 R09: 0000743b1c00b8f8
2026-07-18T10:33:42.858208-04:00 osboxes kernel: R10: 0000000000000000 R11: 0000000000000206 R12: 000063cce2fd6ac0
2026-07-18T10:33:42.858208-04:00 osboxes kernel: R13: 0000000000000000 R14: 0000743b2bc210b5 R15: 0000743b2bc325b0
2026-07-18T10:33:42.858209-04:00 osboxes kernel:  </TASK>
2026-07-18T10:33:42.858209-04:00 osboxes kernel: ---[ end trace ]---
2026-07-18T10:33:44.559584-04:00 osboxes kernel: ISO 9660 Extensions: Microsoft Joliet Level 3
2026-07-18T10:33:44.598362-04:00 osboxes kernel: ISO 9660 Extensions: RRIP_1991A
2026-07-18T10:37:45.169520-04:00 osboxes kernel: Linux version 6.8.0-31-generic (buildd@lcy02-amd64-080) (x86_64-linux-gnu-gcc-13 (Ubuntu 13.2.0-23ubuntu4) 13.2.0, GNU ld (GNU Binutils for Ubuntu) 2.42) #31-Ubuntu SMP PREEMPT_DYNAMIC Sat Apr 20 00:40:06 UTC 2024 (Ubuntu 6.8.0-31.31-generic 6.8.1)
2026-07-18T10:37:45.211279-04:00 osboxes kernel: Command line: BOOT_IMAGE=/boot/vmlinuz-6.8.0-31-generic root=UUID=877292f0-69dd-4735-bca5-47131956fcc0 ro quiet splash
2026-07-18T10:37:45.211308-04:00 osboxes kernel: KERNEL supported cpus:
2026-07-18T10:37:45.211308-04:00 osboxes kernel:   Intel GenuineIntel
2026-07-18T10:37:45.211308-04:00 osboxes kernel:   AMD AuthenticAMD
2026-07-18T10:37:45.211309-04:00 osboxes kernel:   Hygon HygonGenuine
2026-07-18T10:37:45.211309-04:00 osboxes kernel:   Centaur CentaurHauls
2026-07-18T10:37:45.211342-04:00 osboxes kernel:   zhaoxin   Shanghai  
2026-07-18T10:37:45.211345-04:00 osboxes kernel: [Firmware Bug]: TSC doesn't count with P0 frequency!
2026-07-18T10:37:45.211346-04:00 osboxes kernel: ------------[ cut here ]------------
2026-07-18T10:37:45.211346-04:00 osboxes kernel: Family 0x1a, model: 0x60??
2026-07-18T10:37:45.211346-04:00 osboxes kernel: WARNING: CPU: 0 PID: 0 at arch/x86/kernel/cpu/amd.c:593 bsp_init_amd+0x369/0x3e0
2026-07-18T10:37:45.211346-04:00 osboxes kernel: Modules linked in:
2026-07-18T10:37:45.211378-04:00 osboxes kernel: CPU: 0 PID: 0 Comm: swapper Not tainted 6.8.0-31-generic #31-Ubuntu
2026-07-18T10:37:45.211381-04:00 osboxes kernel: RIP: 0010:bsp_init_amd+0x369/0x3e0
2026-07-18T10:37:45.211381-04:00 osboxes kernel: Code: 0f 87 4f e5 12 01 41 83 e4 01 0f 85 79 fd ff ff 0f b6 53 02 0f b6 33 48 c7 c7 d6 20 dd b7 c6 05 62 a6 77 02 01 e8 47 17 08 00 <0f> 0b e9 58 fd ff ff 83 e8 70 3c 0f 77 bc e9 e0 fe ff ff 83 e8 60
2026-07-18T10:37:45.211382-04:00 osboxes kernel: RSP: 0000:ffffffffb8603e28 EFLAGS: 00010046 ORIG_RAX: 0000000000000000
2026-07-18T10:37:45.211382-04:00 osboxes kernel: RAX: 0000000000000000 RBX: ffffffffb8a44f80 RCX: 0000000000000000
2026-07-18T10:37:45.211382-04:00 osboxes kernel: RDX: 0000000000000000 RSI: 0000000000000000 RDI: 0000000000000000
2026-07-18T10:37:45.211382-04:00 osboxes kernel: RBP: ffffffffb8603e50 R08: 0000000000000000 R09: 0000000000000000
2026-07-18T10:37:45.233597-04:00 osboxes kernel: R10: 0000000000000000 R11: 0000000000000000 R12: 0000000000000000
2026-07-18T10:37:45.233610-04:00 osboxes kernel: R13: 0000000000000004 R14: 0000000038b9e000 R15: 000000000008a000
2026-07-18T10:37:45.233611-04:00 osboxes kernel: FS:  0000000000000000(0000) GS:ffffffffb8a77000(0000) knlGS:0000000000000000
2026-07-18T10:37:45.233611-04:00 osboxes kernel: CS:  0010 DS: 0000 ES: 0000 CR0: 0000000080050033
2026-07-18T10:37:45.233611-04:00 osboxes kernel: CR2: ffff88800008a000 CR3: 0000000061f9e000 CR4: 00000000000000b0
2026-07-18T10:37:45.233612-04:00 osboxes kernel: Call Trace:
2026-07-18T10:37:45.233683-04:00 osboxes kernel:  <TASK>
2026-07-18T10:37:45.233686-04:00 osboxes kernel:  ? show_regs+0x6d/0x80
2026-07-18T10:37:45.233687-04:00 osboxes kernel:  ? __warn+0x89/0x160
2026-07-18T10:37:45.233687-04:00 osboxes kernel:  ? bsp_init_amd+0x369/0x3e0
2026-07-18T10:37:45.233687-04:00 osboxes kernel:  ? report_bug+0x17e/0x1b0
2026-07-18T10:37:45.233687-04:00 osboxes kernel:  ? fixup_exception+0x27/0x390
2026-07-18T10:37:45.233721-04:00 osboxes kernel:  ? early_fixup_exception+0x9b/0xf0
2026-07-18T10:37:45.233724-04:00 osboxes kernel:  ? do_early_exception+0x25/0x80
2026-07-18T10:37:45.233724-04:00 osboxes kernel:  ? early_idt_handler_common+0x2f/0x3a
2026-07-18T10:37:45.233724-04:00 osboxes kernel:  ? bsp_init_amd+0x369/0x3e0
2026-07-18T10:37:45.233724-04:00 osboxes kernel:  ? bsp_init_amd+0x369/0x3e0
2026-07-18T10:37:45.233727-04:00 osboxes kernel:  early_identify_cpu.constprop.0+0xb0/0x110
2026-07-18T10:37:45.233728-04:00 osboxes kernel:  early_cpu_init+0xa3/0xd0
2026-07-18T10:37:45.233761-04:00 osboxes kernel:  setup_arch+0x55/0xbf0
2026-07-18T10:37:45.233763-04:00 osboxes kernel:  ? lockdown_lsm_init+0x21/0x30
2026-07-18T10:37:45.233764-04:00 osboxes kernel:  start_kernel+0x64/0x450
2026-07-18T10:37:45.233764-04:00 osboxes kernel:  x86_64_start_reservations+0x18/0x30
2026-07-18T10:37:45.233765-04:00 osboxes kernel:  x86_64_start_kernel+0xbf/0x110
2026-07-18T10:37:45.233765-04:00 osboxes kernel:  secondary_startup_64_no_verify+0x184/0x18b
2026-07-18T10:37:45.233797-04:00 osboxes kernel:  </TASK>
2026-07-18T10:37:45.233800-04:00 osboxes kernel: ---[ end trace 0000000000000000 ]---
2026-07-18T10:37:45.233801-04:00 osboxes kernel: BIOS-provided physical RAM map:
2026-07-18T10:37:45.233801-04:00 osboxes kernel: BIOS-e820: [mem 0x0000000000000000-0x000000000009fbff] usable
2026-07-18T10:37:45.233801-04:00 osboxes kernel: BIOS-e820: [mem 0x000000000009fc00-0x000000000009ffff] reserved
2026-07-18T10:37:45.233802-04:00 osboxes kernel: BIOS-e820: [mem 0x00000000000f0000-0x00000000000fffff] reserved
2026-07-18T10:37:45.233834-04:00 osboxes kernel: BIOS-e820: [mem 0x0000000000100000-0x000000007ffeffff] usable
2026-07-18T10:37:45.233837-04:00 osboxes kernel: BIOS-e820: [mem 0x000000007fff0000-0x000000007fffffff] ACPI data
2026-07-18T10:37:45.233838-04:00 osboxes kernel: BIOS-e820: [mem 0x00000000fec00000-0x00000000fec00fff] reserved
2026-07-18T10:37:45.233838-04:00 osboxes kernel: BIOS-e820: [mem 0x00000000fee00000-0x00000000fee00fff] reserved
2026-07-18T10:37:45.233838-04:00 osboxes kernel: BIOS-e820: [mem 0x00000000fffc0000-0x00000000ffffffff] reserved
2026-07-18T10:37:45.233838-04:00 osboxes kernel: NX (Execute Disable) protection: active
2026-07-18T10:37:45.233839-04:00 osboxes kernel: APIC: Static calls initialized
2026-07-18T10:37:45.233879-04:00 osboxes kernel: SMBIOS 2.5 present.
2026-07-18T10:37:45.233882-04:00 osboxes kernel: DMI: innotek GmbH VirtualBox/VirtualBox, BIOS VirtualBox 12/01/2006
2026-07-18T10:37:45.233882-04:00 osboxes kernel: Hypervisor detected: KVM
2026-07-18T10:37:45.233882-04:00 osboxes kernel: kvm-clock: Using msrs 4b564d01 and 4b564d00
2026-07-18T10:37:45.233883-04:00 osboxes kernel: kvm-clock: using sched offset of 45504655656 cycles
2026-07-18T10:37:45.233883-04:00 osboxes kernel: clocksource: kvm-clock: mask: 0xffffffffffffffff max_cycles: 0x1cd42e4dffb, max_idle_ns: 881590591483 ns
2026-07-18T10:37:45.233915-04:00 osboxes kernel: tsc: Detected 1996.202 MHz processor
2026-07-18T10:37:45.233918-04:00 osboxes kernel: e820: update [mem 0x00000000-0x00000fff] usable ==> reserved
2026-07-18T10:37:45.233918-04:00 osboxes kernel: e820: remove [mem 0x000a0000-0x000fffff] usable
2026-07-18T10:37:45.233919-04:00 osboxes kernel: last_pfn = 0x7fff0 max_arch_pfn = 0x400000000
2026-07-18T10:37:45.233919-04:00 osboxes kernel: MTRR map: 3 entries (3 fixed + 0 variable; max 19), built from 8 variable MTRRs
2026-07-18T10:37:45.233919-04:00 osboxes kernel: x86/PAT: Configuration [0-7]: WB  WC  UC- UC  WB  WP  UC- WT  
2026-07-18T10:37:45.233952-04:00 osboxes kernel: CPU MTRRs all blank - virtualized system.
2026-07-18T10:37:45.233954-04:00 osboxes kernel: found SMP MP-table at [mem 0x0009fbf0-0x0009fbff]
2026-07-18T10:37:45.233955-04:00 osboxes kernel: RAMDISK: [mem 0x302ab000-0x3414cfff]
2026-07-18T10:37:45.233955-04:00 osboxes kernel: ACPI: Early table checksum verification disabled
2026-07-18T10:37:45.233955-04:00 osboxes kernel: ACPI: RSDP 0x00000000000E0000 000024 (v02 VBOX  )
2026-07-18T10:37:45.233955-04:00 osboxes kernel: ACPI: XSDT 0x000000007FFF0030 00003C (v01 VBOX   VBOXXSDT 00000001 ASL  00000061)
2026-07-18T10:37:45.233956-04:00 osboxes kernel: ACPI: FACP 0x000000007FFF00F0 0000F4 (v04 VBOX   VBOXFACP 00000001 ASL  00000061)
2026-07-18T10:37:45.233988-04:00 osboxes kernel: ACPI: DSDT 0x000000007FFF02E0 002353 (v02 VBOX   VBOXBIOS 00000002 VBOX 0002A853)
2026-07-18T10:37:45.233991-04:00 osboxes kernel: ACPI: FACS 0x000000007FFF0200 000040
2026-07-18T10:37:45.233991-04:00 osboxes kernel: ACPI: FACS 0x000000007FFF0200 000040
2026-07-18T10:37:45.233992-04:00 osboxes kernel: ACPI: APIC 0x000000007FFF0240 000054 (v02 VBOX   VBOXAPIC 00000001 ASL  00000061)
2026-07-18T10:37:45.233993-04:00 osboxes kernel: ACPI: SSDT 0x000000007FFF02A0 000038 (v01 VBOX   VBOXCPUT 00000002 VBOX 0002A853)
2026-07-18T10:37:45.233993-04:00 osboxes kernel: ACPI: Reserving FACP table memory at [mem 0x7fff00f0-0x7fff01e3]
2026-07-18T10:37:45.234025-04:00 osboxes kernel: ACPI: Reserving DSDT table memory at [mem 0x7fff02e0-0x7fff2632]
2026-07-18T10:37:45.234028-04:00 osboxes kernel: ACPI: Reserving FACS table memory at [mem 0x7fff0200-0x7fff023f]
2026-07-18T10:37:45.234029-04:00 osboxes kernel: ACPI: Reserving FACS table memory at [mem 0x7fff0200-0x7fff023f]
2026-07-18T10:37:45.234030-04:00 osboxes kernel: ACPI: Reserving APIC table memory at [mem 0x7fff0240-0x7fff0293]
2026-07-18T10:37:45.234030-04:00 osboxes kernel: ACPI: Reserving SSDT table memory at [mem 0x7fff02a0-0x7fff02d7]
2026-07-18T10:37:45.234031-04:00 osboxes kernel: No NUMA configuration found
2026-07-18T10:37:45.234065-04:00 osboxes kernel: Faking a node at [mem 0x0000000000000000-0x000000007ffeffff]
2026-07-18T10:37:45.234068-04:00 osboxes kernel: NODE_DATA(0) allocated [mem 0x7ffc5000-0x7ffeffff]
2026-07-18T10:37:45.234068-04:00 osboxes kernel: Zone ranges:
2026-07-18T10:37:45.234068-04:00 osboxes kernel:   DMA      [mem 0x0000000000001000-0x0000000000ffffff]
2026-07-18T10:37:45.234068-04:00 osboxes kernel:   DMA32    [mem 0x0000000001000000-0x000000007ffeffff]
2026-07-18T10:37:45.234069-04:00 osboxes kernel:   Normal   empty
2026-07-18T10:37:45.234069-04:00 osboxes kernel:   Device   empty
2026-07-18T10:37:45.234102-04:00 osboxes kernel: Movable zone start for each node
2026-07-18T10:37:45.234105-04:00 osboxes kernel: Early memory node ranges
2026-07-18T10:37:45.234105-04:00 osboxes kernel:   node   0: [mem 0x0000000000001000-0x000000000009efff]
2026-07-18T10:37:45.234106-04:00 osboxes kernel:   node   0: [mem 0x0000000000100000-0x000000007ffeffff]
2026-07-18T10:37:45.234106-04:00 osboxes kernel: Initmem setup node 0 [mem 0x0000000000001000-0x000000007ffeffff]
2026-07-18T10:37:45.234106-04:00 osboxes kernel: On node 0, zone DMA: 1 pages in unavailable ranges
2026-07-18T10:37:45.234139-04:00 osboxes kernel: On node 0, zone DMA: 97 pages in unavailable ranges
2026-07-18T10:37:45.234142-04:00 osboxes kernel: On node 0, zone DMA32: 16 pages in unavailable ranges
2026-07-18T10:37:45.234142-04:00 osboxes kernel: ACPI: PM-Timer IO Port: 0x4008
2026-07-18T10:37:45.234142-04:00 osboxes kernel: IOAPIC[0]: apic_id 1, version 32, address 0xfec00000, GSI 0-23
2026-07-18T10:37:45.234143-04:00 osboxes kernel: ACPI: INT_SRC_OVR (bus 0 bus_irq 0 global_irq 2 dfl dfl)
2026-07-18T10:37:45.234143-04:00 osboxes kernel: ACPI: INT_SRC_OVR (bus 0 bus_irq 9 global_irq 9 low level)
2026-07-18T10:37:45.234175-04:00 osboxes kernel: ACPI: Using ACPI (MADT) for SMP configuration information
2026-07-18T10:37:45.234178-04:00 osboxes kernel: smpboot: Allowing 1 CPUs, 0 hotplug CPUs
2026-07-18T10:37:45.234178-04:00 osboxes kernel: PM: hibernation: Registered nosave memory: [mem 0x00000000-0x00000fff]
2026-07-18T10:37:45.234179-04:00 osboxes kernel: PM: hibernation: Registered nosave memory: [mem 0x0009f000-0x0009ffff]
2026-07-18T10:37:45.234179-04:00 osboxes kernel: PM: hibernation: Registered nosave memory: [mem 0x000a0000-0x000effff]
2026-07-18T10:37:45.234179-04:00 osboxes kernel: PM: hibernation: Registered nosave memory: [mem 0x000f0000-0x000fffff]
2026-07-18T10:37:45.234180-04:00 osboxes kernel: [mem 0x80000000-0xfebfffff] available for PCI devices
2026-07-18T10:37:45.234212-04:00 osboxes kernel: Booting paravirtualized kernel on KVM
2026-07-18T10:37:45.234250-04:00 osboxes kernel: clocksource: refined-jiffies: mask: 0xffffffff max_cycles: 0xffffffff, max_idle_ns: 1910969940391419 ns
2026-07-18T10:37:45.234251-04:00 osboxes kernel: setup_percpu: NR_CPUS:8192 nr_cpumask_bits:1 nr_cpu_ids:1 nr_node_ids:1
2026-07-18T10:37:45.234251-04:00 osboxes kernel: percpu: Embedded 86 pages/cpu s229376 r8192 d114688 u2097152
2026-07-18T10:37:45.234252-04:00 osboxes kernel: pcpu-alloc: s229376 r8192 d114688 u2097152 alloc=1*2097152
2026-07-18T10:37:45.234252-04:00 osboxes kernel: pcpu-alloc: [0] 0 
2026-07-18T10:37:45.234284-04:00 osboxes kernel: kvm-guest: PV spinlocks disabled, single CPU
2026-07-18T10:37:45.234287-04:00 osboxes kernel: Kernel command line: BOOT_IMAGE=/boot/vmlinuz-6.8.0-31-generic root=UUID=877292f0-69dd-4735-bca5-47131956fcc0 ro quiet splash
2026-07-18T10:37:45.234287-04:00 osboxes kernel: Unknown kernel command line parameters "splash BOOT_IMAGE=/boot/vmlinuz-6.8.0-31-generic", will be passed to user space.
2026-07-18T10:37:45.234288-04:00 osboxes kernel: random: crng init done
2026-07-18T10:37:45.234288-04:00 osboxes kernel: Dentry cache hash table entries: 262144 (order: 9, 2097152 bytes, linear)
2026-07-18T10:37:45.234288-04:00 osboxes kernel: Inode-cache hash table entries: 131072 (order: 8, 1048576 bytes, linear)
2026-07-18T10:37:45.234321-04:00 osboxes kernel: Fallback order for Node 0: 0 
2026-07-18T10:37:45.234324-04:00 osboxes kernel: Built 1 zonelists, mobility grouping on.  Total pages: 515824
2026-07-18T10:37:45.234324-04:00 osboxes kernel: Policy zone: DMA32
2026-07-18T10:37:45.234325-04:00 osboxes kernel: mem auto-init: stack:all(zero), heap alloc:on, heap free:off
2026-07-18T10:37:45.234325-04:00 osboxes kernel: Memory: 1943988K/2096696K available (22528K kernel code, 4438K rwdata, 14288K rodata, 4976K init, 4736K bss, 152448K reserved, 0K cma-reserved)
2026-07-18T10:37:45.234325-04:00 osboxes kernel: SLUB: HWalign=64, Order=0-3, MinObjects=0, CPUs=1, Nodes=1
2026-07-18T10:37:45.234358-04:00 osboxes kernel: ftrace: allocating 57796 entries in 226 pages
2026-07-18T10:37:45.234361-04:00 osboxes kernel: ftrace: allocated 226 pages with 4 groups
2026-07-18T10:37:45.234361-04:00 osboxes kernel: Dynamic Preempt: voluntary
2026-07-18T10:37:45.234361-04:00 osboxes kernel: rcu: Preemptible hierarchical RCU implementation.
2026-07-18T10:37:45.234361-04:00 osboxes kernel: rcu: 	RCU restricting CPUs from NR_CPUS=8192 to nr_cpu_ids=1.
2026-07-18T10:37:45.234362-04:00 osboxes kernel: 	Trampoline variant of Tasks RCU enabled.
2026-07-18T10:37:45.234395-04:00 osboxes kernel: 	Rude variant of Tasks RCU enabled.
2026-07-18T10:37:45.234397-04:00 osboxes kernel: 	Tracing variant of Tasks RCU enabled.
2026-07-18T10:37:45.234398-04:00 osboxes kernel: rcu: RCU calculated value of scheduler-enlistment delay is 100 jiffies.
2026-07-18T10:37:45.234398-04:00 osboxes kernel: rcu: Adjusting geometry for rcu_fanout_leaf=16, nr_cpu_ids=1
2026-07-18T10:37:45.234398-04:00 osboxes kernel: NR_IRQS: 524544, nr_irqs: 256, preallocated irqs: 16
2026-07-18T10:37:45.234398-04:00 osboxes kernel: rcu: srcu_init: Setting srcu_struct sizes based on contention.
2026-07-18T10:37:45.234399-04:00 osboxes kernel: Console: colour VGA+ 80x25
2026-07-18T10:37:45.234432-04:00 osboxes kernel: printk: legacy console [tty0] enabled
2026-07-18T10:37:45.234435-04:00 osboxes kernel: ACPI: Core revision 20230628
2026-07-18T10:37:45.234435-04:00 osboxes kernel: APIC: Switch to symmetric I/O mode setup
2026-07-18T10:37:45.234435-04:00 osboxes kernel: ..TIMER: vector=0x30 apic1=0 pin1=2 apic2=-1 pin2=-1
2026-07-18T10:37:45.234436-04:00 osboxes kernel: clocksource: tsc-early: mask: 0xffffffffffffffff max_cycles: 0x398c54e8bdf, max_idle_ns: 881590506184 ns
2026-07-18T10:37:45.234436-04:00 osboxes kernel: Calibrating delay loop (skipped) preset value.. 3992.40 BogoMIPS (lpj=1996202)
2026-07-18T10:37:45.234468-04:00 osboxes kernel: CPU0: Hyper-Threading is disabled
2026-07-18T10:37:45.234471-04:00 osboxes kernel: Last level iTLB entries: 4KB 64, 2MB 64, 4MB 32
2026-07-18T10:37:45.234471-04:00 osboxes kernel: Last level dTLB entries: 4KB 128, 2MB 128, 4MB 64, 1GB 0
2026-07-18T10:37:45.234472-04:00 osboxes kernel: Spectre V1 : Mitigation: usercopy/swapgs barriers and __user pointer sanitization
2026-07-18T10:37:45.234472-04:00 osboxes kernel: Spectre V2 : Mitigation: Retpolines
2026-07-18T10:37:45.234472-04:00 osboxes kernel: Spectre V2 : Spectre v2 / SpectreRSB mitigation: Filling RSB on context switch
2026-07-18T10:37:45.234511-04:00 osboxes kernel: Spectre V2 : Spectre v2 / SpectreRSB : Filling RSB on VMEXIT
2026-07-18T10:37:45.234514-04:00 osboxes kernel: x86/fpu: Supporting XSAVE feature 0x001: 'x87 floating point registers'
2026-07-18T10:37:45.234515-04:00 osboxes kernel: x86/fpu: Supporting XSAVE feature 0x002: 'SSE registers'
2026-07-18T10:37:45.234515-04:00 osboxes kernel: x86/fpu: Supporting XSAVE feature 0x004: 'AVX registers'
2026-07-18T10:37:45.234515-04:00 osboxes kernel: x86/fpu: xstate_offset[2]:  576, xstate_sizes[2]:  256
2026-07-18T10:37:45.234515-04:00 osboxes kernel: x86/fpu: Enabled xstate features 0x7, context size is 832 bytes, using 'standard' format.
2026-07-18T10:37:45.234516-04:00 osboxes kernel: Freeing SMP alternatives memory: 48K
2026-07-18T10:37:45.234558-04:00 osboxes kernel: pid_max: default: 32768 minimum: 301
2026-07-18T10:37:45.234561-04:00 osboxes kernel: LSM: initializing lsm=lockdown,capability,landlock,yama,apparmor,integrity
2026-07-18T10:37:45.234562-04:00 osboxes kernel: landlock: Up and running.
2026-07-18T10:37:45.234562-04:00 osboxes kernel: Yama: becoming mindful.
2026-07-18T10:37:45.234562-04:00 osboxes kernel: AppArmor: AppArmor initialized
2026-07-18T10:37:45.234562-04:00 osboxes kernel: Mount-cache hash table entries: 4096 (order: 3, 32768 bytes, linear)
2026-07-18T10:37:45.234596-04:00 osboxes kernel: Mountpoint-cache hash table entries: 4096 (order: 3, 32768 bytes, linear)
2026-07-18T10:37:45.234599-04:00 osboxes kernel: APIC calibration not consistent with PM-Timer: 152ms instead of 100ms
2026-07-18T10:37:45.234599-04:00 osboxes kernel: APIC delta adjusted to PM-Timer: 6278297 (9561041)
2026-07-18T10:37:45.234599-04:00 osboxes kernel: smpboot: CPU0: AMD Ryzen AI 7 350 w/ Radeon 860M (family: 0x1a, model: 0x60, stepping: 0x0)
2026-07-18T10:37:45.234599-04:00 osboxes kernel: RCU Tasks: Setting shift to 0 and lim to 1 rcu_task_cb_adjust=1.
2026-07-18T10:37:45.234600-04:00 osboxes kernel: RCU Tasks Rude: Setting shift to 0 and lim to 1 rcu_task_cb_adjust=1.
2026-07-18T10:37:45.234600-04:00 osboxes kernel: RCU Tasks Trace: Setting shift to 0 and lim to 1 rcu_task_cb_adjust=1.
2026-07-18T10:37:45.234632-04:00 osboxes kernel: Performance Events: PMU not available due to virtualization, using software events only.
2026-07-18T10:37:45.234635-04:00 osboxes kernel: signal: max sigframe size: 1776
2026-07-18T10:37:45.234636-04:00 osboxes kernel: rcu: Hierarchical SRCU implementation.
2026-07-18T10:37:45.234636-04:00 osboxes kernel: rcu: 	Max phase no-delay instances is 400.
2026-07-18T10:37:45.234636-04:00 osboxes kernel: NMI watchdog: Perf NMI watchdog permanently disabled
2026-07-18T10:37:45.234636-04:00 osboxes kernel: smp: Bringing up secondary CPUs ...
2026-07-18T10:37:45.234670-04:00 osboxes kernel: smp: Brought up 1 node, 1 CPU
2026-07-18T10:37:45.234673-04:00 osboxes kernel: smpboot: Max logical packages: 1
2026-07-18T10:37:45.234674-04:00 osboxes kernel: smpboot: Total of 1 processors activated (3992.40 BogoMIPS)
2026-07-18T10:37:45.234674-04:00 osboxes kernel: devtmpfs: initialized
2026-07-18T10:37:45.234674-04:00 osboxes kernel: x86/mm: Memory block size: 128MB
2026-07-18T10:37:45.234674-04:00 osboxes kernel: clocksource: jiffies: mask: 0xffffffff max_cycles: 0xffffffff, max_idle_ns: 1911260446275000 ns
2026-07-18T10:37:45.234707-04:00 osboxes kernel: futex hash table entries: 256 (order: 2, 16384 bytes, linear)
2026-07-18T10:37:45.234710-04:00 osboxes kernel: pinctrl core: initialized pinctrl subsystem
2026-07-18T10:37:45.234710-04:00 osboxes kernel: PM: RTC time: 14:37:19, date: 2026-07-18
2026-07-18T10:37:45.234710-04:00 osboxes kernel: NET: Registered PF_NETLINK/PF_ROUTE protocol family
2026-07-18T10:37:45.234710-04:00 osboxes kernel: DMA: preallocated 256 KiB GFP_KERNEL pool for atomic allocations
2026-07-18T10:37:45.234711-04:00 osboxes kernel: DMA: preallocated 256 KiB GFP_KERNEL|GFP_DMA pool for atomic allocations
2026-07-18T10:37:45.234711-04:00 osboxes kernel: DMA: preallocated 256 KiB GFP_KERNEL|GFP_DMA32 pool for atomic allocations
2026-07-18T10:37:45.234743-04:00 osboxes kernel: audit: initializing netlink subsys (disabled)
2026-07-18T10:37:45.234746-04:00 osboxes kernel: audit: type=2000 audit(1784385485.680:1): state=initialized audit_enabled=0 res=1
2026-07-18T10:37:45.234747-04:00 osboxes kernel: thermal_sys: Registered thermal governor 'fair_share'
2026-07-18T10:37:45.234747-04:00 osboxes kernel: thermal_sys: Registered thermal governor 'bang_bang'
2026-07-18T10:37:45.234747-04:00 osboxes kernel: thermal_sys: Registered thermal governor 'step_wise'
2026-07-18T10:37:45.234747-04:00 osboxes kernel: thermal_sys: Registered thermal governor 'user_space'
2026-07-18T10:37:45.234792-04:00 osboxes kernel: thermal_sys: Registered thermal governor 'power_allocator'
2026-07-18T10:37:45.234795-04:00 osboxes kernel: EISA bus registered
2026-07-18T10:37:45.234796-04:00 osboxes kernel: cpuidle: using governor ladder
2026-07-18T10:37:45.234796-04:00 osboxes kernel: cpuidle: using governor menu
2026-07-18T10:37:45.234796-04:00 osboxes kernel: acpiphp: ACPI Hot Plug PCI Controller Driver version: 0.5
2026-07-18T10:37:45.234796-04:00 osboxes kernel: PCI: Using configuration type 1 for base access
2026-07-18T10:37:45.234797-04:00 osboxes kernel: PCI: Using configuration type 1 for extended access
2026-07-18T10:37:45.234834-04:00 osboxes kernel: kprobes: kprobe jump-optimization is enabled. All kprobes are optimized if possible.
2026-07-18T10:37:45.234837-04:00 osboxes kernel: HugeTLB: registered 2.00 MiB page size, pre-allocated 0 pages
2026-07-18T10:37:45.234837-04:00 osboxes kernel: HugeTLB: 28 KiB vmemmap can be freed for a 2.00 MiB page
2026-07-18T10:37:45.234837-04:00 osboxes kernel: ACPI: Added _OSI(Module Device)
2026-07-18T10:37:45.234837-04:00 osboxes kernel: ACPI: Added _OSI(Processor Device)
2026-07-18T10:37:45.234838-04:00 osboxes kernel: ACPI: Added _OSI(3.0 _SCP Extensions)
2026-07-18T10:37:45.234875-04:00 osboxes kernel: ACPI: Added _OSI(Processor Aggregator Device)
2026-07-18T10:37:45.234878-04:00 osboxes kernel: ACPI: 2 ACPI AML tables successfully acquired and loaded
2026-07-18T10:37:45.234878-04:00 osboxes kernel: ACPI: _OSC evaluation for CPUs failed, trying _PDC
2026-07-18T10:37:45.234878-04:00 osboxes kernel: ACPI: Interpreter enabled
2026-07-18T10:37:45.234878-04:00 osboxes kernel: ACPI: PM: (supports S0 S5)
2026-07-18T10:37:45.234879-04:00 osboxes kernel: ACPI: Using IOAPIC for interrupt routing
2026-07-18T10:37:45.234916-04:00 osboxes kernel: PCI: Using host bridge windows from ACPI; if necessary, use "pci=nocrs" and report a bug
2026-07-18T10:37:45.234918-04:00 osboxes kernel: PCI: Using E820 reservations for host bridge windows
2026-07-18T10:37:45.234919-04:00 osboxes kernel: ACPI: Enabled 2 GPEs in block 00 to 07
2026-07-18T10:37:45.234919-04:00 osboxes kernel: ACPI: PCI Root Bridge [PCI0] (domain 0000 [bus 00-ff])
2026-07-18T10:37:45.234945-04:00 osboxes kernel: acpi PNP0A03:00: _OSC: OS supports [ExtendedConfig ASPM ClockPM Segments MSI EDR HPX-Type3]
2026-07-18T10:37:45.234946-04:00 osboxes kernel: acpi PNP0A03:00: _OSC: platform does not support [PCIeCapability LTR DPC]
2026-07-18T10:37:45.234946-04:00 osboxes kernel: acpi PNP0A03:00: _OSC: not requesting control; platform does not support [PCIeCapability]
2026-07-18T10:37:45.234982-04:00 osboxes kernel: acpi PNP0A03:00: _OSC: OS requested [PCIeHotplug SHPCHotplug PME AER PCIeCapability LTR DPC]
2026-07-18T10:37:45.234985-04:00 osboxes kernel: acpi PNP0A03:00: _OSC: platform willing to grant [PCIeHotplug SHPCHotplug PME AER]
2026-07-18T10:37:45.234986-04:00 osboxes kernel: acpi PNP0A03:00: _OSC: platform retains control of PCIe features (AE_SUPPORT)
2026-07-18T10:37:45.234986-04:00 osboxes kernel: PCI host bridge to bus 0000:00
2026-07-18T10:37:45.234986-04:00 osboxes kernel: pci_bus 0000:00: root bus resource [io  0x0000-0x0cf7 window]
2026-07-18T10:37:45.234986-04:00 osboxes kernel: pci_bus 0000:00: root bus resource [io  0x0d00-0xffff window]
2026-07-18T10:37:45.235024-04:00 osboxes kernel: pci_bus 0000:00: root bus resource [mem 0x000a0000-0x000bffff window]
2026-07-18T10:37:45.235027-04:00 osboxes kernel: pci_bus 0000:00: root bus resource [mem 0x80000000-0xfdffffff window]
2026-07-18T10:37:45.235027-04:00 osboxes kernel: pci_bus 0000:00: root bus resource [bus 00-ff]
2026-07-18T10:37:45.235027-04:00 osboxes kernel: pci 0000:00:00.0: [8086:1237] type 00 class 0x060000 conventional PCI endpoint
2026-07-18T10:37:45.235028-04:00 osboxes kernel: pci 0000:00:01.0: [8086:7000] type 00 class 0x060100 conventional PCI endpoint
2026-07-18T10:37:45.235028-04:00 osboxes kernel: pci 0000:00:01.1: [8086:7111] type 00 class 0x01018a conventional PCI endpoint
2026-07-18T10:37:45.235028-04:00 osboxes kernel: pci 0000:00:01.1: BAR 4 [io  0xd000-0xd00f]
2026-07-18T10:37:45.235066-04:00 osboxes kernel: pci 0000:00:01.1: BAR 0 [io  0x01f0-0x01f7]: legacy IDE quirk
2026-07-18T10:37:45.235069-04:00 osboxes kernel: pci 0000:00:01.1: BAR 1 [io  0x03f6]: legacy IDE quirk
2026-07-18T10:37:45.235070-04:00 osboxes kernel: pci 0000:00:01.1: BAR 2 [io  0x0170-0x0177]: legacy IDE quirk
2026-07-18T10:37:45.235070-04:00 osboxes kernel: pci 0000:00:01.1: BAR 3 [io  0x0376]: legacy IDE quirk
2026-07-18T10:37:45.235070-04:00 osboxes kernel: pci 0000:00:02.0: [15ad:0405] type 00 class 0x030000 conventional PCI endpoint
2026-07-18T10:37:45.235070-04:00 osboxes kernel: pci 0000:00:02.0: BAR 0 [io  0xd010-0xd01f]
2026-07-18T10:37:45.235107-04:00 osboxes kernel: pci 0000:00:02.0: BAR 1 [mem 0xe0000000-0xe0ffffff pref]
2026-07-18T10:37:45.235110-04:00 osboxes kernel: pci 0000:00:02.0: BAR 2 [mem 0xf0000000-0xf01fffff]
2026-07-18T10:37:45.235110-04:00 osboxes kernel: pci 0000:00:02.0: Video device with shadowed ROM at [mem 0x000c0000-0x000dffff]
2026-07-18T10:37:45.235111-04:00 osboxes kernel: pci 0000:00:03.0: [8086:100e] type 00 class 0x020000 conventional PCI endpoint
2026-07-18T10:37:45.235111-04:00 osboxes kernel: pci 0000:00:03.0: BAR 0 [mem 0xf0200000-0xf021ffff]
2026-07-18T10:37:45.235111-04:00 osboxes kernel: pci 0000:00:03.0: BAR 2 [io  0xd020-0xd027]
2026-07-18T10:37:45.235149-04:00 osboxes kernel: pci 0000:00:04.0: [80ee:cafe] type 00 class 0x088000 conventional PCI endpoint
2026-07-18T10:37:45.235151-04:00 osboxes kernel: pci 0000:00:04.0: BAR 0 [io  0xd040-0xd05f]
2026-07-18T10:37:45.235152-04:00 osboxes kernel: pci 0000:00:04.0: BAR 1 [mem 0xf0400000-0xf07fffff]
2026-07-18T10:37:45.235152-04:00 osboxes kernel: pci 0000:00:04.0: BAR 2 [mem 0xf0800000-0xf0803fff pref]
2026-07-18T10:37:45.235152-04:00 osboxes kernel: pci 0000:00:05.0: [8086:2415] type 00 class 0x040100 conventional PCI endpoint
2026-07-18T10:37:45.235153-04:00 osboxes kernel: pci 0000:00:05.0: BAR 0 [io  0xd100-0xd1ff]
2026-07-18T10:37:45.235153-04:00 osboxes kernel: pci 0000:00:05.0: BAR 1 [io  0xd200-0xd23f]
2026-07-18T10:37:45.235204-04:00 osboxes kernel: pci 0000:00:06.0: [106b:003f] type 00 class 0x0c0310 conventional PCI endpoint
2026-07-18T10:37:45.235207-04:00 osboxes kernel: pci 0000:00:06.0: BAR 0 [mem 0xf0804000-0xf0804fff]
2026-07-18T10:37:45.235207-04:00 osboxes kernel: pci 0000:00:07.0: [8086:7113] type 00 class 0x068000 conventional PCI endpoint
2026-07-18T10:37:45.235208-04:00 osboxes kernel: pci 0000:00:07.0: quirk: [io  0x4000-0x403f] claimed by PIIX4 ACPI
2026-07-18T10:37:45.235208-04:00 osboxes kernel: pci 0000:00:07.0: quirk: [io  0x4100-0x410f] claimed by PIIX4 SMB
2026-07-18T10:37:45.235208-04:00 osboxes kernel: pci 0000:00:0b.0: [8086:265c] type 00 class 0x0c0320 conventional PCI endpoint
2026-07-18T10:37:45.235245-04:00 osboxes kernel: pci 0000:00:0b.0: BAR 0 [mem 0xf0805000-0xf0805fff]
2026-07-18T10:37:45.235248-04:00 osboxes kernel: pci 0000:00:0d.0: [8086:2829] type 00 class 0x010601 conventional PCI endpoint
2026-07-18T10:37:45.235248-04:00 osboxes kernel: pci 0000:00:0d.0: BAR 0 [io  0xd240-0xd247]
2026-07-18T10:37:45.235249-04:00 osboxes kernel: pci 0000:00:0d.0: BAR 1 [io  0xd248-0xd24b]
2026-07-18T10:37:45.235249-04:00 osboxes kernel: pci 0000:00:0d.0: BAR 2 [io  0xd250-0xd257]
2026-07-18T10:37:45.235249-04:00 osboxes kernel: pci 0000:00:0d.0: BAR 3 [io  0xd258-0xd25b]
2026-07-18T10:37:45.235250-04:00 osboxes kernel: pci 0000:00:0d.0: BAR 4 [io  0xd260-0xd26f]
2026-07-18T10:37:45.235287-04:00 osboxes kernel: pci 0000:00:0d.0: BAR 5 [mem 0xf0806000-0xf0807fff]
2026-07-18T10:37:45.235289-04:00 osboxes kernel: ACPI: PCI: Interrupt link LNKA configured for IRQ 11
2026-07-18T10:37:45.235290-04:00 osboxes kernel: ACPI: PCI: Interrupt link LNKB configured for IRQ 10
2026-07-18T10:37:45.235290-04:00 osboxes kernel: ACPI: PCI: Interrupt link LNKC configured for IRQ 9
2026-07-18T10:37:45.235290-04:00 osboxes kernel: ACPI: PCI: Interrupt link LNKD configured for IRQ 11
2026-07-18T10:37:45.235291-04:00 osboxes kernel: iommu: Default domain type: Translated
2026-07-18T10:37:45.235329-04:00 osboxes kernel: iommu: DMA domain TLB invalidation policy: lazy mode
2026-07-18T10:37:45.235332-04:00 osboxes kernel: SCSI subsystem initialized
2026-07-18T10:37:45.235332-04:00 osboxes kernel: libata version 3.00 loaded.
2026-07-18T10:37:45.235332-04:00 osboxes kernel: ACPI: bus type USB registered
2026-07-18T10:37:45.235333-04:00 osboxes kernel: usbcore: registered new interface driver usbfs
2026-07-18T10:37:45.235333-04:00 osboxes kernel: usbcore: registered new interface driver hub
2026-07-18T10:37:45.235369-04:00 osboxes kernel: usbcore: registered new device driver usb
2026-07-18T10:37:45.235372-04:00 osboxes kernel: pps_core: LinuxPPS API ver. 1 registered
2026-07-18T10:37:45.235373-04:00 osboxes kernel: pps_core: Software ver. 5.3.6 - Copyright 2005-2007 Rodolfo Giometti <giometti@linux.it>
2026-07-18T10:37:45.235373-04:00 osboxes kernel: PTP clock support registered
2026-07-18T10:37:45.235373-04:00 osboxes kernel: EDAC MC: Ver: 3.0.0
2026-07-18T10:37:45.235373-04:00 osboxes kernel: NetLabel: Initializing
2026-07-18T10:37:45.235374-04:00 osboxes kernel: NetLabel:  domain hash size = 128
2026-07-18T10:37:45.235411-04:00 osboxes kernel: NetLabel:  protocols = UNLABELED CIPSOv4 CALIPSO
2026-07-18T10:37:45.235413-04:00 osboxes kernel: NetLabel:  unlabeled traffic allowed by default
2026-07-18T10:37:45.235414-04:00 osboxes kernel: mctp: management component transport protocol core
2026-07-18T10:37:45.235414-04:00 osboxes kernel: NET: Registered PF_MCTP protocol family
2026-07-18T10:37:45.235414-04:00 osboxes kernel: PCI: Using ACPI for IRQ routing
2026-07-18T10:37:45.235414-04:00 osboxes kernel: PCI: pci_cache_line_size set to 64 bytes
2026-07-18T10:37:45.235452-04:00 osboxes kernel: e820: reserve RAM buffer [mem 0x0009fc00-0x0009ffff]
2026-07-18T10:37:45.235454-04:00 osboxes kernel: e820: reserve RAM buffer [mem 0x7fff0000-0x7fffffff]
2026-07-18T10:37:45.235455-04:00 osboxes kernel: pci 0000:00:02.0: vgaarb: setting as boot VGA device
2026-07-18T10:37:45.235455-04:00 osboxes kernel: pci 0000:00:02.0: vgaarb: bridge control possible
2026-07-18T10:37:45.235455-04:00 osboxes kernel: pci 0000:00:02.0: vgaarb: VGA device added: decodes=io+mem,owns=io+mem,locks=none
2026-07-18T10:37:45.235456-04:00 osboxes kernel: vgaarb: loaded
2026-07-18T10:37:45.235456-04:00 osboxes kernel: clocksource: Switched to clocksource kvm-clock
2026-07-18T10:37:45.235493-04:00 osboxes kernel: VFS: Disk quotas dquot_6.6.0
2026-07-18T10:37:45.235496-04:00 osboxes kernel: VFS: Dquot-cache hash table entries: 512 (order 0, 4096 bytes)
2026-07-18T10:37:45.235496-04:00 osboxes kernel: AppArmor: AppArmor Filesystem Enabled
2026-07-18T10:37:45.235497-04:00 osboxes kernel: pnp: PnP ACPI init
2026-07-18T10:37:45.235497-04:00 osboxes kernel: pnp: PnP ACPI: found 2 devices
2026-07-18T10:37:45.235497-04:00 osboxes kernel: clocksource: acpi_pm: mask: 0xffffff max_cycles: 0xffffff, max_idle_ns: 2085701024 ns
2026-07-18T10:37:45.235534-04:00 osboxes kernel: NET: Registered PF_INET protocol family
2026-07-18T10:37:45.235537-04:00 osboxes kernel: IP idents hash table entries: 32768 (order: 6, 262144 bytes, linear)
2026-07-18T10:37:45.235537-04:00 osboxes kernel: tcp_listen_portaddr_hash hash table entries: 1024 (order: 2, 16384 bytes, linear)
2026-07-18T10:37:45.235537-04:00 osboxes kernel: Table-perturb hash table entries: 65536 (order: 6, 262144 bytes, linear)
2026-07-18T10:37:45.235538-04:00 osboxes kernel: TCP established hash table entries: 16384 (order: 5, 131072 bytes, linear)
2026-07-18T10:37:45.235538-04:00 osboxes kernel: TCP bind hash table entries: 16384 (order: 7, 524288 bytes, linear)
2026-07-18T10:37:45.235575-04:00 osboxes kernel: TCP: Hash tables configured (established 16384 bind 16384)
2026-07-18T10:37:45.235577-04:00 osboxes kernel: MPTCP token hash table entries: 2048 (order: 3, 49152 bytes, linear)
2026-07-18T10:37:45.235578-04:00 osboxes kernel: UDP hash table entries: 1024 (order: 3, 32768 bytes, linear)
2026-07-18T10:37:45.235578-04:00 osboxes kernel: UDP-Lite hash table entries: 1024 (order: 3, 32768 bytes, linear)
2026-07-18T10:37:45.235578-04:00 osboxes kernel: NET: Registered PF_UNIX/PF_LOCAL protocol family
2026-07-18T10:37:45.235579-04:00 osboxes kernel: NET: Registered PF_XDP protocol family
2026-07-18T10:37:45.235579-04:00 osboxes kernel: pci_bus 0000:00: resource 4 [io  0x0000-0x0cf7 window]
2026-07-18T10:37:45.235616-04:00 osboxes kernel: pci_bus 0000:00: resource 5 [io  0x0d00-0xffff window]
2026-07-18T10:37:45.235618-04:00 osboxes kernel: pci_bus 0000:00: resource 6 [mem 0x000a0000-0x000bffff window]
2026-07-18T10:37:45.235619-04:00 osboxes kernel: pci_bus 0000:00: resource 7 [mem 0x80000000-0xfdffffff window]
2026-07-18T10:37:45.235619-04:00 osboxes kernel: pci 0000:00:00.0: Limiting direct PCI/PCI transfers
2026-07-18T10:37:45.235619-04:00 osboxes kernel: pci 0000:00:06.0: quirk_usb_early_handoff+0x0/0x190 took 11244 usecs
2026-07-18T10:37:45.235620-04:00 osboxes kernel: pci 0000:00:0b.0: quirk_usb_early_handoff+0x0/0x190 took 10435 usecs
2026-07-18T10:37:45.235657-04:00 osboxes kernel: PCI: CLS 0 bytes, default 64
2026-07-18T10:37:45.235660-04:00 osboxes kernel: Trying to unpack rootfs image as initramfs...
2026-07-18T10:37:45.235660-04:00 osboxes kernel: clocksource: tsc: mask: 0xffffffffffffffff max_cycles: 0x398c54e8bdf, max_idle_ns: 881590506184 ns
2026-07-18T10:37:45.235660-04:00 osboxes kernel: clocksource: Switched to clocksource tsc
2026-07-18T10:37:45.235687-04:00 osboxes kernel: platform rtc_cmos: registered platform RTC device (no PNP device found)
2026-07-18T10:37:45.235688-04:00 osboxes kernel: Initialise system trusted keyrings
2026-07-18T10:37:45.235688-04:00 osboxes kernel: Key type blacklist registered
2026-07-18T10:37:45.235725-04:00 osboxes kernel: workingset: timestamp_bits=36 max_order=19 bucket_order=0
2026-07-18T10:37:45.235727-04:00 osboxes kernel: zbud: loaded
2026-07-18T10:37:45.235728-04:00 osboxes kernel: squashfs: version 4.0 (2009/01/31) Phillip Lougher
2026-07-18T10:37:45.235728-04:00 osboxes kernel: fuse: init (API version 7.39)
2026-07-18T10:37:45.235728-04:00 osboxes kernel: integrity: Platform Keyring initialized
2026-07-18T10:37:45.235729-04:00 osboxes kernel: integrity: Machine keyring initialized
2026-07-18T10:37:45.235766-04:00 osboxes kernel: Key type asymmetric registered
2026-07-18T10:37:45.235768-04:00 osboxes kernel: Asymmetric key parser 'x509' registered
2026-07-18T10:37:45.235769-04:00 osboxes kernel: Block layer SCSI generic (bsg) driver version 0.4 loaded (major 243)
2026-07-18T10:37:45.235769-04:00 osboxes kernel: io scheduler mq-deadline registered
2026-07-18T10:37:45.235769-04:00 osboxes kernel: shpchp: Standard Hot Plug PCI Controller Driver version: 0.4
2026-07-18T10:37:45.235770-04:00 osboxes kernel: ACPI: AC: AC Adapter [AC] (off-line)
2026-07-18T10:37:45.235809-04:00 osboxes kernel: input: Power Button as /devices/LNXSYSTM:00/LNXPWRBN:00/input/input0
2026-07-18T10:37:45.235812-04:00 osboxes kernel: ACPI: button: Power Button [PWRF]
2026-07-18T10:37:45.235813-04:00 osboxes kernel: input: Sleep Button as /devices/LNXSYSTM:00/LNXSLPBN:00/input/input1
2026-07-18T10:37:45.235813-04:00 osboxes kernel: ACPI: button: Sleep Button [SLPF]
2026-07-18T10:37:45.235813-04:00 osboxes kernel: Serial: 8250/16550 driver, 32 ports, IRQ sharing enabled
2026-07-18T10:37:45.235814-04:00 osboxes kernel: ACPI: battery: Slot [BAT0] (battery present)
2026-07-18T10:37:45.235814-04:00 osboxes kernel: Linux agpgart interface v0.103
2026-07-18T10:37:45.235850-04:00 osboxes kernel: loop: module loaded
2026-07-18T10:37:45.235853-04:00 osboxes kernel: ata_piix 0000:00:01.1: version 2.13
2026-07-18T10:37:45.235854-04:00 osboxes kernel: scsi host0: ata_piix
2026-07-18T10:37:45.235854-04:00 osboxes kernel: scsi host1: ata_piix
2026-07-18T10:37:45.235854-04:00 osboxes kernel: ata1: PATA max UDMA/33 cmd 0x1f0 ctl 0x3f6 bmdma 0xd000 irq 14 lpm-pol 0
2026-07-18T10:37:45.235854-04:00 osboxes kernel: ata2: PATA max UDMA/33 cmd 0x170 ctl 0x376 bmdma 0xd008 irq 15 lpm-pol 0
2026-07-18T10:37:45.235899-04:00 osboxes kernel: ACPI: bus type drm_connector registered
2026-07-18T10:37:45.235901-04:00 osboxes kernel: tun: Universal TUN/TAP device driver, 1.6
2026-07-18T10:37:45.235902-04:00 osboxes kernel: PPP generic driver version 2.4.2
2026-07-18T10:37:45.235902-04:00 osboxes kernel: ehci-pci 0000:00:0b.0: EHCI Host Controller
2026-07-18T10:37:45.235902-04:00 osboxes kernel: ehci-pci 0000:00:0b.0: new USB bus registered, assigned bus number 1
2026-07-18T10:37:45.235903-04:00 osboxes kernel: ehci-pci 0000:00:0b.0: irq 19, io mem 0xf0805000
2026-07-18T10:37:45.235903-04:00 osboxes kernel: ehci-pci 0000:00:0b.0: USB 2.0 started, EHCI 1.00
2026-07-18T10:37:45.235939-04:00 osboxes kernel: usb usb1: New USB device found, idVendor=1d6b, idProduct=0002, bcdDevice= 6.08
2026-07-18T10:37:45.235942-04:00 osboxes kernel: usb usb1: New USB device strings: Mfr=3, Product=2, SerialNumber=1
2026-07-18T10:37:45.235942-04:00 osboxes kernel: usb usb1: Product: EHCI Host Controller
2026-07-18T10:37:45.235943-04:00 osboxes kernel: usb usb1: Manufacturer: Linux 6.8.0-31-generic ehci_hcd
2026-07-18T10:37:45.235943-04:00 osboxes kernel: usb usb1: SerialNumber: 0000:00:0b.0
2026-07-18T10:37:45.235943-04:00 osboxes kernel: hub 1-0:1.0: USB hub found
2026-07-18T10:37:45.235982-04:00 osboxes kernel: hub 1-0:1.0: 12 ports detected
2026-07-18T10:37:45.235985-04:00 osboxes kernel: ohci-pci 0000:00:06.0: OHCI PCI host controller
2026-07-18T10:37:45.235985-04:00 osboxes kernel: ohci-pci 0000:00:06.0: new USB bus registered, assigned bus number 2
2026-07-18T10:37:45.235985-04:00 osboxes kernel: ohci-pci 0000:00:06.0: irq 22, io mem 0xf0804000
2026-07-18T10:37:45.235985-04:00 osboxes kernel: usb usb2: New USB device found, idVendor=1d6b, idProduct=0001, bcdDevice= 6.08
2026-07-18T10:37:45.235986-04:00 osboxes kernel: usb usb2: New USB device strings: Mfr=3, Product=2, SerialNumber=1
2026-07-18T10:37:45.236023-04:00 osboxes kernel: usb usb2: Product: OHCI PCI host controller
2026-07-18T10:37:45.236025-04:00 osboxes kernel: usb usb2: Manufacturer: Linux 6.8.0-31-generic ohci_hcd
2026-07-18T10:37:45.236026-04:00 osboxes kernel: usb usb2: SerialNumber: 0000:00:06.0
2026-07-18T10:37:45.236026-04:00 osboxes kernel: hub 2-0:1.0: USB hub found
2026-07-18T10:37:45.236026-04:00 osboxes kernel: hub 2-0:1.0: 12 ports detected
2026-07-18T10:37:45.236027-04:00 osboxes kernel: ata1.00: ATAPI: VBOX CD-ROM, 1.0, max UDMA/133
2026-07-18T10:37:45.236027-04:00 osboxes kernel: scsi 0:0:0:0: CD-ROM            VBOX     CD-ROM           1.0  PQ: 0 ANSI: 5
2026-07-18T10:37:45.236064-04:00 osboxes kernel: i8042: PNP: PS/2 Controller [PNP0303:PS2K,PNP0f03:PS2M] at 0x60,0x64 irq 1,12
2026-07-18T10:37:45.236067-04:00 osboxes kernel: sr 0:0:0:0: [sr0] scsi3-mmc drive: 32x/32x xa/form2 tray
2026-07-18T10:37:45.236067-04:00 osboxes kernel: cdrom: Uniform CD-ROM driver Revision: 3.20
2026-07-18T10:37:45.236067-04:00 osboxes kernel: serio: i8042 KBD port at 0x60,0x64 irq 1
2026-07-18T10:37:45.236068-04:00 osboxes kernel: serio: i8042 AUX port at 0x60,0x64 irq 12
2026-07-18T10:37:45.236068-04:00 osboxes kernel: mousedev: PS/2 mouse device common for all mice
2026-07-18T10:37:45.236104-04:00 osboxes kernel: rtc_cmos rtc_cmos: registered as rtc0
2026-07-18T10:37:45.236107-04:00 osboxes kernel: input: AT Translated Set 2 keyboard as /devices/platform/i8042/serio0/input/input2
2026-07-18T10:37:45.236107-04:00 osboxes kernel: rtc_cmos rtc_cmos: setting system clock to 2026-07-18T14:37:20 UTC (1784385440)
2026-07-18T10:37:45.236108-04:00 osboxes kernel: rtc_cmos rtc_cmos: alarms up to one day, 114 bytes nvram
2026-07-18T10:37:45.236108-04:00 osboxes kernel: i2c_dev: i2c /dev entries driver
2026-07-18T10:37:45.236108-04:00 osboxes kernel: device-mapper: core: CONFIG_IMA_DISABLE_HTABLE is disabled. Duplicate IMA measurements will not be recorded in the IMA log.
2026-07-18T10:37:45.236145-04:00 osboxes kernel: device-mapper: uevent: version 1.0.3
2026-07-18T10:37:45.236148-04:00 osboxes kernel: device-mapper: ioctl: 4.48.0-ioctl (2023-03-01) initialised: dm-devel@redhat.com
2026-07-18T10:37:45.236148-04:00 osboxes kernel: platform eisa.0: Probing EISA bus 0
2026-07-18T10:37:45.236148-04:00 osboxes kernel: platform eisa.0: EISA: Cannot allocate resource for mainboard
2026-07-18T10:37:45.236149-04:00 osboxes kernel: platform eisa.0: Cannot allocate resource for EISA slot 1
2026-07-18T10:37:45.236149-04:00 osboxes kernel: platform eisa.0: Cannot allocate resource for EISA slot 2
2026-07-18T10:37:45.236149-04:00 osboxes kernel: platform eisa.0: Cannot allocate resource for EISA slot 3
2026-07-18T10:37:45.236239-04:00 osboxes kernel: platform eisa.0: Cannot allocate resource for EISA slot 4
2026-07-18T10:37:45.236245-04:00 osboxes kernel: platform eisa.0: Cannot allocate resource for EISA slot 5
2026-07-18T10:37:45.236247-04:00 osboxes kernel: platform eisa.0: Cannot allocate resource for EISA slot 6
2026-07-18T10:37:45.236248-04:00 osboxes kernel: platform eisa.0: Cannot allocate resource for EISA slot 7
2026-07-18T10:37:45.236248-04:00 osboxes kernel: platform eisa.0: Cannot allocate resource for EISA slot 8
2026-07-18T10:37:45.236248-04:00 osboxes kernel: platform eisa.0: EISA: Detected 0 cards
2026-07-18T10:37:45.236298-04:00 osboxes kernel: amd_pstate: the _CPC object is not present in SBIOS or ACPI disabled
2026-07-18T10:37:45.236301-04:00 osboxes kernel: ledtrig-cpu: registered to indicate activity on CPUs
2026-07-18T10:37:45.236301-04:00 osboxes kernel: drop_monitor: Initializing network drop monitor service
2026-07-18T10:37:45.236301-04:00 osboxes kernel: NET: Registered PF_INET6 protocol family
2026-07-18T10:37:45.236302-04:00 osboxes kernel: sr 0:0:0:0: Attached scsi CD-ROM sr0
2026-07-18T10:37:45.236302-04:00 osboxes kernel: sr 0:0:0:0: Attached scsi generic sg0 type 5
2026-07-18T10:37:45.236302-04:00 osboxes kernel: usb 2-1: new full-speed USB device number 2 using ohci-pci
2026-07-18T10:37:45.236342-04:00 osboxes kernel: usb 2-1: New USB device found, idVendor=80ee, idProduct=0021, bcdDevice= 1.00
2026-07-18T10:37:45.236346-04:00 osboxes kernel: usb 2-1: New USB device strings: Mfr=1, Product=3, SerialNumber=0
2026-07-18T10:37:45.236347-04:00 osboxes kernel: usb 2-1: Product: USB Tablet
2026-07-18T10:37:45.236348-04:00 osboxes kernel: usb 2-1: Manufacturer: VirtualBox
2026-07-18T10:37:45.236348-04:00 osboxes kernel: Freeing initrd memory: 64136K
2026-07-18T10:37:45.236349-04:00 osboxes kernel: Segment Routing with IPv6
2026-07-18T10:37:45.236394-04:00 osboxes kernel: In-situ OAM (IOAM) with IPv6
2026-07-18T10:37:45.236398-04:00 osboxes kernel: NET: Registered PF_PACKET protocol family
2026-07-18T10:37:45.236399-04:00 osboxes kernel: Key type dns_resolver registered
2026-07-18T10:37:45.236400-04:00 osboxes kernel: IPI shorthand broadcast: enabled
2026-07-18T10:37:45.236400-04:00 osboxes kernel: sched_clock: Marking stable (3308269857, 265899108)->(3641522659, -67353694)
2026-07-18T10:37:45.236401-04:00 osboxes kernel: registered taskstats version 1
2026-07-18T10:37:45.236446-04:00 osboxes kernel: Loading compiled-in X.509 certificates
2026-07-18T10:37:45.236449-04:00 osboxes kernel: Loaded X.509 cert 'Build time autogenerated kernel key: 06ebe891e0babd04dcef5f73bad66b3a3e5eafa8'
2026-07-18T10:37:45.236450-04:00 osboxes kernel: Loaded X.509 cert 'Canonical Ltd. Live Patch Signing: 14df34d1a87cf37625abec039ef2bf521249b969'
2026-07-18T10:37:45.236450-04:00 osboxes kernel: Loaded X.509 cert 'Canonical Ltd. Kernel Module Signing: 88f752e560a1e0737e31163a466ad7b70a850c19'
2026-07-18T10:37:45.236451-04:00 osboxes kernel: blacklist: Loading compiled-in revocation X.509 certificates
2026-07-18T10:37:45.236451-04:00 osboxes kernel: Loaded X.509 cert 'Canonical Ltd. Secure Boot Signing: 61482aa2830d0ab2ad5af10b7250da9033ddcef0'
2026-07-18T10:37:45.236451-04:00 osboxes kernel: Loaded X.509 cert 'Canonical Ltd. Secure Boot Signing (2017): 242ade75ac4a15e50d50c84b0d45ff3eae707a03'
2026-07-18T10:37:45.236499-04:00 osboxes kernel: Loaded X.509 cert 'Canonical Ltd. Secure Boot Signing (ESM 2018): 365188c1d374d6b07c3c8f240f8ef722433d6a8b'
2026-07-18T10:37:45.236503-04:00 osboxes kernel: Loaded X.509 cert 'Canonical Ltd. Secure Boot Signing (2019): c0746fd6c5da3ae827864651ad66ae47fe24b3e8'
2026-07-18T10:37:45.236503-04:00 osboxes kernel: Loaded X.509 cert 'Canonical Ltd. Secure Boot Signing (2021 v1): a8d54bbb3825cfb94fa13c9f8a594a195c107b8d'
2026-07-18T10:37:45.236601-04:00 osboxes kernel: Loaded X.509 cert 'Canonical Ltd. Secure Boot Signing (2021 v2): 4cf046892d6fd3c9a5b03f98d845f90851dc6a8c'
2026-07-18T10:37:45.236603-04:00 osboxes kernel: Loaded X.509 cert 'Canonical Ltd. Secure Boot Signing (2021 v3): 100437bb6de6e469b581e61cd66bce3ef4ed53af'
2026-07-18T10:37:45.236650-04:00 osboxes kernel: Loaded X.509 cert 'Canonical Ltd. Secure Boot Signing (Ubuntu Core 2019): c1d57b8f6b743f23ee41f4f7ee292f06eecadfb9'
2026-07-18T10:37:45.236707-04:00 osboxes kernel: Key type .fscrypt registered
2026-07-18T10:37:45.236709-04:00 osboxes kernel: Key type fscrypt-provisioning registered
2026-07-18T10:37:45.236710-04:00 osboxes kernel: Key type encrypted registered
2026-07-18T10:37:45.236710-04:00 osboxes kernel: AppArmor: AppArmor sha256 policy hashing enabled
2026-07-18T10:37:45.236710-04:00 osboxes kernel: ima: No TPM chip found, activating TPM-bypass!
2026-07-18T10:37:45.236760-04:00 osboxes kernel: Loading compiled-in module X.509 certificates
2026-07-18T10:37:45.236764-04:00 osboxes kernel: Loaded X.509 cert 'Build time autogenerated kernel key: 06ebe891e0babd04dcef5f73bad66b3a3e5eafa8'
2026-07-18T10:37:45.236764-04:00 osboxes kernel: ima: Allocated hash algorithm: sha256
2026-07-18T10:37:45.236765-04:00 osboxes kernel: ima: No architecture policies found
2026-07-18T10:37:45.236765-04:00 osboxes kernel: evm: Initialising EVM extended attributes:
2026-07-18T10:37:45.236765-04:00 osboxes kernel: evm: security.selinux
2026-07-18T10:37:45.236766-04:00 osboxes kernel: evm: security.SMACK64
2026-07-18T10:37:45.236826-04:00 osboxes kernel: evm: security.SMACK64EXEC
2026-07-18T10:37:45.236830-04:00 osboxes kernel: evm: security.SMACK64TRANSMUTE
2026-07-18T10:37:45.236830-04:00 osboxes kernel: evm: security.SMACK64MMAP
2026-07-18T10:37:45.236830-04:00 osboxes kernel: evm: security.apparmor
2026-07-18T10:37:45.236831-04:00 osboxes kernel: evm: security.ima
2026-07-18T10:37:45.236831-04:00 osboxes kernel: evm: security.capability
2026-07-18T10:37:45.236877-04:00 osboxes kernel: evm: HMAC attrs: 0x1
2026-07-18T10:37:45.236880-04:00 osboxes kernel: PM:   Magic number: 2:425:637
2026-07-18T10:37:45.236881-04:00 osboxes kernel: RAS: Correctable Errors collector initialized.
2026-07-18T10:37:45.236881-04:00 osboxes kernel: clk: Disabling unused clocks
2026-07-18T10:37:45.236882-04:00 osboxes kernel: Freeing unused decrypted memory: 2028K
2026-07-18T10:37:45.236882-04:00 osboxes kernel: Freeing unused kernel image (initmem) memory: 4976K
2026-07-18T10:37:45.236926-04:00 osboxes kernel: Write protecting the kernel read-only data: 36864k
2026-07-18T10:37:45.236929-04:00 osboxes kernel: Freeing unused kernel image (rodata/data gap) memory: 48K
2026-07-18T10:37:45.236929-04:00 osboxes kernel: x86/mm: Checked W+X mappings: passed, no W+X pages found.
2026-07-18T10:37:45.236930-04:00 osboxes kernel: Run /init as init process
2026-07-18T10:37:45.236930-04:00 osboxes kernel:   with arguments:
2026-07-18T10:37:45.236930-04:00 osboxes kernel:     /init
2026-07-18T10:37:45.236931-04:00 osboxes kernel:     splash
2026-07-18T10:37:45.236974-04:00 osboxes kernel:   with environment:
2026-07-18T10:37:45.236977-04:00 osboxes kernel:     HOME=/
2026-07-18T10:37:45.236978-04:00 osboxes kernel:     TERM=linux
2026-07-18T10:37:45.236978-04:00 osboxes kernel:     BOOT_IMAGE=/boot/vmlinuz-6.8.0-31-generic
2026-07-18T10:37:45.236978-04:00 osboxes kernel: ACPI: video: Video Device [GFX0] (multi-head: yes  rom: no  post: no)
2026-07-18T10:37:45.236979-04:00 osboxes kernel: input: Video Bus as /devices/LNXSYSTM:00/LNXSYBUS:00/PNP0A03:00/LNXVIDEO:00/input/input4
2026-07-18T10:37:45.237023-04:00 osboxes kernel: e1000: Intel(R) PRO/1000 Network Driver
2026-07-18T10:37:45.237026-04:00 osboxes kernel: e1000: Copyright (c) 1999-2006 Intel Corporation.
2026-07-18T10:37:45.237026-04:00 osboxes kernel: hid: raw HID events driver (C) Jiri Kosina
2026-07-18T10:37:45.237027-04:00 osboxes kernel: ahci 0000:00:0d.0: version 3.0
2026-07-18T10:37:45.237027-04:00 osboxes kernel: usbcore: registered new interface driver usbhid
2026-07-18T10:37:45.237027-04:00 osboxes kernel: usbhid: USB HID core driver
2026-07-18T10:37:45.237028-04:00 osboxes kernel: ahci 0000:00:0d.0: SSS flag set, parallel bus scan disabled
2026-07-18T10:37:45.237072-04:00 osboxes kernel: ahci 0000:00:0d.0: AHCI 0001.0100 32 slots 1 ports 3 Gbps 0x1 impl SATA mode
2026-07-18T10:37:45.237075-04:00 osboxes kernel: ahci 0000:00:0d.0: flags: 64bit ncq stag only ccc 
2026-07-18T10:37:45.237076-04:00 osboxes kernel: input: VirtualBox USB Tablet as /devices/pci0000:00/0000:00:06.0/usb2/2-1/2-1:1.0/0003:80EE:0021.0001/input/input6
2026-07-18T10:37:45.237076-04:00 osboxes kernel: hid-generic 0003:80EE:0021.0001: input,hidraw0: USB HID v1.10 Mouse [VirtualBox USB Tablet] on usb-0000:00:06.0-1/input0
2026-07-18T10:37:45.237077-04:00 osboxes kernel: scsi host2: ahci
2026-07-18T10:37:45.237077-04:00 osboxes kernel: ata3: SATA max UDMA/133 abar m8192@0xf0806000 port 0xf0806100 irq 21 lpm-pol 0
2026-07-18T10:37:45.237121-04:00 osboxes kernel: input: ImExPS/2 Generic Explorer Mouse as /devices/platform/i8042/serio1/input/input5
2026-07-18T10:37:45.237125-04:00 osboxes kernel: ata3: SATA link up 3.0 Gbps (SStatus 123 SControl 300)
2026-07-18T10:37:45.237125-04:00 osboxes kernel: ata3.00: ATA-6: VBOX HARDDISK, 1.0, max UDMA/133
2026-07-18T10:37:45.237126-04:00 osboxes kernel: ata3.00: 1048576000 sectors, multi 128: LBA48 NCQ (depth 32)
2026-07-18T10:37:45.237127-04:00 osboxes kernel: ata3.00: configured for UDMA/133
2026-07-18T10:37:45.237127-04:00 osboxes kernel: scsi 2:0:0:0: Direct-Access     ATA      VBOX HARDDISK    1.0  PQ: 0 ANSI: 5
2026-07-18T10:37:45.237175-04:00 osboxes kernel: sd 2:0:0:0: [sda] 1048576000 512-byte logical blocks: (537 GB/500 GiB)
2026-07-18T10:37:45.237178-04:00 osboxes kernel: sd 2:0:0:0: [sda] Write Protect is off
2026-07-18T10:37:45.237179-04:00 osboxes kernel: sd 2:0:0:0: [sda] Mode Sense: 00 3a 00 00
2026-07-18T10:37:45.237179-04:00 osboxes kernel: sd 2:0:0:0: [sda] Write cache: enabled, read cache: enabled, doesn't support DPO or FUA
2026-07-18T10:37:45.237180-04:00 osboxes kernel: sd 2:0:0:0: [sda] Preferred minimum I/O size 512 bytes
2026-07-18T10:37:45.237180-04:00 osboxes kernel: sd 2:0:0:0: Attached scsi generic sg1 type 0
2026-07-18T10:37:45.237225-04:00 osboxes kernel:  sda: sda1 sda2
2026-07-18T10:37:45.237228-04:00 osboxes kernel: sd 2:0:0:0: [sda] Attached SCSI disk
2026-07-18T10:37:45.237230-04:00 osboxes kernel: e1000 0000:00:03.0 eth0: (PCI:33MHz:32-bit) 08:00:27:4c:eb:06
2026-07-18T10:37:45.237230-04:00 osboxes kernel: e1000 0000:00:03.0 eth0: Intel(R) PRO/1000 Network Connection
2026-07-18T10:37:45.237230-04:00 osboxes kernel: e1000 0000:00:03.0 enp0s3: renamed from eth0
2026-07-18T10:37:45.237231-04:00 osboxes kernel: EXT4-fs (sda2): mounted filesystem 877292f0-69dd-4735-bca5-47131956fcc0 ro with ordered data mode. Quota mode: none.
2026-07-18T10:37:45.237779-04:00 osboxes kernel: lp: driver loaded but no devices found
2026-07-18T10:37:45.237779-04:00 osboxes kernel: EXT4-fs (sda2): re-mounted 877292f0-69dd-4735-bca5-47131956fcc0 r/w. Quota mode: none.
2026-07-18T10:37:45.237818-04:00 osboxes kernel: ppdev: user-space parallel port driver
2026-07-18T10:37:45.237860-04:00 osboxes kernel: Adding 4194300k swap on /swap.img.  Priority:-2 extents:3 across:4456444k 
2026-07-18T10:37:45.237899-04:00 osboxes kernel: loop0: detected capacity change from 0 to 8
2026-07-18T10:37:45.237899-04:00 osboxes kernel: loop1: detected capacity change from 0 to 152040
2026-07-18T10:37:45.237900-04:00 osboxes kernel: loop2: detected capacity change from 0 to 151512
2026-07-18T10:37:45.237900-04:00 osboxes kernel: loop3: detected capacity change from 0 to 136816
2026-07-18T10:37:45.237900-04:00 osboxes kernel: loop4: detected capacity change from 0 to 552192
2026-07-18T10:37:45.237901-04:00 osboxes kernel: loop5: detected capacity change from 0 to 33792
2026-07-18T10:37:45.237945-04:00 osboxes kernel: loop6: detected capacity change from 0 to 21952
2026-07-18T10:37:45.237948-04:00 osboxes kernel: loop7: detected capacity change from 0 to 1034424
2026-07-18T10:37:45.237948-04:00 osboxes kernel: loop8: detected capacity change from 0 to 808920
2026-07-18T10:37:45.237949-04:00 osboxes kernel: loop9: detected capacity change from 0 to 1258560
2026-07-18T10:37:45.237949-04:00 osboxes kernel: loop10: detected capacity change from 0 to 187776
2026-07-18T10:37:45.237949-04:00 osboxes kernel: loop11: detected capacity change from 0 to 21136
2026-07-18T10:37:45.237994-04:00 osboxes kernel: loop12: detected capacity change from 0 to 24984
2026-07-18T10:37:45.237997-04:00 osboxes kernel: loop13: detected capacity change from 0 to 79328
2026-07-18T10:37:45.237998-04:00 osboxes kernel: loop14: detected capacity change from 0 to 102600
2026-07-18T10:37:45.237998-04:00 osboxes kernel: loop15: detected capacity change from 0 to 952
2026-07-18T10:37:45.237998-04:00 osboxes kernel: loop16: detected capacity change from 0 to 1656
2026-07-18T10:37:45.237998-04:00 osboxes kernel: audit: type=1400 audit(1784385453.908:2): apparmor="STATUS" operation="profile_load" profile="unconfined" name="1password" pid=347 comm="apparmor_parser"
2026-07-18T10:37:45.238035-04:00 osboxes kernel: audit: type=1400 audit(1784385453.938:3): apparmor="STATUS" operation="profile_load" profile="unconfined" name="Discord" pid=355 comm="apparmor_parser"
2026-07-18T10:37:45.238038-04:00 osboxes kernel: audit: type=1400 audit(1784385453.954:4): apparmor="STATUS" operation="profile_load" profile="unconfined" name=4D6F6E676F444220436F6D70617373 pid=356 comm="apparmor_parser"
2026-07-18T10:37:45.238038-04:00 osboxes kernel: audit: type=1400 audit(1784385453.983:5): apparmor="STATUS" operation="profile_load" profile="unconfined" name="QtWebEngineProcess" pid=361 comm="apparmor_parser"
2026-07-18T10:37:45.238038-04:00 osboxes kernel: audit: type=1400 audit(1784385454.003:6): apparmor="STATUS" operation="profile_load" profile="unconfined" name="brave" pid=363 comm="apparmor_parser"
2026-07-18T10:37:45.238039-04:00 osboxes kernel: audit: type=1400 audit(1784385454.011:7): apparmor="STATUS" operation="profile_load" profile="unconfined" name="buildah" pid=365 comm="apparmor_parser"
2026-07-18T10:37:45.238075-04:00 osboxes kernel: audit: type=1400 audit(1784385454.023:8): apparmor="STATUS" operation="profile_load" profile="unconfined" name="busybox" pid=369 comm="apparmor_parser"
2026-07-18T10:37:45.238078-04:00 osboxes kernel: audit: type=1400 audit(1784385454.032:9): apparmor="STATUS" operation="profile_load" profile="unconfined" name="cam" pid=370 comm="apparmor_parser"
2026-07-18T10:37:45.238078-04:00 osboxes kernel: audit: type=1400 audit(1784385454.044:10): apparmor="STATUS" operation="profile_load" profile="unconfined" name="ch-checkns" pid=372 comm="apparmor_parser"
2026-07-18T10:37:45.238079-04:00 osboxes kernel: audit: type=1400 audit(1784385454.058:11): apparmor="STATUS" operation="profile_load" profile="unconfined" name="ch-run" pid=373 comm="apparmor_parser"
2026-07-18T10:37:45.238079-04:00 osboxes kernel: vboxguest: host-version: 7.2.10r174163 0x8000000f
2026-07-18T10:37:45.238084-04:00 osboxes kernel: cryptd: max_cpu_qlen set to 1000
2026-07-18T10:37:45.238115-04:00 osboxes kernel: piix4_smbus 0000:00:07.0: SMBus Host Controller at 0x4100, revision 0
2026-07-18T10:37:45.238118-04:00 osboxes kernel: vbg_heartbeat_init: Setting up heartbeat to trigger every 2000 milliseconds
2026-07-18T10:37:45.238118-04:00 osboxes kernel: input: VirtualBox mouse integration as /devices/pci0000:00/0000:00:04.0/input/input7
2026-07-18T10:37:45.238119-04:00 osboxes kernel: AVX2 version of gcm_enc/dec engaged.
2026-07-18T10:37:45.238119-04:00 osboxes kernel: AES CTR mode by8 optimization enabled
2026-07-18T10:37:45.238133-04:00 osboxes kernel: kauditd_printk_skb: 120 callbacks suppressed
2026-07-18T10:37:45.238169-04:00 osboxes kernel: audit: type=1400 audit(1784385458.970:132): apparmor="STATUS" operation="profile_load" profile="unconfined" name="snap.firmware-updater.firmware-updater-app" pid=521 comm="apparmor_parser"
2026-07-18T10:37:45.238172-04:00 osboxes kernel: audit: type=1400 audit(1784385459.091:133): apparmor="STATUS" operation="profile_load" profile="unconfined" name="snap.firmware-updater.hook.configure" pid=528 comm="apparmor_parser"
2026-07-18T10:37:45.238172-04:00 osboxes kernel: vmwgfx 0000:00:02.0: vgaarb: deactivate vga console
2026-07-18T10:37:45.238173-04:00 osboxes kernel: audit: type=1400 audit(1784385459.207:134): apparmor="STATUS" operation="profile_load" profile="unconfined" name="snap.mesa-2404.component-monitor" pid=534 comm="apparmor_parser"
2026-07-18T10:37:45.238173-04:00 osboxes kernel: audit: type=1400 audit(1784385459.259:135): apparmor="STATUS" operation="profile_load" profile="unconfined" name="snap.mesa-2404.hook.connect-plug-kernel-gpu-2404" pid=539 comm="apparmor_parser"
2026-07-18T10:37:45.238209-04:00 osboxes kernel: Console: switching to colour dummy device 80x25
2026-07-18T10:37:45.238212-04:00 osboxes kernel: audit: type=1400 audit(1784385459.321:136): apparmor="STATUS" operation="profile_load" profile="unconfined" name="snap.mesa-2404.hook.disconnect-plug-kernel-gpu-2404" pid=542 comm="apparmor_parser"
2026-07-18T10:37:45.238212-04:00 osboxes kernel: audit: type=1400 audit(1784385459.370:137): apparmor="STATUS" operation="profile_load" profile="unconfined" name="snap.mesa-2404.hook.install" pid=553 comm="apparmor_parser"
2026-07-18T10:37:45.238213-04:00 osboxes kernel: vmwgfx 0000:00:02.0: [drm] FIFO at 0x00000000f0000000 size is 2048 kiB
2026-07-18T10:37:45.238213-04:00 osboxes kernel: vmwgfx 0000:00:02.0: [drm] VRAM at 0x00000000e0000000 size is 16384 kiB
2026-07-18T10:37:45.238213-04:00 osboxes kernel: vmwgfx 0000:00:02.0: [drm] Running on SVGA version 2.
2026-07-18T10:37:45.238249-04:00 osboxes kernel: vmwgfx 0000:00:02.0: [drm] Capabilities: rect copy, cursor, cursor bypass, cursor bypass 2, alpha cursor, extended fifo, pitchlock, irq mask, gmr, traces, gmr2, screen object 2, command buffers, command buffers 2, gbobject, cap2 register, 
2026-07-18T10:37:45.238252-04:00 osboxes kernel: vmwgfx 0000:00:02.0: [drm] Capabilities2: cursor mob, 
2026-07-18T10:37:45.238253-04:00 osboxes kernel: vmwgfx 0000:00:02.0: [drm] *ERROR* vmwgfx seems to be running on an unsupported hypervisor.
2026-07-18T10:37:45.238253-04:00 osboxes kernel: vmwgfx 0000:00:02.0: [drm] *ERROR* This configuration is likely broken.
2026-07-18T10:37:45.238253-04:00 osboxes kernel: vmwgfx 0000:00:02.0: [drm] *ERROR* Please switch to a supported graphics device to avoid problems.
2026-07-18T10:37:45.238253-04:00 osboxes kernel: vmwgfx 0000:00:02.0: [drm] DMA map mode: Caching DMA mappings.
2026-07-18T10:37:45.238291-04:00 osboxes kernel: vmwgfx 0000:00:02.0: [drm] Legacy memory limits: VRAM = 16384 kB, FIFO = 2048 kB, surface = 507904 kB
2026-07-18T10:37:45.238294-04:00 osboxes kernel: vmwgfx 0000:00:02.0: [drm] MOB limits: max mob size = 131072 kB, max mob pages = 12288
2026-07-18T10:37:45.238294-04:00 osboxes kernel: vmwgfx 0000:00:02.0: [drm] Max GMR ids is 8192
2026-07-18T10:37:45.238295-04:00 osboxes kernel: vmwgfx 0000:00:02.0: [drm] Max number of GMR pages is 1048576
2026-07-18T10:37:45.238295-04:00 osboxes kernel: vmwgfx 0000:00:02.0: [drm] Maximum display memory size is 16384 kiB
2026-07-18T10:37:45.238295-04:00 osboxes kernel: audit: type=1400 audit(1784385459.425:138): apparmor="STATUS" operation="profile_load" profile="unconfined" name="snap.mesa-2404.hook.post-refresh" pid=555 comm="apparmor_parser"
2026-07-18T10:37:45.238344-04:00 osboxes kernel: audit: type=1400 audit(1784385459.524:139): apparmor="STATUS" operation="profile_load" profile="unconfined" name="snap.snap-store.hook.configure" pid=558 comm="apparmor_parser"
2026-07-18T10:37:45.238347-04:00 osboxes kernel: audit: type=1400 audit(1784385459.578:140): apparmor="STATUS" operation="profile_load" profile="unconfined" name="snap.snap-store.snap-store" pid=561 comm="apparmor_parser"
2026-07-18T10:37:45.238348-04:00 osboxes kernel: audit: type=1400 audit(1784385459.643:141): apparmor="STATUS" operation="profile_load" profile="unconfined" name="snap.snap-store.ubuntu-software" pid=564 comm="apparmor_parser"
2026-07-18T10:37:45.238348-04:00 osboxes kernel: vmwgfx 0000:00:02.0: [drm] Screen Target display unit initialized
2026-07-18T10:37:45.238348-04:00 osboxes kernel: vmwgfx 0000:00:02.0: [drm] Fifo max 0x00200000 min 0x00001000 cap 0x00000355
2026-07-18T10:37:45.238384-04:00 osboxes kernel: vmwgfx 0000:00:02.0: [drm] Using command buffers with DMA pool.
2026-07-18T10:37:45.238387-04:00 osboxes kernel: vmwgfx 0000:00:02.0: [drm] Available shader model: Legacy.
2026-07-18T10:37:45.238388-04:00 osboxes kernel: [drm] Initialized vmwgfx 2.20.0 20211206 for 0000:00:02.0 on minor 0
2026-07-18T10:37:45.238388-04:00 osboxes kernel: fbcon: vmwgfxdrmfb (fb0) is primary device
2026-07-18T10:37:45.238388-04:00 osboxes kernel: Console: switching to colour frame buffer device 160x50
2026-07-18T10:37:45.238388-04:00 osboxes kernel: vmwgfx 0000:00:02.0: [drm] fb0: vmwgfxdrmfb frame buffer device
2026-07-18T10:37:45.238389-04:00 osboxes kernel: snd_intel8x0 0000:00:05.0: allow list rate for 1028:0177 is 48000
2026-07-18T10:37:47.505681-04:00 osboxes kernel: 14:37:47.460625 main     VBoxClient 7.0.16_Ubuntu r162802 (verbosity: 0) linux.amd64 (Apr 17 2024 06:41:38) release log
2026-07-18T10:37:47.505702-04:00 osboxes kernel: 14:37:4
2026-07-18T10:37:47.505703-04:00 osboxes kernel: 14:37:47.502603 main     OS Product: Linux
2026-07-18T10:37:47.536502-04:00 osboxes kernel: 14:37:47.528084 main     OS Release: 6.8.0-31-generic
2026-07-18T10:37:47.553930-04:00 osboxes kernel: 14:37:47.552028 main     OS Version: #31-Ubuntu SMP PREEMPT_DYNAMIC Sat Apr 20 00:40:06 UTC 2024
2026-07-18T10:37:47.565198-04:00 osboxes kernel: 14:37:47.564484 main     Executable: /usr/bin/VBoxClient
2026-07-18T10:37:47.565208-04:00 osboxes kernel: 14:37:47.564487 main     Process ID: 801
2026-07-18T10:37:47.565209-04:00 osboxes kernel: 14:37:47.564488 main     Pack
2026-07-18T10:37:47.565209-04:00 osboxes kernel: 14:37:47.564764 main      VBoxClient 7.0.16_Ubuntu r162802 started. Verbose level = 0. Wayland environment detected: no
2026-07-18T10:37:47.579195-04:00 osboxes kernel: 14:37:47.577098 main      Service: SVGA X11 display
2026-07-18T10:37:47.660729-04:00 osboxes kernel: 14:37:47.659689 main      Initializing service ...
2026-07-18T10:37:47.680088-04:00 osboxes kernel: 14:37:47.677315 main      Service is not availabe, skipping
2026-07-18T10:37:47.824617-04:00 osboxes kernel: 14:37:47.823310 main     VBoxService 7.0.16_Ubuntu r162802 (verbosity: 0) linux.amd64 (Apr 17 2024 06:41:38) release log
2026-07-18T10:37:47.824626-04:00 osboxes kernel: 14:37:
2026-07-18T10:37:47.824627-04:00 osboxes kernel: 14:37:47.824242 main     OS Product: Linux
2026-07-18T10:37:47.836194-04:00 osboxes kernel: 14:37:47.832224 main     OS Release: 6.8.0-31-generic
2026-07-18T10:37:47.836206-04:00 osboxes kernel: 14:37:47.832374 main     OS Version: #31-Ubuntu SMP PREEMPT_DYNAMIC Sat Apr 20 00:40:06 UTC 2024
2026-07-18T10:37:47.889583-04:00 osboxes kernel: 14:37:47.832600 main     Executable: /usr/sbin/VBoxService
2026-07-18T10:37:47.898302-04:00 osboxes kernel: 14:37:47.832601 main     Process ID: 829
2026-07-18T10:37:47.898312-04:00 osboxes kernel: 14:37:47.832601 main     Pa
2026-07-18T10:37:47.898313-04:00 osboxes kernel: 14:37:47.887900 main     VMSVGA DRM resizing client not started, rc=VERR_FILE_NOT_FOUND
2026-07-18T10:37:47.898323-04:00 osboxes kernel: 14:37:47.895334 main     7.0.16_Ubuntu r162802 started. Verbose level = 0
2026-07-18T10:37:47.914571-04:00 osboxes kernel: 14:37:47.912136 main     vbglR3GuestCtrlDetectPeekGetCancelSupport: Supported (#1)
2026-07-18T10:37:48.060548-04:00 osboxes kernel: vboxsf: Unknown parameter 'tag'
2026-07-18T10:37:48.097256-04:00 osboxes kernel: 14:37:48.096001 automount vbsvcAutomounterMountIt: Running outdated vboxsf module without support for the 'tag' option?
2026-07-18T10:37:48.097282-04:00 osboxes kernel: 14:37:48.096255 automount vbsvcAutomounterMountIt: Successfully mounted 'LLMMM' on '/media/sf_LLMMM'
2026-07-18T10:37:48.113333-04:00 osboxes kernel: NET: Registered PF_QIPCRTR protocol family
2026-07-18T10:37:48.656126-04:00 osboxes kernel: loop17: detected capacity change from 0 to 8
2026-07-18T10:37:49.495750-04:00 osboxes kernel: kauditd_printk_skb: 4 callbacks suppressed
2026-07-18T10:37:49.495784-04:00 osboxes kernel: audit: type=1400 audit(1784385469.493:146): apparmor="STATUS" operation="profile_replace" profile="unconfined" name="/usr/lib/snapd/snap-confine" pid=940 comm="apparmor_parser"
2026-07-18T10:37:49.514231-04:00 osboxes kernel: audit: type=1400 audit(1784385469.508:147): apparmor="STATUS" operation="profile_replace" profile="unconfined" name="/usr/lib/snapd/snap-confine//mount-namespace-capture-helper" pid=940 comm="apparmor_parser"
2026-07-18T10:37:50.809254-04:00 osboxes kernel: e1000: enp0s3 NIC Link is Up 1000 Mbps Full Duplex, Flow Control: RX
2026-07-18T10:37:51.941315-04:00 osboxes kernel: audit: type=1400 audit(1784385471.936:148): apparmor="DENIED" operation="capable" class="cap" profile="/usr/sbin/cupsd" pid=1080 comm="cupsd" capability=12  capname="net_admin"
2026-07-18T10:37:56.845784-04:00 osboxes kernel: audit: type=1400 audit(1784385476.838:149): apparmor="DENIED" operation="capable" class="cap" profile="/usr/lib/snapd/snap-confine" pid=1143 comm="snap-confine" capability=12  capname="net_admin"
2026-07-18T10:37:56.845811-04:00 osboxes kernel: audit: type=1400 audit(1784385476.842:150): apparmor="DENIED" operation="capable" class="cap" profile="/usr/lib/snapd/snap-confine" pid=1143 comm="snap-confine" capability=38  capname="perfmon"
2026-07-18T10:38:08.682251-04:00 osboxes kernel: rfkill: input handler disabled
2026-07-18T10:38:25.337214-04:00 osboxes kernel: rfkill: input handler enabled
2026-07-18T10:38:29.074578-04:00 osboxes kernel: workqueue: blk_mq_run_work_fn hogged CPU for >13333us 4 times, consider switching to WQ_UNBOUND
2026-07-18T10:38:39.997340-04:00 osboxes kernel: rfkill: input handler disabled
2026-07-18T10:38:41.836726-04:00 osboxes kernel: ------------[ cut here ]------------
2026-07-18T10:38:41.836757-04:00 osboxes kernel: UBSAN: array-index-out-of-bounds in /build/linux-yrLejD/linux-6.8.0/drivers/virt/vboxguest/vboxguest_utils.c:367:20
2026-07-18T10:38:41.836761-04:00 osboxes kernel: index 1 is out of range for type '__u64 [1]'
2026-07-18T10:38:41.836762-04:00 osboxes kernel: CPU: 0 PID: 2316 Comm: gvfs-udisks2-vo Tainted: G        W          6.8.0-31-generic #31-Ubuntu
2026-07-18T10:38:41.836763-04:00 osboxes kernel: Hardware name: innotek GmbH VirtualBox/VirtualBox, BIOS VirtualBox 12/01/2006
2026-07-18T10:38:41.836764-04:00 osboxes kernel: Call Trace:
2026-07-18T10:38:41.836765-04:00 osboxes kernel:  <TASK>
2026-07-18T10:38:41.836768-04:00 osboxes kernel:  dump_stack_lvl+0x48/0x70
2026-07-18T10:38:41.836768-04:00 osboxes kernel:  dump_stack+0x10/0x20
2026-07-18T10:38:41.836769-04:00 osboxes kernel:  __ubsan_handle_out_of_bounds+0xc6/0x110
2026-07-18T10:38:41.836770-04:00 osboxes kernel:  hgcm_call_init_linaddr.part.0+0x1b0/0x1d0 [vboxguest]
2026-07-18T10:38:41.836771-04:00 osboxes kernel:  vbg_hgcm_call+0x1f8/0x3d0 [vboxguest]
2026-07-18T10:38:41.836772-04:00 osboxes kernel:  vboxsf_call+0x6c/0xd0 [vboxsf]
2026-07-18T10:38:41.836773-04:00 osboxes kernel:  vboxsf_dirinfo+0xe1/0x150 [vboxsf]
2026-07-18T10:38:41.836774-04:00 osboxes kernel:  vboxsf_dir_read_all+0x11c/0x1e0 [vboxsf]
2026-07-18T10:38:41.836775-04:00 osboxes kernel:  vboxsf_dir_open+0x10d/0x170 [vboxsf]
2026-07-18T10:38:41.836775-04:00 osboxes kernel:  ? __pfx_vboxsf_dir_open+0x10/0x10 [vboxsf]
2026-07-18T10:38:41.836776-04:00 osboxes kernel:  do_dentry_open+0x220/0x570
2026-07-18T10:38:41.836777-04:00 osboxes kernel:  vfs_open+0x33/0x50
2026-07-18T10:38:41.836778-04:00 osboxes kernel:  do_open+0x2ed/0x470
2026-07-18T10:38:41.836778-04:00 osboxes kernel:  path_openat+0x135/0x2d0
2026-07-18T10:38:41.836779-04:00 osboxes kernel:  ? __mod_memcg_lruvec_state+0xd6/0x1a0
2026-07-18T10:38:41.836780-04:00 osboxes kernel:  do_filp_open+0xaf/0x170
2026-07-18T10:38:41.836781-04:00 osboxes kernel:  do_sys_openat2+0xb3/0xe0
2026-07-18T10:38:41.836781-04:00 osboxes kernel:  __x64_sys_openat+0x55/0xa0
2026-07-18T10:38:41.836782-04:00 osboxes kernel:  x64_sys_call+0x1eb8/0x25c0
2026-07-18T10:38:41.836783-04:00 osboxes kernel:  do_syscall_64+0x7f/0x180
2026-07-18T10:38:41.836784-04:00 osboxes kernel:  ? do_user_addr_fault+0x338/0x6b0
2026-07-18T10:38:41.836785-04:00 osboxes kernel:  ? irqentry_exit_to_user_mode+0x7b/0x260
2026-07-18T10:38:41.836786-04:00 osboxes kernel:  ? irqentry_exit+0x43/0x50
2026-07-18T10:38:41.836786-04:00 osboxes kernel:  ? exc_page_fault+0x94/0x1b0
2026-07-18T10:38:41.836786-04:00 osboxes kernel:  entry_SYSCALL_64_after_hwframe+0x73/0x7b
2026-07-18T10:38:41.836787-04:00 osboxes kernel: RIP: 0033:0x79168351c8b4
2026-07-18T10:38:41.836788-04:00 osboxes kernel: Code: 00 00 48 89 45 c8 31 c0 41 83 e2 40 75 38 89 f0 f7 d0 a9 00 00 41 00 74 2d 89 f2 b8 01 01 00 00 48 89 fe bf 9c ff ff ff 0f 05 <48> 3d 00 f0 ff ff 77 34 48 8b 55 c8 64 48 2b 14 25 28 00 00 00 75
2026-07-18T10:38:41.836789-04:00 osboxes kernel: RSP: 002b:00007ffff3d1d5b0 EFLAGS: 00000206 ORIG_RAX: 0000000000000101
2026-07-18T10:38:41.836790-04:00 osboxes kernel: RAX: ffffffffffffffda RBX: 00005be83b42ebd0 RCX: 000079168351c8b4
2026-07-18T10:38:41.836790-04:00 osboxes kernel: RDX: 0000000000090800 RSI: 00005be83b42d010 RDI: 00000000ffffff9c
2026-07-18T10:38:41.836791-04:00 osboxes kernel: RBP: 00007ffff3d1d600 R08: 0000791674006f80 R09: 000079167400b8f8
2026-07-18T10:38:41.836791-04:00 osboxes kernel: R10: 0000000000000000 R11: 0000000000000206 R12: 00005be83b42d010
2026-07-18T10:38:41.836792-04:00 osboxes kernel: R13: 0000000000000000 R14: 0000791683cc80b5 R15: 0000791683cd95b0
2026-07-18T10:38:41.836792-04:00 osboxes kernel:  </TASK>
2026-07-18T10:38:41.836793-04:00 osboxes kernel: ---[ end trace ]---
2026-07-18T10:38:47.473981-04:00 osboxes kernel: ISO 9660 Extensions: Microsoft Joliet Level 3
2026-07-18T10:38:47.501917-04:00 osboxes kernel: ISO 9660 Extensions: RRIP_1991A
2026-07-18T10:39:00.156739-04:00 osboxes kernel: workqueue: blk_mq_run_work_fn hogged CPU for >13333us 8 times, consider switching to WQ_UNBOUND
2026-07-18T10:39:07.766295-04:00 osboxes kernel: workqueue: blk_mq_run_work_fn hogged CPU for >13333us 16 times, consider switching to WQ_UNBOUND
2026-07-18T10:39:31.959457-04:00 osboxes kernel: workqueue: blk_mq_run_work_fn hogged CPU for >13333us 32 times, consider switching to WQ_UNBOUND
