2024-04-24 10:47:07 startup archives install
2024-04-24 10:47:07 install base-passwd:amd64 <none> 3.6.3build1
2024-04-24 10:47:07 status half-installed base-passwd:amd64 3.6.3build1
2024-04-24 10:47:07 status unpacked base-passwd:amd64 3.6.3build1
2024-04-24 10:47:07 configure base-passwd:amd64 3.6.3build1 3.6.3build1
2024-04-24 10:47:07 status half-configured base-passwd:amd64 3.6.3build1
2024-04-24 10:47:08 status installed base-passwd:amd64 3.6.3build1
2024-04-24 10:47:08 startup archives install
2024-04-24 10:47:08 install base-files:amd64 <none> 13ubuntu10
2024-04-24 10:47:08 status half-installed base-files:amd64 13ubuntu10
2024-04-24 10:47:08 status unpacked base-files:amd64 13ubuntu10
2024-04-24 10:47:08 configure base-files:amd64 13ubuntu10 13ubuntu10
2024-04-24 10:47:08 status half-configured base-files:amd64 13ubuntu10
2024-04-24 10:47:08 status installed base-files:amd64 13ubuntu10
2024-04-24 10:47:08 startup archives install
2024-04-24 10:47:08 upgrade dpkg 1.22.6ubuntu6 1.22.6ubuntu6
2024-04-24 10:47:08 status half-configured dpkg 1.22.6ubuntu6
2024-04-24 10:47:08 status unpacked dpkg 1.22.6ubuntu6
2024-04-24 10:47:08 status half-installed dpkg 1.22.6ubuntu6
2024-04-24 10:47:08 status unpacked dpkg:amd64 1.22.6ubuntu6
2024-04-24 10:47:08 configure dpkg:amd64 1.22.6ubuntu6 1.22.6ubuntu6
2024-04-24 10:47:08 status half-configured dpkg:amd64 1.22.6ubuntu6
2024-04-24 10:47:08 status installed dpkg:amd64 1.22.6ubuntu6
2024-04-24 10:47:08 startup archives install
2024-04-24 10:47:08 install libc6:amd64 <none> 2.39-0ubuntu8
2024-04-24 10:47:08 status half-installed libc6:amd64 2.39-0ubuntu8
2024-04-24 10:47:08 status unpacked libc6:amd64 2.39-0ubuntu8
2024-04-24 10:47:08 configure libc6:amd64 2.39-0ubuntu8 2.39-0ubuntu8
2024-04-24 10:47:08 status half-configured libc6:amd64 2.39-0ubuntu8
2024-04-24 10:47:08 status installed libc6:amd64 2.39-0ubuntu8
2024-04-24 10:47:08 startup archives install
2024-04-24 10:47:08 install perl-base:amd64 <none> 5.38.2-3.2build2
2024-04-24 10:47:08 status half-installed perl-base:amd64 5.38.2-3.2build2
2024-04-24 10:47:08 status unpacked perl-base:amd64 5.38.2-3.2build2
2024-04-24 10:47:08 configure perl-base:amd64 5.38.2-3.2build2 5.38.2-3.2build2
2024-04-24 10:47:08 status half-configured perl-base:amd64 5.38.2-3.2build2
2024-04-24 10:47:08 status installed perl-base:amd64 5.38.2-3.2build2
2024-04-24 10:47:08 startup archives install
2024-04-24 10:47:08 install mawk:amd64 <none> 1.3.4.20240123-1build1
2024-04-24 10:47:08 status half-installed mawk:amd64 1.3.4.20240123-1build1
2024-04-24 10:47:08 status unpacked mawk:amd64 1.3.4.20240123-1build1
2024-04-24 10:47:08 configure mawk:amd64 1.3.4.20240123-1build1 1.3.4.20240123-1build1
2024-04-24 10:47:08 status half-configured mawk:amd64 1.3.4.20240123-1build1
2024-04-24 10:47:08 status installed mawk:amd64 1.3.4.20240123-1build1
2024-04-24 10:47:08 startup archives install
2024-04-24 10:47:08 install debconf:all <none> 1.5.86ubuntu1
2024-04-24 10:47:08 status half-installed debconf:all 1.5.86ubuntu1
2024-04-24 10:47:08 status unpacked debconf:all 1.5.86ubuntu1
2024-04-24 10:47:09 configure debconf:all 1.5.86ubuntu1 1.5.86ubuntu1
2024-04-24 10:47:09 status half-configured debconf:all 1.5.86ubuntu1
2024-04-24 10:47:09 status installed debconf:all 1.5.86ubuntu1
2024-04-24 10:47:09 startup archives unpack
2024-04-24 10:47:09 upgrade base-files:amd64 13ubuntu10 13ubuntu10
2024-04-24 10:47:09 status half-configured base-files:amd64 13ubuntu10
2024-04-24 10:47:09 status unpacked base-files:amd64 13ubuntu10
2024-04-24 10:47:09 status half-installed base-files:amd64 13ubuntu10
2024-04-24 10:47:09 status unpacked base-files:amd64 13ubuntu10
2024-04-24 10:47:09 upgrade base-passwd:amd64 3.6.3build1 3.6.3build1
2024-04-24 10:47:09 status half-configured base-passwd:amd64 3.6.3build1
2024-04-24 10:47:09 status unpacked base-passwd:amd64 3.6.3build1
2024-04-24 10:47:09 status half-installed base-passwd:amd64 3.6.3build1
2024-04-24 10:47:09 status unpacked base-passwd:amd64 3.6.3build1
2024-04-24 10:47:09 install bash:amd64 <none> 5.2.21-2ubuntu4
2024-04-24 10:47:09 status half-installed bash:amd64 5.2.21-2ubuntu4
2024-04-24 10:47:09 status unpacked bash:amd64 5.2.21-2ubuntu4
2024-04-24 10:47:09 install bsdutils:amd64 <none> 1:2.39.3-9ubuntu6
2024-04-24 10:47:09 status half-installed bsdutils:amd64 1:2.39.3-9ubuntu6
2024-04-24 10:47:09 status unpacked bsdutils:amd64 1:2.39.3-9ubuntu6
2024-04-24 10:47:09 install coreutils:amd64 <none> 9.4-3ubuntu6
2024-04-24 10:47:09 status half-installed coreutils:amd64 9.4-3ubuntu6
2024-04-24 10:47:09 status unpacked coreutils:amd64 9.4-3ubuntu6
2024-04-24 10:47:09 install dash:amd64 <none> 0.5.12-6ubuntu5
2024-04-24 10:47:09 status half-installed dash:amd64 0.5.12-6ubuntu5
2024-04-24 10:47:09 status unpacked dash:amd64 0.5.12-6ubuntu5
2024-04-24 10:47:09 upgrade debconf:all 1.5.86ubuntu1 1.5.86ubuntu1
2024-04-24 10:47:09 status half-configured debconf:all 1.5.86ubuntu1
2024-04-24 10:47:09 status unpacked debconf:all 1.5.86ubuntu1
2024-04-24 10:47:09 status half-installed debconf:all 1.5.86ubuntu1
2024-04-24 10:47:09 status unpacked debconf:all 1.5.86ubuntu1
2024-04-24 10:47:09 install debianutils:amd64 <none> 5.17build1
2024-04-24 10:47:09 status half-installed debianutils:amd64 5.17build1
2024-04-24 10:47:09 status unpacked debianutils:amd64 5.17build1
2024-04-24 10:47:09 install diffutils:amd64 <none> 1:3.10-1build1
2024-04-24 10:47:09 status half-installed diffutils:amd64 1:3.10-1build1
2024-04-24 10:47:09 status unpacked diffutils:amd64 1:3.10-1build1
2024-04-24 10:47:09 upgrade dpkg:amd64 1.22.6ubuntu6 1.22.6ubuntu6
2024-04-24 10:47:09 status half-configured dpkg:amd64 1.22.6ubuntu6
2024-04-24 10:47:09 status unpacked dpkg:amd64 1.22.6ubuntu6
2024-04-24 10:47:09 status half-installed dpkg:amd64 1.22.6ubuntu6
2024-04-24 10:47:09 status unpacked dpkg:amd64 1.22.6ubuntu6
2024-04-24 10:47:09 install e2fsprogs:amd64 <none> 1.47.0-2.4~exp1ubuntu4
2024-04-24 10:47:09 status half-installed e2fsprogs:amd64 1.47.0-2.4~exp1ubuntu4
2024-04-24 10:47:09 status unpacked e2fsprogs:amd64 1.47.0-2.4~exp1ubuntu4
2024-04-24 10:47:09 install findutils:amd64 <none> 4.9.0-5build1
2024-04-24 10:47:09 status half-installed findutils:amd64 4.9.0-5build1
2024-04-24 10:47:09 status unpacked findutils:amd64 4.9.0-5build1
2024-04-24 10:47:09 install gcc-14-base:amd64 <none> 14-20240412-0ubuntu1
2024-04-24 10:47:09 status half-installed gcc-14-base:amd64 14-20240412-0ubuntu1
2024-04-24 10:47:09 status unpacked gcc-14-base:amd64 14-20240412-0ubuntu1
2024-04-24 10:47:09 install grep:amd64 <none> 3.11-4build1
2024-04-24 10:47:09 status half-installed grep:amd64 3.11-4build1
2024-04-24 10:47:09 status unpacked grep:amd64 3.11-4build1
2024-04-24 10:47:09 install gzip:amd64 <none> 1.12-1ubuntu3
2024-04-24 10:47:09 status half-installed gzip:amd64 1.12-1ubuntu3
2024-04-24 10:47:09 status unpacked gzip:amd64 1.12-1ubuntu3
2024-04-24 10:47:09 install hostname:amd64 <none> 3.23+nmu2ubuntu2
2024-04-24 10:47:09 status half-installed hostname:amd64 3.23+nmu2ubuntu2
2024-04-24 10:47:09 status unpacked hostname:amd64 3.23+nmu2ubuntu2
2024-04-24 10:47:09 install init-system-helpers:all <none> 1.66ubuntu1
2024-04-24 10:47:09 status half-installed init-system-helpers:all 1.66ubuntu1
2024-04-24 10:47:09 status unpacked init-system-helpers:all 1.66ubuntu1
2024-04-24 10:47:09 install libacl1:amd64 <none> 2.3.2-1build1
2024-04-24 10:47:09 status half-installed libacl1:amd64 2.3.2-1build1
2024-04-24 10:47:09 status unpacked libacl1:amd64 2.3.2-1build1
2024-04-24 10:47:09 install libattr1:amd64 <none> 1:2.5.2-1build1
2024-04-24 10:47:09 status half-installed libattr1:amd64 1:2.5.2-1build1
2024-04-24 10:47:09 status unpacked libattr1:amd64 1:2.5.2-1build1
2024-04-24 10:47:09 install libaudit-common:all <none> 1:3.1.2-2.1build1
2024-04-24 10:47:09 status half-installed libaudit-common:all 1:3.1.2-2.1build1
2024-04-24 10:47:09 status unpacked libaudit-common:all 1:3.1.2-2.1build1
2024-04-24 10:47:09 install libaudit1:amd64 <none> 1:3.1.2-2.1build1
2024-04-24 10:47:09 status half-installed libaudit1:amd64 1:3.1.2-2.1build1
2024-04-24 10:47:09 status unpacked libaudit1:amd64 1:3.1.2-2.1build1
2024-04-24 10:47:09 install libblkid1:amd64 <none> 2.39.3-9ubuntu6
2024-04-24 10:47:09 status half-installed libblkid1:amd64 2.39.3-9ubuntu6
2024-04-24 10:47:09 status unpacked libblkid1:amd64 2.39.3-9ubuntu6
2024-04-24 10:47:09 install libbz2-1.0:amd64 <none> 1.0.8-5.1
2024-04-24 10:47:09 status half-installed libbz2-1.0:amd64 1.0.8-5.1
2024-04-24 10:47:09 status unpacked libbz2-1.0:amd64 1.0.8-5.1
2024-04-24 10:47:09 install libc-bin:amd64 <none> 2.39-0ubuntu8
2024-04-24 10:47:09 status half-installed libc-bin:amd64 2.39-0ubuntu8
2024-04-24 10:47:09 status unpacked libc-bin:amd64 2.39-0ubuntu8
2024-04-24 10:47:09 upgrade libc6:amd64 2.39-0ubuntu8 2.39-0ubuntu8
2024-04-24 10:47:09 status half-configured libc6:amd64 2.39-0ubuntu8
2024-04-24 10:47:09 status unpacked libc6:amd64 2.39-0ubuntu8
2024-04-24 10:47:09 status half-installed libc6:amd64 2.39-0ubuntu8
2024-04-24 10:47:10 status unpacked libc6:amd64 2.39-0ubuntu8
2024-04-24 10:47:10 install libcap-ng0:amd64 <none> 0.8.4-2build2
2024-04-24 10:47:10 status half-installed libcap-ng0:amd64 0.8.4-2build2
2024-04-24 10:47:10 status unpacked libcap-ng0:amd64 0.8.4-2build2
2024-04-24 10:47:10 install libcap2:amd64 <none> 1:2.66-5ubuntu2
2024-04-24 10:47:10 status half-installed libcap2:amd64 1:2.66-5ubuntu2
2024-04-24 10:47:10 status unpacked libcap2:amd64 1:2.66-5ubuntu2
2024-04-24 10:47:10 install libcom-err2:amd64 <none> 1.47.0-2.4~exp1ubuntu4
2024-04-24 10:47:10 status half-installed libcom-err2:amd64 1.47.0-2.4~exp1ubuntu4
2024-04-24 10:47:10 status unpacked libcom-err2:amd64 1.47.0-2.4~exp1ubuntu4
2024-04-24 10:47:10 install libcrypt1:amd64 <none> 1:4.4.36-4build1
2024-04-24 10:47:10 status half-installed libcrypt1:amd64 1:4.4.36-4build1
2024-04-24 10:47:10 status unpacked libcrypt1:amd64 1:4.4.36-4build1
2024-04-24 10:47:10 install libdebconfclient0:amd64 <none> 0.271ubuntu3
2024-04-24 10:47:10 status half-installed libdebconfclient0:amd64 0.271ubuntu3
2024-04-24 10:47:10 status unpacked libdebconfclient0:amd64 0.271ubuntu3
2024-04-24 10:47:10 install libext2fs2t64:amd64 <none> 1.47.0-2.4~exp1ubuntu4
2024-04-24 10:47:10 status half-installed libext2fs2t64:amd64 1.47.0-2.4~exp1ubuntu4
2024-04-24 10:47:10 status unpacked libext2fs2t64:amd64 1.47.0-2.4~exp1ubuntu4
2024-04-24 10:47:10 install libgcc-s1:amd64 <none> 14-20240412-0ubuntu1
2024-04-24 10:47:10 status half-installed libgcc-s1:amd64 14-20240412-0ubuntu1
2024-04-24 10:47:10 status unpacked libgcc-s1:amd64 14-20240412-0ubuntu1
2024-04-24 10:47:10 install libgcrypt20:amd64 <none> 1.10.3-2build1
2024-04-24 10:47:10 status half-installed libgcrypt20:amd64 1.10.3-2build1
2024-04-24 10:47:10 status unpacked libgcrypt20:amd64 1.10.3-2build1
2024-04-24 10:47:10 install libgmp10:amd64 <none> 2:6.3.0+dfsg-2ubuntu6
2024-04-24 10:47:10 status half-installed libgmp10:amd64 2:6.3.0+dfsg-2ubuntu6
2024-04-24 10:47:10 status unpacked libgmp10:amd64 2:6.3.0+dfsg-2ubuntu6
2024-04-24 10:47:10 install libgpg-error0:amd64 <none> 1.47-3build2
2024-04-24 10:47:10 status half-installed libgpg-error0:amd64 1.47-3build2
2024-04-24 10:47:10 status unpacked libgpg-error0:amd64 1.47-3build2
2024-04-24 10:47:10 install liblz4-1:amd64 <none> 1.9.4-1build1
2024-04-24 10:47:10 status half-installed liblz4-1:amd64 1.9.4-1build1
2024-04-24 10:47:10 status unpacked liblz4-1:amd64 1.9.4-1build1
2024-04-24 10:47:10 install liblzma5:amd64 <none> 5.6.1+really5.4.5-1
2024-04-24 10:47:10 status half-installed liblzma5:amd64 5.6.1+really5.4.5-1
2024-04-24 10:47:10 status unpacked liblzma5:amd64 5.6.1+really5.4.5-1
2024-04-24 10:47:10 install libmd0:amd64 <none> 1.1.0-2build1
2024-04-24 10:47:10 status half-installed libmd0:amd64 1.1.0-2build1
2024-04-24 10:47:10 status unpacked libmd0:amd64 1.1.0-2build1
2024-04-24 10:47:10 install libmount1:amd64 <none> 2.39.3-9ubuntu6
2024-04-24 10:47:10 status half-installed libmount1:amd64 2.39.3-9ubuntu6
2024-04-24 10:47:10 status unpacked libmount1:amd64 2.39.3-9ubuntu6
2024-04-24 10:47:10 install libncursesw6:amd64 <none> 6.4+20240113-1ubuntu2
2024-04-24 10:47:10 status half-installed libncursesw6:amd64 6.4+20240113-1ubuntu2
2024-04-24 10:47:10 status unpacked libncursesw6:amd64 6.4+20240113-1ubuntu2
2024-04-24 10:47:10 install libpam-modules:amd64 <none> 1.5.3-5ubuntu5
2024-04-24 10:47:10 status half-installed libpam-modules:amd64 1.5.3-5ubuntu5
2024-04-24 10:47:10 status unpacked libpam-modules:amd64 1.5.3-5ubuntu5
2024-04-24 10:47:10 install libpam-modules-bin:amd64 <none> 1.5.3-5ubuntu5
2024-04-24 10:47:10 status half-installed libpam-modules-bin:amd64 1.5.3-5ubuntu5
2024-04-24 10:47:10 status unpacked libpam-modules-bin:amd64 1.5.3-5ubuntu5
2024-04-24 10:47:10 install libpam-runtime:all <none> 1.5.3-5ubuntu5
2024-04-24 10:47:10 status half-installed libpam-runtime:all 1.5.3-5ubuntu5
2024-04-24 10:47:10 status unpacked libpam-runtime:all 1.5.3-5ubuntu5
2024-04-24 10:47:10 install libpam0g:amd64 <none> 1.5.3-5ubuntu5
2024-04-24 10:47:10 status half-installed libpam0g:amd64 1.5.3-5ubuntu5
2024-04-24 10:47:10 status unpacked libpam0g:amd64 1.5.3-5ubuntu5
2024-04-24 10:47:10 install libpcre2-8-0:amd64 <none> 10.42-4ubuntu2
2024-04-24 10:47:10 status half-installed libpcre2-8-0:amd64 10.42-4ubuntu2
2024-04-24 10:47:10 status unpacked libpcre2-8-0:amd64 10.42-4ubuntu2
2024-04-24 10:47:10 install libproc2-0:amd64 <none> 2:4.0.4-4ubuntu3
2024-04-24 10:47:10 status half-installed libproc2-0:amd64 2:4.0.4-4ubuntu3
2024-04-24 10:47:10 status unpacked libproc2-0:amd64 2:4.0.4-4ubuntu3
2024-04-24 10:47:10 install libselinux1:amd64 <none> 3.5-2ubuntu2
2024-04-24 10:47:10 status half-installed libselinux1:amd64 3.5-2ubuntu2
2024-04-24 10:47:10 status unpacked libselinux1:amd64 3.5-2ubuntu2
2024-04-24 10:47:10 install libsemanage-common:all <none> 3.5-1build5
2024-04-24 10:47:10 status half-installed libsemanage-common:all 3.5-1build5
2024-04-24 10:47:10 status unpacked libsemanage-common:all 3.5-1build5
2024-04-24 10:47:10 install libsemanage2:amd64 <none> 3.5-1build5
2024-04-24 10:47:10 status half-installed libsemanage2:amd64 3.5-1build5
2024-04-24 10:47:10 status unpacked libsemanage2:amd64 3.5-1build5
2024-04-24 10:47:10 install libsepol2:amd64 <none> 3.5-2build1
2024-04-24 10:47:10 status half-installed libsepol2:amd64 3.5-2build1
2024-04-24 10:47:10 status unpacked libsepol2:amd64 3.5-2build1
2024-04-24 10:47:10 install libsmartcols1:amd64 <none> 2.39.3-9ubuntu6
2024-04-24 10:47:10 status half-installed libsmartcols1:amd64 2.39.3-9ubuntu6
2024-04-24 10:47:10 status unpacked libsmartcols1:amd64 2.39.3-9ubuntu6
2024-04-24 10:47:10 install libss2:amd64 <none> 1.47.0-2.4~exp1ubuntu4
2024-04-24 10:47:10 status half-installed libss2:amd64 1.47.0-2.4~exp1ubuntu4
2024-04-24 10:47:10 status unpacked libss2:amd64 1.47.0-2.4~exp1ubuntu4
2024-04-24 10:47:10 install libssl3t64:amd64 <none> 3.0.13-0ubuntu3
2024-04-24 10:47:10 status half-installed libssl3t64:amd64 3.0.13-0ubuntu3
2024-04-24 10:47:10 status unpacked libssl3t64:amd64 3.0.13-0ubuntu3
2024-04-24 10:47:10 install libsystemd0:amd64 <none> 255.4-1ubuntu8
2024-04-24 10:47:10 status half-installed libsystemd0:amd64 255.4-1ubuntu8
2024-04-24 10:47:10 status unpacked libsystemd0:amd64 255.4-1ubuntu8
2024-04-24 10:47:10 install libtinfo6:amd64 <none> 6.4+20240113-1ubuntu2
2024-04-24 10:47:10 status half-installed libtinfo6:amd64 6.4+20240113-1ubuntu2
2024-04-24 10:47:10 status unpacked libtinfo6:amd64 6.4+20240113-1ubuntu2
2024-04-24 10:47:10 install libudev1:amd64 <none> 255.4-1ubuntu8
2024-04-24 10:47:10 status half-installed libudev1:amd64 255.4-1ubuntu8
2024-04-24 10:47:10 status unpacked libudev1:amd64 255.4-1ubuntu8
2024-04-24 10:47:10 install libuuid1:amd64 <none> 2.39.3-9ubuntu6
2024-04-24 10:47:10 status half-installed libuuid1:amd64 2.39.3-9ubuntu6
2024-04-24 10:47:10 status unpacked libuuid1:amd64 2.39.3-9ubuntu6
2024-04-24 10:47:10 install libzstd1:amd64 <none> 1.5.5+dfsg2-2build1
2024-04-24 10:47:10 status half-installed libzstd1:amd64 1.5.5+dfsg2-2build1
2024-04-24 10:47:10 status unpacked libzstd1:amd64 1.5.5+dfsg2-2build1
2024-04-24 10:47:10 install login:amd64 <none> 1:4.13+dfsg1-4ubuntu3
2024-04-24 10:47:10 status half-installed login:amd64 1:4.13+dfsg1-4ubuntu3
2024-04-24 10:47:10 status unpacked login:amd64 1:4.13+dfsg1-4ubuntu3
2024-04-24 10:47:11 install logsave:amd64 <none> 1.47.0-2.4~exp1ubuntu4
2024-04-24 10:47:11 status half-installed logsave:amd64 1.47.0-2.4~exp1ubuntu4
2024-04-24 10:47:11 status unpacked logsave:amd64 1.47.0-2.4~exp1ubuntu4
2024-04-24 10:47:11 upgrade mawk:amd64 1.3.4.20240123-1build1 1.3.4.20240123-1build1
2024-04-24 10:47:11 status half-configured mawk:amd64 1.3.4.20240123-1build1
2024-04-24 10:47:11 status unpacked mawk:amd64 1.3.4.20240123-1build1
2024-04-24 10:47:11 status half-installed mawk:amd64 1.3.4.20240123-1build1
2024-04-24 10:47:11 status unpacked mawk:amd64 1.3.4.20240123-1build1
2024-04-24 10:47:11 install mount:amd64 <none> 2.39.3-9ubuntu6
2024-04-24 10:47:11 status half-installed mount:amd64 2.39.3-9ubuntu6
2024-04-24 10:47:11 status unpacked mount:amd64 2.39.3-9ubuntu6
2024-04-24 10:47:11 install ncurses-base:all <none> 6.4+20240113-1ubuntu2
2024-04-24 10:47:11 status half-installed ncurses-base:all 6.4+20240113-1ubuntu2
2024-04-24 10:47:11 status unpacked ncurses-base:all 6.4+20240113-1ubuntu2
2024-04-24 10:47:11 install ncurses-bin:amd64 <none> 6.4+20240113-1ubuntu2
2024-04-24 10:47:11 status half-installed ncurses-bin:amd64 6.4+20240113-1ubuntu2
2024-04-24 10:47:11 status unpacked ncurses-bin:amd64 6.4+20240113-1ubuntu2
2024-04-24 10:47:11 install passwd:amd64 <none> 1:4.13+dfsg1-4ubuntu3
2024-04-24 10:47:11 status half-installed passwd:amd64 1:4.13+dfsg1-4ubuntu3
2024-04-24 10:47:11 status unpacked passwd:amd64 1:4.13+dfsg1-4ubuntu3
2024-04-24 10:47:11 upgrade perl-base:amd64 5.38.2-3.2build2 5.38.2-3.2build2
2024-04-24 10:47:11 status half-configured perl-base:amd64 5.38.2-3.2build2
2024-04-24 10:47:11 status unpacked perl-base:amd64 5.38.2-3.2build2
2024-04-24 10:47:11 status half-installed perl-base:amd64 5.38.2-3.2build2
2024-04-24 10:47:11 status unpacked perl-base:amd64 5.38.2-3.2build2
2024-04-24 10:47:11 install procps:amd64 <none> 2:4.0.4-4ubuntu3
2024-04-24 10:47:11 status half-installed procps:amd64 2:4.0.4-4ubuntu3
2024-04-24 10:47:11 status unpacked procps:amd64 2:4.0.4-4ubuntu3
2024-04-24 10:47:11 install sed:amd64 <none> 4.9-2build1
2024-04-24 10:47:11 status half-installed sed:amd64 4.9-2build1
2024-04-24 10:47:11 status unpacked sed:amd64 4.9-2build1
2024-04-24 10:47:11 install sensible-utils:all <none> 0.0.22
2024-04-24 10:47:11 status half-installed sensible-utils:all 0.0.22
2024-04-24 10:47:11 status unpacked sensible-utils:all 0.0.22
2024-04-24 10:47:11 install sysvinit-utils:amd64 <none> 3.08-6ubuntu3
2024-04-24 10:47:11 status half-installed sysvinit-utils:amd64 3.08-6ubuntu3
2024-04-24 10:47:11 status unpacked sysvinit-utils:amd64 3.08-6ubuntu3
2024-04-24 10:47:11 install tar:amd64 <none> 1.35+dfsg-3build1
2024-04-24 10:47:11 status half-installed tar:amd64 1.35+dfsg-3build1
2024-04-24 10:47:11 status unpacked tar:amd64 1.35+dfsg-3build1
2024-04-24 10:47:11 install util-linux:amd64 <none> 2.39.3-9ubuntu6
2024-04-24 10:47:11 status half-installed util-linux:amd64 2.39.3-9ubuntu6
2024-04-24 10:47:11 status unpacked util-linux:amd64 2.39.3-9ubuntu6
2024-04-24 10:47:11 install zlib1g:amd64 <none> 1:1.3.dfsg-3.1ubuntu2
2024-04-24 10:47:11 status half-installed zlib1g:amd64 1:1.3.dfsg-3.1ubuntu2
2024-04-24 10:47:11 status unpacked zlib1g:amd64 1:1.3.dfsg-3.1ubuntu2
2024-04-24 10:47:11 startup packages configure
2024-04-24 10:47:11 configure gcc-14-base:amd64 14-20240412-0ubuntu1 <none>
2024-04-24 10:47:11 status unpacked gcc-14-base:amd64 14-20240412-0ubuntu1
2024-04-24 10:47:11 status half-configured gcc-14-base:amd64 14-20240412-0ubuntu1
2024-04-24 10:47:11 status installed gcc-14-base:amd64 14-20240412-0ubuntu1
2024-04-24 10:47:11 configure libaudit-common:all 1:3.1.2-2.1build1 <none>
2024-04-24 10:47:11 status unpacked libaudit-common:all 1:3.1.2-2.1build1
2024-04-24 10:47:11 status half-configured libaudit-common:all 1:3.1.2-2.1build1
2024-04-24 10:47:11 status installed libaudit-common:all 1:3.1.2-2.1build1
2024-04-24 10:47:11 configure libsemanage-common:all 3.5-1build5 <none>
2024-04-24 10:47:11 status unpacked libsemanage-common:all 3.5-1build5
2024-04-24 10:47:11 status half-configured libsemanage-common:all 3.5-1build5
2024-04-24 10:47:11 status installed libsemanage-common:all 3.5-1build5
2024-04-24 10:47:11 configure debconf:all 1.5.86ubuntu1 <none>
2024-04-24 10:47:11 status unpacked debconf:all 1.5.86ubuntu1
2024-04-24 10:47:11 status half-configured debconf:all 1.5.86ubuntu1
2024-04-24 10:47:11 status installed debconf:all 1.5.86ubuntu1
2024-04-24 10:47:11 configure ncurses-base:all 6.4+20240113-1ubuntu2 <none>
2024-04-24 10:47:11 status unpacked ncurses-base:all 6.4+20240113-1ubuntu2
2024-04-24 10:47:11 status half-configured ncurses-base:all 6.4+20240113-1ubuntu2
2024-04-24 10:47:11 status installed ncurses-base:all 6.4+20240113-1ubuntu2
2024-04-24 10:47:11 configure init-system-helpers:all 1.66ubuntu1 <none>
2024-04-24 10:47:11 status unpacked init-system-helpers:all 1.66ubuntu1
2024-04-24 10:47:11 status half-configured init-system-helpers:all 1.66ubuntu1
2024-04-24 10:47:11 status installed init-system-helpers:all 1.66ubuntu1
2024-04-24 10:47:11 configure sensible-utils:all 0.0.22 <none>
2024-04-24 10:47:11 status unpacked sensible-utils:all 0.0.22
2024-04-24 10:47:11 status half-configured sensible-utils:all 0.0.22
2024-04-24 10:47:11 status installed sensible-utils:all 0.0.22
2024-04-24 10:47:11 configure libgcc-s1:amd64 14-20240412-0ubuntu1 <none>
2024-04-24 10:47:11 status unpacked libgcc-s1:amd64 14-20240412-0ubuntu1
2024-04-24 10:47:11 status half-configured libgcc-s1:amd64 14-20240412-0ubuntu1
2024-04-24 10:47:11 status installed libgcc-s1:amd64 14-20240412-0ubuntu1
2024-04-24 10:47:11 configure libc6:amd64 2.39-0ubuntu8 <none>
2024-04-24 10:47:11 status unpacked libc6:amd64 2.39-0ubuntu8
2024-04-24 10:47:11 status half-configured libc6:amd64 2.39-0ubuntu8
2024-04-24 10:47:11 status installed libc6:amd64 2.39-0ubuntu8
2024-04-24 10:47:11 configure libmd0:amd64 1.1.0-2build1 <none>
2024-04-24 10:47:11 status unpacked libmd0:amd64 1.1.0-2build1
2024-04-24 10:47:11 status half-configured libmd0:amd64 1.1.0-2build1
2024-04-24 10:47:11 status installed libmd0:amd64 1.1.0-2build1
2024-04-24 10:47:11 configure libattr1:amd64 1:2.5.2-1build1 <none>
2024-04-24 10:47:11 status unpacked libattr1:amd64 1:2.5.2-1build1
2024-04-24 10:47:11 status half-configured libattr1:amd64 1:2.5.2-1build1
2024-04-24 10:47:11 status installed libattr1:amd64 1:2.5.2-1build1
2024-04-24 10:47:11 configure sysvinit-utils:amd64 3.08-6ubuntu3 <none>
2024-04-24 10:47:11 status unpacked sysvinit-utils:amd64 3.08-6ubuntu3
2024-04-24 10:47:11 status half-configured sysvinit-utils:amd64 3.08-6ubuntu3
2024-04-24 10:47:11 status installed sysvinit-utils:amd64 3.08-6ubuntu3
2024-04-24 10:47:11 configure libext2fs2t64:amd64 1.47.0-2.4~exp1ubuntu4 <none>
2024-04-24 10:47:11 status unpacked libext2fs2t64:amd64 1.47.0-2.4~exp1ubuntu4
2024-04-24 10:47:11 status half-configured libext2fs2t64:amd64 1.47.0-2.4~exp1ubuntu4
2024-04-24 10:47:11 status installed libext2fs2t64:amd64 1.47.0-2.4~exp1ubuntu4
2024-04-24 10:47:11 configure debianutils:amd64 5.17build1 <none>
2024-04-24 10:47:11 status unpacked debianutils:amd64 5.17build1
2024-04-24 10:47:11 status half-configured debianutils:amd64 5.17build1
2024-04-24 10:47:11 status installed debianutils:amd64 5.17build1
2024-04-24 10:47:11 configure mawk:amd64 1.3.4.20240123-1build1 <none>
2024-04-24 10:47:11 status unpacked mawk:amd64 1.3.4.20240123-1build1
2024-04-24 10:47:11 status half-configured mawk:amd64 1.3.4.20240123-1build1
2024-04-24 10:47:11 status installed mawk:amd64 1.3.4.20240123-1build1
2024-04-24 10:47:11 configure libdebconfclient0:amd64 0.271ubuntu3 <none>
2024-04-24 10:47:11 status unpacked libdebconfclient0:amd64 0.271ubuntu3
2024-04-24 10:47:11 status half-configured libdebconfclient0:amd64 0.271ubuntu3
2024-04-24 10:47:11 status installed libdebconfclient0:amd64 0.271ubuntu3
2024-04-24 10:47:11 configure libbz2-1.0:amd64 1.0.8-5.1 <none>
2024-04-24 10:47:11 status unpacked libbz2-1.0:amd64 1.0.8-5.1
2024-04-24 10:47:11 status half-configured libbz2-1.0:amd64 1.0.8-5.1
2024-04-24 10:47:11 status installed libbz2-1.0:amd64 1.0.8-5.1
2024-04-24 10:47:11 configure libblkid1:amd64 2.39.3-9ubuntu6 <none>
2024-04-24 10:47:11 status unpacked libblkid1:amd64 2.39.3-9ubuntu6
2024-04-24 10:47:11 status half-configured libblkid1:amd64 2.39.3-9ubuntu6
2024-04-24 10:47:11 status installed libblkid1:amd64 2.39.3-9ubuntu6
2024-04-24 10:47:11 configure libtinfo6:amd64 6.4+20240113-1ubuntu2 <none>
2024-04-24 10:47:11 status unpacked libtinfo6:amd64 6.4+20240113-1ubuntu2
2024-04-24 10:47:11 status half-configured libtinfo6:amd64 6.4+20240113-1ubuntu2
2024-04-24 10:47:11 status installed libtinfo6:amd64 6.4+20240113-1ubuntu2
2024-04-24 10:47:11 configure libzstd1:amd64 1.5.5+dfsg2-2build1 <none>
2024-04-24 10:47:11 status unpacked libzstd1:amd64 1.5.5+dfsg2-2build1
2024-04-24 10:47:11 status half-configured libzstd1:amd64 1.5.5+dfsg2-2build1
2024-04-24 10:47:11 status installed libzstd1:amd64 1.5.5+dfsg2-2build1
2024-04-24 10:47:11 configure liblzma5:amd64 5.6.1+really5.4.5-1 <none>
2024-04-24 10:47:11 status unpacked liblzma5:amd64 5.6.1+really5.4.5-1
2024-04-24 10:47:11 status half-configured liblzma5:amd64 5.6.1+really5.4.5-1
2024-04-24 10:47:11 status installed liblzma5:amd64 5.6.1+really5.4.5-1
2024-04-24 10:47:11 configure libgpg-error0:amd64 1.47-3build2 <none>
2024-04-24 10:47:11 status unpacked libgpg-error0:amd64 1.47-3build2
2024-04-24 10:47:11 status half-configured libgpg-error0:amd64 1.47-3build2
2024-04-24 10:47:11 status installed libgpg-error0:amd64 1.47-3build2
2024-04-24 10:47:11 configure libssl3t64:amd64 3.0.13-0ubuntu3 <none>
2024-04-24 10:47:11 status unpacked libssl3t64:amd64 3.0.13-0ubuntu3
2024-04-24 10:47:11 status half-configured libssl3t64:amd64 3.0.13-0ubuntu3
2024-04-24 10:47:11 status installed libssl3t64:amd64 3.0.13-0ubuntu3
2024-04-24 10:47:11 configure liblz4-1:amd64 1.9.4-1build1 <none>
2024-04-24 10:47:11 status unpacked liblz4-1:amd64 1.9.4-1build1
2024-04-24 10:47:11 status half-configured liblz4-1:amd64 1.9.4-1build1
2024-04-24 10:47:11 status installed liblz4-1:amd64 1.9.4-1build1
2024-04-24 10:47:11 configure libc-bin:amd64 2.39-0ubuntu8 <none>
2024-04-24 10:47:11 status unpacked libc-bin:amd64 2.39-0ubuntu8
2024-04-24 10:47:11 status half-configured libc-bin:amd64 2.39-0ubuntu8
2024-04-24 10:47:11 status installed libc-bin:amd64 2.39-0ubuntu8
2024-04-24 10:47:11 configure ncurses-bin:amd64 6.4+20240113-1ubuntu2 <none>
2024-04-24 10:47:11 status unpacked ncurses-bin:amd64 6.4+20240113-1ubuntu2
2024-04-24 10:47:11 status half-configured ncurses-bin:amd64 6.4+20240113-1ubuntu2
2024-04-24 10:47:11 status installed ncurses-bin:amd64 6.4+20240113-1ubuntu2
2024-04-24 10:47:11 configure libacl1:amd64 2.3.2-1build1 <none>
2024-04-24 10:47:11 status triggers-pending libc-bin:amd64 2.39-0ubuntu8
2024-04-24 10:47:11 status unpacked libacl1:amd64 2.3.2-1build1
2024-04-24 10:47:11 status half-configured libacl1:amd64 2.3.2-1build1
2024-04-24 10:47:11 status installed libacl1:amd64 2.3.2-1build1
2024-04-24 10:47:11 configure libsmartcols1:amd64 2.39.3-9ubuntu6 <none>
2024-04-24 10:47:11 status unpacked libsmartcols1:amd64 2.39.3-9ubuntu6
2024-04-24 10:47:11 status half-configured libsmartcols1:amd64 2.39.3-9ubuntu6
2024-04-24 10:47:11 status installed libsmartcols1:amd64 2.39.3-9ubuntu6
2024-04-24 10:47:11 configure libgcrypt20:amd64 1.10.3-2build1 <none>
2024-04-24 10:47:11 status unpacked libgcrypt20:amd64 1.10.3-2build1
2024-04-24 10:47:11 status half-configured libgcrypt20:amd64 1.10.3-2build1
2024-04-24 10:47:11 status installed libgcrypt20:amd64 1.10.3-2build1
2024-04-24 10:47:11 configure zlib1g:amd64 1:1.3.dfsg-3.1ubuntu2 <none>
2024-04-24 10:47:11 status unpacked zlib1g:amd64 1:1.3.dfsg-3.1ubuntu2
2024-04-24 10:47:11 status half-configured zlib1g:amd64 1:1.3.dfsg-3.1ubuntu2
2024-04-24 10:47:11 status installed zlib1g:amd64 1:1.3.dfsg-3.1ubuntu2
2024-04-24 10:47:11 configure libcrypt1:amd64 1:4.4.36-4build1 <none>
2024-04-24 10:47:11 status unpacked libcrypt1:amd64 1:4.4.36-4build1
2024-04-24 10:47:11 status half-configured libcrypt1:amd64 1:4.4.36-4build1
2024-04-24 10:47:11 status installed libcrypt1:amd64 1:4.4.36-4build1
2024-04-24 10:47:11 configure libcom-err2:amd64 1.47.0-2.4~exp1ubuntu4 <none>
2024-04-24 10:47:11 status unpacked libcom-err2:amd64 1.47.0-2.4~exp1ubuntu4
2024-04-24 10:47:11 status half-configured libcom-err2:amd64 1.47.0-2.4~exp1ubuntu4
2024-04-24 10:47:11 status installed libcom-err2:amd64 1.47.0-2.4~exp1ubuntu4
2024-04-24 10:47:11 configure diffutils:amd64 1:3.10-1build1 <none>
2024-04-24 10:47:11 status unpacked diffutils:amd64 1:3.10-1build1
2024-04-24 10:47:11 status half-configured diffutils:amd64 1:3.10-1build1
2024-04-24 10:47:11 status installed diffutils:amd64 1:3.10-1build1
2024-04-24 10:47:11 configure libcap2:amd64 1:2.66-5ubuntu2 <none>
2024-04-24 10:47:11 status unpacked libcap2:amd64 1:2.66-5ubuntu2
2024-04-24 10:47:11 status half-configured libcap2:amd64 1:2.66-5ubuntu2
2024-04-24 10:47:11 status installed libcap2:amd64 1:2.66-5ubuntu2
2024-04-24 10:47:11 configure hostname:amd64 3.23+nmu2ubuntu2 <none>
2024-04-24 10:47:11 status unpacked hostname:amd64 3.23+nmu2ubuntu2
2024-04-24 10:47:11 status half-configured hostname:amd64 3.23+nmu2ubuntu2
2024-04-24 10:47:11 status installed hostname:amd64 3.23+nmu2ubuntu2
2024-04-24 10:47:11 configure libcap-ng0:amd64 0.8.4-2build2 <none>
2024-04-24 10:47:11 status unpacked libcap-ng0:amd64 0.8.4-2build2
2024-04-24 10:47:11 status half-configured libcap-ng0:amd64 0.8.4-2build2
2024-04-24 10:47:11 status installed libcap-ng0:amd64 0.8.4-2build2
2024-04-24 10:47:11 configure libgmp10:amd64 2:6.3.0+dfsg-2ubuntu6 <none>
2024-04-24 10:47:11 status unpacked libgmp10:amd64 2:6.3.0+dfsg-2ubuntu6
2024-04-24 10:47:11 status half-configured libgmp10:amd64 2:6.3.0+dfsg-2ubuntu6
2024-04-24 10:47:11 status installed libgmp10:amd64 2:6.3.0+dfsg-2ubuntu6
2024-04-24 10:47:11 configure libaudit1:amd64 1:3.1.2-2.1build1 <none>
2024-04-24 10:47:11 status unpacked libaudit1:amd64 1:3.1.2-2.1build1
2024-04-24 10:47:11 status half-configured libaudit1:amd64 1:3.1.2-2.1build1
2024-04-24 10:47:11 status installed libaudit1:amd64 1:3.1.2-2.1build1
2024-04-24 10:47:11 configure libuuid1:amd64 2.39.3-9ubuntu6 <none>
2024-04-24 10:47:11 status unpacked libuuid1:amd64 2.39.3-9ubuntu6
2024-04-24 10:47:11 status half-configured libuuid1:amd64 2.39.3-9ubuntu6
2024-04-24 10:47:11 status installed libuuid1:amd64 2.39.3-9ubuntu6
2024-04-24 10:47:11 configure libss2:amd64 1.47.0-2.4~exp1ubuntu4 <none>
2024-04-24 10:47:11 status unpacked libss2:amd64 1.47.0-2.4~exp1ubuntu4
2024-04-24 10:47:11 status half-configured libss2:amd64 1.47.0-2.4~exp1ubuntu4
2024-04-24 10:47:11 status installed libss2:amd64 1.47.0-2.4~exp1ubuntu4
2024-04-24 10:47:11 configure libsepol2:amd64 3.5-2build1 <none>
2024-04-24 10:47:11 status unpacked libsepol2:amd64 3.5-2build1
2024-04-24 10:47:11 status half-configured libsepol2:amd64 3.5-2build1
2024-04-24 10:47:11 status installed libsepol2:amd64 3.5-2build1
2024-04-24 10:47:11 configure libpcre2-8-0:amd64 10.42-4ubuntu2 <none>
2024-04-24 10:47:11 status unpacked libpcre2-8-0:amd64 10.42-4ubuntu2
2024-04-24 10:47:11 status half-configured libpcre2-8-0:amd64 10.42-4ubuntu2
2024-04-24 10:47:11 status installed libpcre2-8-0:amd64 10.42-4ubuntu2
2024-04-24 10:47:11 configure libncursesw6:amd64 6.4+20240113-1ubuntu2 <none>
2024-04-24 10:47:11 status unpacked libncursesw6:amd64 6.4+20240113-1ubuntu2
2024-04-24 10:47:11 status half-configured libncursesw6:amd64 6.4+20240113-1ubuntu2
2024-04-24 10:47:11 status installed libncursesw6:amd64 6.4+20240113-1ubuntu2
2024-04-24 10:47:11 configure logsave:amd64 1.47.0-2.4~exp1ubuntu4 <none>
2024-04-24 10:47:11 status unpacked logsave:amd64 1.47.0-2.4~exp1ubuntu4
2024-04-24 10:47:11 status half-configured logsave:amd64 1.47.0-2.4~exp1ubuntu4
2024-04-24 10:47:11 status installed logsave:amd64 1.47.0-2.4~exp1ubuntu4
2024-04-24 10:47:11 configure libudev1:amd64 255.4-1ubuntu8 <none>
2024-04-24 10:47:11 status unpacked libudev1:amd64 255.4-1ubuntu8
2024-04-24 10:47:11 status half-configured libudev1:amd64 255.4-1ubuntu8
2024-04-24 10:47:11 status installed libudev1:amd64 255.4-1ubuntu8
2024-04-24 10:47:11 configure base-files:amd64 13ubuntu10 <none>
2024-04-24 10:47:11 status unpacked base-files:amd64 13ubuntu10
2024-04-24 10:47:12 status half-configured base-files:amd64 13ubuntu10
2024-04-24 10:47:12 status installed base-files:amd64 13ubuntu10
2024-04-24 10:47:12 configure bash:amd64 5.2.21-2ubuntu4 <none>
2024-04-24 10:47:12 status unpacked bash:amd64 5.2.21-2ubuntu4
2024-04-24 10:47:12 status half-configured bash:amd64 5.2.21-2ubuntu4
2024-04-24 10:47:12 status installed bash:amd64 5.2.21-2ubuntu4
2024-04-24 10:47:12 configure grep:amd64 3.11-4build1 <none>
2024-04-24 10:47:12 status unpacked grep:amd64 3.11-4build1
2024-04-24 10:47:12 status half-configured grep:amd64 3.11-4build1
2024-04-24 10:47:12 status installed grep:amd64 3.11-4build1
2024-04-24 10:47:12 configure e2fsprogs:amd64 1.47.0-2.4~exp1ubuntu4 <none>
2024-04-24 10:47:12 status unpacked e2fsprogs:amd64 1.47.0-2.4~exp1ubuntu4
2024-04-24 10:47:12 status half-configured e2fsprogs:amd64 1.47.0-2.4~exp1ubuntu4
2024-04-24 10:47:12 status installed e2fsprogs:amd64 1.47.0-2.4~exp1ubuntu4
2024-04-24 10:47:12 configure libsystemd0:amd64 255.4-1ubuntu8 <none>
2024-04-24 10:47:12 status unpacked libsystemd0:amd64 255.4-1ubuntu8
2024-04-24 10:47:12 status half-configured libsystemd0:amd64 255.4-1ubuntu8
2024-04-24 10:47:12 status installed libsystemd0:amd64 255.4-1ubuntu8
2024-04-24 10:47:12 configure libselinux1:amd64 3.5-2ubuntu2 <none>
2024-04-24 10:47:12 status unpacked libselinux1:amd64 3.5-2ubuntu2
2024-04-24 10:47:12 status half-configured libselinux1:amd64 3.5-2ubuntu2
2024-04-24 10:47:12 status installed libselinux1:amd64 3.5-2ubuntu2
2024-04-24 10:47:12 configure libpam0g:amd64 1.5.3-5ubuntu5 <none>
2024-04-24 10:47:12 status unpacked libpam0g:amd64 1.5.3-5ubuntu5
2024-04-24 10:47:12 status half-configured libpam0g:amd64 1.5.3-5ubuntu5
2024-04-24 10:47:12 status installed libpam0g:amd64 1.5.3-5ubuntu5
2024-04-24 10:47:12 configure sed:amd64 4.9-2build1 <none>
2024-04-24 10:47:12 status unpacked sed:amd64 4.9-2build1
2024-04-24 10:47:12 status half-configured sed:amd64 4.9-2build1
2024-04-24 10:47:12 status installed sed:amd64 4.9-2build1
2024-04-24 10:47:12 configure libproc2-0:amd64 2:4.0.4-4ubuntu3 <none>
2024-04-24 10:47:12 status unpacked libproc2-0:amd64 2:4.0.4-4ubuntu3
2024-04-24 10:47:12 status half-configured libproc2-0:amd64 2:4.0.4-4ubuntu3
2024-04-24 10:47:12 status installed libproc2-0:amd64 2:4.0.4-4ubuntu3
2024-04-24 10:47:12 configure findutils:amd64 4.9.0-5build1 <none>
2024-04-24 10:47:12 status unpacked findutils:amd64 4.9.0-5build1
2024-04-24 10:47:12 status half-configured findutils:amd64 4.9.0-5build1
2024-04-24 10:47:12 status installed findutils:amd64 4.9.0-5build1
2024-04-24 10:47:12 configure libmount1:amd64 2.39.3-9ubuntu6 <none>
2024-04-24 10:47:12 status unpacked libmount1:amd64 2.39.3-9ubuntu6
2024-04-24 10:47:12 status half-configured libmount1:amd64 2.39.3-9ubuntu6
2024-04-24 10:47:12 status installed libmount1:amd64 2.39.3-9ubuntu6
2024-04-24 10:47:12 configure procps:amd64 2:4.0.4-4ubuntu3 <none>
2024-04-24 10:47:12 status unpacked procps:amd64 2:4.0.4-4ubuntu3
2024-04-24 10:47:12 status half-configured procps:amd64 2:4.0.4-4ubuntu3
2024-04-24 10:47:12 status installed procps:amd64 2:4.0.4-4ubuntu3
2024-04-24 10:47:12 configure libsemanage2:amd64 3.5-1build5 <none>
2024-04-24 10:47:12 status unpacked libsemanage2:amd64 3.5-1build5
2024-04-24 10:47:12 status half-configured libsemanage2:amd64 3.5-1build5
2024-04-24 10:47:12 status installed libsemanage2:amd64 3.5-1build5
2024-04-24 10:47:12 configure base-passwd:amd64 3.6.3build1 <none>
2024-04-24 10:47:12 status unpacked base-passwd:amd64 3.6.3build1
2024-04-24 10:47:12 status half-configured base-passwd:amd64 3.6.3build1
2024-04-24 10:47:12 status installed base-passwd:amd64 3.6.3build1
2024-04-24 10:47:12 configure bsdutils:amd64 1:2.39.3-9ubuntu6 <none>
2024-04-24 10:47:12 status unpacked bsdutils:amd64 1:2.39.3-9ubuntu6
2024-04-24 10:47:12 status half-configured bsdutils:amd64 1:2.39.3-9ubuntu6
2024-04-24 10:47:12 status installed bsdutils:amd64 1:2.39.3-9ubuntu6
2024-04-24 10:47:12 configure tar:amd64 1.35+dfsg-3build1 <none>
2024-04-24 10:47:12 status unpacked tar:amd64 1.35+dfsg-3build1
2024-04-24 10:47:12 status half-configured tar:amd64 1.35+dfsg-3build1
2024-04-24 10:47:12 status installed tar:amd64 1.35+dfsg-3build1
2024-04-24 10:47:12 configure libpam-modules-bin:amd64 1.5.3-5ubuntu5 <none>
2024-04-24 10:47:12 status unpacked libpam-modules-bin:amd64 1.5.3-5ubuntu5
2024-04-24 10:47:12 status half-configured libpam-modules-bin:amd64 1.5.3-5ubuntu5
2024-04-24 10:47:12 status installed libpam-modules-bin:amd64 1.5.3-5ubuntu5
2024-04-24 10:47:12 configure coreutils:amd64 9.4-3ubuntu6 <none>
2024-04-24 10:47:12 status unpacked coreutils:amd64 9.4-3ubuntu6
2024-04-24 10:47:12 status half-configured coreutils:amd64 9.4-3ubuntu6
2024-04-24 10:47:12 status installed coreutils:amd64 9.4-3ubuntu6
2024-04-24 10:47:12 configure util-linux:amd64 2.39.3-9ubuntu6 <none>
2024-04-24 10:47:12 status unpacked util-linux:amd64 2.39.3-9ubuntu6
2024-04-24 10:47:12 status half-configured util-linux:amd64 2.39.3-9ubuntu6
2024-04-24 10:47:12 status installed util-linux:amd64 2.39.3-9ubuntu6
2024-04-24 10:47:12 configure dpkg:amd64 1.22.6ubuntu6 <none>
2024-04-24 10:47:12 status unpacked dpkg:amd64 1.22.6ubuntu6
2024-04-24 10:47:12 status half-configured dpkg:amd64 1.22.6ubuntu6
2024-04-24 10:47:12 status installed dpkg:amd64 1.22.6ubuntu6
2024-04-24 10:47:12 configure mount:amd64 2.39.3-9ubuntu6 <none>
2024-04-24 10:47:12 status unpacked mount:amd64 2.39.3-9ubuntu6
2024-04-24 10:47:12 status half-configured mount:amd64 2.39.3-9ubuntu6
2024-04-24 10:47:12 status installed mount:amd64 2.39.3-9ubuntu6
2024-04-24 10:47:12 configure dash:amd64 0.5.12-6ubuntu5 <none>
2024-04-24 10:47:12 status unpacked dash:amd64 0.5.12-6ubuntu5
2024-04-24 10:47:12 status half-configured dash:amd64 0.5.12-6ubuntu5
2024-04-24 10:47:12 status installed dash:amd64 0.5.12-6ubuntu5
2024-04-24 10:47:12 configure libpam-modules:amd64 1.5.3-5ubuntu5 <none>
2024-04-24 10:47:12 status unpacked libpam-modules:amd64 1.5.3-5ubuntu5
2024-04-24 10:47:12 status half-configured libpam-modules:amd64 1.5.3-5ubuntu5
2024-04-24 10:47:12 status installed libpam-modules:amd64 1.5.3-5ubuntu5
2024-04-24 10:47:12 configure perl-base:amd64 5.38.2-3.2build2 <none>
2024-04-24 10:47:12 status unpacked perl-base:amd64 5.38.2-3.2build2
2024-04-24 10:47:12 status half-configured perl-base:amd64 5.38.2-3.2build2
2024-04-24 10:47:12 status installed perl-base:amd64 5.38.2-3.2build2
2024-04-24 10:47:12 configure gzip:amd64 1.12-1ubuntu3 <none>
2024-04-24 10:47:12 status unpacked gzip:amd64 1.12-1ubuntu3
2024-04-24 10:47:12 status half-configured gzip:amd64 1.12-1ubuntu3
2024-04-24 10:47:12 status installed gzip:amd64 1.12-1ubuntu3
2024-04-24 10:47:12 configure passwd:amd64 1:4.13+dfsg1-4ubuntu3 <none>
2024-04-24 10:47:12 status unpacked passwd:amd64 1:4.13+dfsg1-4ubuntu3
2024-04-24 10:47:12 status half-configured passwd:amd64 1:4.13+dfsg1-4ubuntu3
2024-04-24 10:47:12 status installed passwd:amd64 1:4.13+dfsg1-4ubuntu3
2024-04-24 10:47:12 configure libpam-runtime:all 1.5.3-5ubuntu5 <none>
2024-04-24 10:47:12 status unpacked libpam-runtime:all 1.5.3-5ubuntu5
2024-04-24 10:47:12 status half-configured libpam-runtime:all 1.5.3-5ubuntu5
2024-04-24 10:47:12 status installed libpam-runtime:all 1.5.3-5ubuntu5
2024-04-24 10:47:12 configure login:amd64 1:4.13+dfsg1-4ubuntu3 <none>
2024-04-24 10:47:12 status unpacked login:amd64 1:4.13+dfsg1-4ubuntu3
2024-04-24 10:47:12 status half-configured login:amd64 1:4.13+dfsg1-4ubuntu3
2024-04-24 10:47:12 status installed login:amd64 1:4.13+dfsg1-4ubuntu3
2024-04-24 10:47:12 trigproc libc-bin:amd64 2.39-0ubuntu8 <none>
2024-04-24 10:47:12 status half-configured libc-bin:amd64 2.39-0ubuntu8
2024-04-24 10:47:12 status installed libc-bin:amd64 2.39-0ubuntu8
2024-04-24 10:47:13 startup archives install
2024-04-24 10:47:13 install libapparmor1:amd64 <none> 4.0.0-beta3-0ubuntu3
2024-04-24 10:47:13 status triggers-pending libc-bin:amd64 2.39-0ubuntu8
2024-04-24 10:47:13 status half-installed libapparmor1:amd64 4.0.0-beta3-0ubuntu3
2024-04-24 10:47:13 status unpacked libapparmor1:amd64 4.0.0-beta3-0ubuntu3
2024-04-24 10:47:13 install libargon2-1:amd64 <none> 0~20190702+dfsg-4build1
2024-04-24 10:47:13 status half-installed libargon2-1:amd64 0~20190702+dfsg-4build1
2024-04-24 10:47:13 status unpacked libargon2-1:amd64 0~20190702+dfsg-4build1
2024-04-24 10:47:13 install libcryptsetup12:amd64 <none> 2:2.7.0-1ubuntu4
2024-04-24 10:47:13 status half-installed libcryptsetup12:amd64 2:2.7.0-1ubuntu4
2024-04-24 10:47:13 status unpacked libcryptsetup12:amd64 2:2.7.0-1ubuntu4
2024-04-24 10:47:13 install libdevmapper1.02.1:amd64 <none> 2:1.02.185-3ubuntu3
2024-04-24 10:47:13 status half-installed libdevmapper1.02.1:amd64 2:1.02.185-3ubuntu3
2024-04-24 10:47:13 status unpacked libdevmapper1.02.1:amd64 2:1.02.185-3ubuntu3
2024-04-24 10:47:13 install libfdisk1:amd64 <none> 2.39.3-9ubuntu6
2024-04-24 10:47:13 status half-installed libfdisk1:amd64 2.39.3-9ubuntu6
2024-04-24 10:47:13 status unpacked libfdisk1:amd64 2.39.3-9ubuntu6
2024-04-24 10:47:13 install libjson-c5:amd64 <none> 0.17-1build1
2024-04-24 10:47:13 status half-installed libjson-c5:amd64 0.17-1build1
2024-04-24 10:47:13 status unpacked libjson-c5:amd64 0.17-1build1
2024-04-24 10:47:13 install libkmod2:amd64 <none> 31+20240202-2ubuntu7
2024-04-24 10:47:13 status half-installed libkmod2:amd64 31+20240202-2ubuntu7
2024-04-24 10:47:13 status unpacked libkmod2:amd64 31+20240202-2ubuntu7
2024-04-24 10:47:13 install libseccomp2:amd64 <none> 2.5.5-1ubuntu3
2024-04-24 10:47:13 status half-installed libseccomp2:amd64 2.5.5-1ubuntu3
2024-04-24 10:47:13 status unpacked libseccomp2:amd64 2.5.5-1ubuntu3
2024-04-24 10:47:13 install libsystemd-shared:amd64 <none> 255.4-1ubuntu8
2024-04-24 10:47:13 status half-installed libsystemd-shared:amd64 255.4-1ubuntu8
2024-04-24 10:47:13 status unpacked libsystemd-shared:amd64 255.4-1ubuntu8
2024-04-24 10:47:13 install systemd:amd64 <none> 255.4-1ubuntu8
2024-04-24 10:47:13 status half-installed systemd:amd64 255.4-1ubuntu8
2024-04-24 10:47:13 status unpacked systemd:amd64 255.4-1ubuntu8
2024-04-24 10:47:13 install systemd-dev:all <none> 255.4-1ubuntu8
2024-04-24 10:47:13 status half-installed systemd-dev:all 255.4-1ubuntu8
2024-04-24 10:47:13 status unpacked systemd-dev:all 255.4-1ubuntu8
2024-04-24 10:47:13 configure libapparmor1:amd64 4.0.0-beta3-0ubuntu3 4.0.0-beta3-0ubuntu3
2024-04-24 10:47:13 status half-configured libapparmor1:amd64 4.0.0-beta3-0ubuntu3
2024-04-24 10:47:13 status installed libapparmor1:amd64 4.0.0-beta3-0ubuntu3
2024-04-24 10:47:13 configure libargon2-1:amd64 0~20190702+dfsg-4build1 0~20190702+dfsg-4build1
2024-04-24 10:47:13 status half-configured libargon2-1:amd64 0~20190702+dfsg-4build1
2024-04-24 10:47:13 status installed libargon2-1:amd64 0~20190702+dfsg-4build1
2024-04-24 10:47:13 configure libdevmapper1.02.1:amd64 2:1.02.185-3ubuntu3 2:1.02.185-3ubuntu3
2024-04-24 10:47:13 status half-configured libdevmapper1.02.1:amd64 2:1.02.185-3ubuntu3
2024-04-24 10:47:13 status installed libdevmapper1.02.1:amd64 2:1.02.185-3ubuntu3
2024-04-24 10:47:13 configure libfdisk1:amd64 2.39.3-9ubuntu6 2.39.3-9ubuntu6
2024-04-24 10:47:13 status half-configured libfdisk1:amd64 2.39.3-9ubuntu6
2024-04-24 10:47:13 status installed libfdisk1:amd64 2.39.3-9ubuntu6
2024-04-24 10:47:13 configure libjson-c5:amd64 0.17-1build1 0.17-1build1
2024-04-24 10:47:13 status half-configured libjson-c5:amd64 0.17-1build1
2024-04-24 10:47:13 status installed libjson-c5:amd64 0.17-1build1
2024-04-24 10:47:13 configure libkmod2:amd64 31+20240202-2ubuntu7 31+20240202-2ubuntu7
2024-04-24 10:47:13 status half-configured libkmod2:amd64 31+20240202-2ubuntu7
2024-04-24 10:47:13 status installed libkmod2:amd64 31+20240202-2ubuntu7
2024-04-24 10:47:13 configure libseccomp2:amd64 2.5.5-1ubuntu3 2.5.5-1ubuntu3
2024-04-24 10:47:13 status half-configured libseccomp2:amd64 2.5.5-1ubuntu3
2024-04-24 10:47:13 status installed libseccomp2:amd64 2.5.5-1ubuntu3
2024-04-24 10:47:14 configure libsystemd-shared:amd64 255.4-1ubuntu8 255.4-1ubuntu8
2024-04-24 10:47:14 status half-configured libsystemd-shared:amd64 255.4-1ubuntu8
2024-04-24 10:47:14 status installed libsystemd-shared:amd64 255.4-1ubuntu8
2024-04-24 10:47:14 configure systemd-dev:all 255.4-1ubuntu8 255.4-1ubuntu8
2024-04-24 10:47:14 status half-configured systemd-dev:all 255.4-1ubuntu8
2024-04-24 10:47:14 status installed systemd-dev:all 255.4-1ubuntu8
2024-04-24 10:47:14 configure libcryptsetup12:amd64 2:2.7.0-1ubuntu4 2:2.7.0-1ubuntu4
2024-04-24 10:47:14 status half-configured libcryptsetup12:amd64 2:2.7.0-1ubuntu4
2024-04-24 10:47:14 status installed libcryptsetup12:amd64 2:2.7.0-1ubuntu4
2024-04-24 10:47:14 configure systemd:amd64 255.4-1ubuntu8 255.4-1ubuntu8
2024-04-24 10:47:14 status half-configured systemd:amd64 255.4-1ubuntu8
2024-04-24 10:47:14 status installed systemd:amd64 255.4-1ubuntu8
2024-04-24 10:47:14 trigproc libc-bin:amd64 2.39-0ubuntu8 <none>
2024-04-24 10:47:14 status half-configured libc-bin:amd64 2.39-0ubuntu8
2024-04-24 10:47:14 status installed libc-bin:amd64 2.39-0ubuntu8
2024-04-24 10:47:14 startup archives install
2024-04-24 10:47:14 install systemd-sysv:amd64 <none> 255.4-1ubuntu8
2024-04-24 10:47:14 status half-installed systemd-sysv:amd64 255.4-1ubuntu8
2024-04-24 10:47:14 status unpacked systemd-sysv:amd64 255.4-1ubuntu8
2024-04-24 10:47:14 configure systemd-sysv:amd64 255.4-1ubuntu8 255.4-1ubuntu8
2024-04-24 10:47:14 status half-configured systemd-sysv:amd64 255.4-1ubuntu8
2024-04-24 10:47:14 status installed systemd-sysv:amd64 255.4-1ubuntu8
2024-04-24 10:47:15 startup archives install
2024-04-24 10:47:15 install adduser:all <none> 3.137ubuntu1
2024-04-24 10:47:15 status half-installed adduser:all 3.137ubuntu1
2024-04-24 10:47:15 status unpacked adduser:all 3.137ubuntu1
2024-04-24 10:47:15 install cron-daemon-common:all <none> 3.0pl1-184ubuntu2
2024-04-24 10:47:15 status half-installed cron-daemon-common:all 3.0pl1-184ubuntu2
2024-04-24 10:47:15 status unpacked cron-daemon-common:all 3.0pl1-184ubuntu2
2024-04-24 10:47:15 configure adduser:all 3.137ubuntu1 3.137ubuntu1
2024-04-24 10:47:15 status half-configured adduser:all 3.137ubuntu1
2024-04-24 10:47:15 status installed adduser:all 3.137ubuntu1
2024-04-24 10:47:15 configure cron-daemon-common:all 3.0pl1-184ubuntu2 3.0pl1-184ubuntu2
2024-04-24 10:47:15 status half-configured cron-daemon-common:all 3.0pl1-184ubuntu2
2024-04-24 10:47:15 status installed cron-daemon-common:all 3.0pl1-184ubuntu2
2024-04-24 10:47:15 startup archives install
2024-04-24 10:47:15 install libexpat1:amd64 <none> 2.6.1-2build1
2024-04-24 10:47:15 status triggers-pending libc-bin:amd64 2.39-0ubuntu8
2024-04-24 10:47:15 status half-installed libexpat1:amd64 2.6.1-2build1
2024-04-24 10:47:15 status unpacked libexpat1:amd64 2.6.1-2build1
2024-04-24 10:47:15 install libpython3.12-minimal:amd64 <none> 3.12.3-1
2024-04-24 10:47:15 status half-installed libpython3.12-minimal:amd64 3.12.3-1
2024-04-24 10:47:15 status unpacked libpython3.12-minimal:amd64 3.12.3-1
2024-04-24 10:47:15 install python3.12-minimal:amd64 <none> 3.12.3-1
2024-04-24 10:47:15 status half-installed python3.12-minimal:amd64 3.12.3-1
2024-04-24 10:47:16 status triggers-pending systemd:amd64 255.4-1ubuntu8
2024-04-24 10:47:16 status unpacked python3.12-minimal:amd64 3.12.3-1
2024-04-24 10:47:16 configure libexpat1:amd64 2.6.1-2build1 2.6.1-2build1
2024-04-24 10:47:16 status half-configured libexpat1:amd64 2.6.1-2build1
2024-04-24 10:47:16 status installed libexpat1:amd64 2.6.1-2build1
2024-04-24 10:47:16 configure libpython3.12-minimal:amd64 3.12.3-1 3.12.3-1
2024-04-24 10:47:16 status half-configured libpython3.12-minimal:amd64 3.12.3-1
2024-04-24 10:47:16 status installed libpython3.12-minimal:amd64 3.12.3-1
2024-04-24 10:47:16 configure python3.12-minimal:amd64 3.12.3-1 3.12.3-1
2024-04-24 10:47:16 status half-configured python3.12-minimal:amd64 3.12.3-1
2024-04-24 10:47:16 status installed python3.12-minimal:amd64 3.12.3-1
2024-04-24 10:47:16 trigproc libc-bin:amd64 2.39-0ubuntu8 <none>
2024-04-24 10:47:16 status half-configured libc-bin:amd64 2.39-0ubuntu8
2024-04-24 10:47:16 status installed libc-bin:amd64 2.39-0ubuntu8
2024-04-24 10:47:16 trigproc systemd:amd64 255.4-1ubuntu8 <none>
2024-04-24 10:47:16 status half-configured systemd:amd64 255.4-1ubuntu8
2024-04-24 10:47:16 status installed systemd:amd64 255.4-1ubuntu8
2024-04-24 10:47:17 startup archives install
2024-04-24 10:47:17 install python3-minimal:amd64 <none> 3.12.3-0ubuntu1
2024-04-24 10:47:17 status half-installed python3-minimal:amd64 3.12.3-0ubuntu1
2024-04-24 10:47:17 status unpacked python3-minimal:amd64 3.12.3-0ubuntu1
2024-04-24 10:47:17 configure python3-minimal:amd64 3.12.3-0ubuntu1 3.12.3-0ubuntu1
2024-04-24 10:47:17 status half-configured python3-minimal:amd64 3.12.3-0ubuntu1
2024-04-24 10:47:17 status installed python3-minimal:amd64 3.12.3-0ubuntu1
2024-04-24 10:47:17 startup archives unpack
2024-04-24 10:47:17 install apt:amd64 <none> 2.7.14build2
2024-04-24 10:47:17 status triggers-pending libc-bin:amd64 2.39-0ubuntu8
2024-04-24 10:47:17 status half-installed apt:amd64 2.7.14build2
2024-04-24 10:47:17 status unpacked apt:amd64 2.7.14build2
2024-04-24 10:47:17 install apt-utils:amd64 <none> 2.7.14build2
2024-04-24 10:47:17 status half-installed apt-utils:amd64 2.7.14build2
2024-04-24 10:47:17 status unpacked apt-utils:amd64 2.7.14build2
2024-04-24 10:47:17 install ca-certificates:all <none> 20240203
2024-04-24 10:47:17 status half-installed ca-certificates:all 20240203
2024-04-24 10:47:17 status unpacked ca-certificates:all 20240203
2024-04-24 10:47:17 install console-setup:all <none> 1.226ubuntu1
2024-04-24 10:47:17 status half-installed console-setup:all 1.226ubuntu1
2024-04-24 10:47:17 status unpacked console-setup:all 1.226ubuntu1
2024-04-24 10:47:17 install console-setup-linux:all <none> 1.226ubuntu1
2024-04-24 10:47:17 status half-installed console-setup-linux:all 1.226ubuntu1
2024-04-24 10:47:17 status unpacked console-setup-linux:all 1.226ubuntu1
2024-04-24 10:47:17 install cron:amd64 <none> 3.0pl1-184ubuntu2
2024-04-24 10:47:17 status half-installed cron:amd64 3.0pl1-184ubuntu2
2024-04-24 10:47:17 status unpacked cron:amd64 3.0pl1-184ubuntu2
2024-04-24 10:47:17 install dbus:amd64 <none> 1.14.10-4ubuntu4
2024-04-24 10:47:17 status half-installed dbus:amd64 1.14.10-4ubuntu4
2024-04-24 10:47:17 status unpacked dbus:amd64 1.14.10-4ubuntu4
2024-04-24 10:47:17 install dbus-bin:amd64 <none> 1.14.10-4ubuntu4
2024-04-24 10:47:17 status half-installed dbus-bin:amd64 1.14.10-4ubuntu4
2024-04-24 10:47:17 status unpacked dbus-bin:amd64 1.14.10-4ubuntu4
2024-04-24 10:47:17 install dbus-daemon:amd64 <none> 1.14.10-4ubuntu4
2024-04-24 10:47:17 status half-installed dbus-daemon:amd64 1.14.10-4ubuntu4
2024-04-24 10:47:17 status unpacked dbus-daemon:amd64 1.14.10-4ubuntu4
2024-04-24 10:47:17 install dbus-session-bus-common:all <none> 1.14.10-4ubuntu4
2024-04-24 10:47:17 status half-installed dbus-session-bus-common:all 1.14.10-4ubuntu4
2024-04-24 10:47:17 status unpacked dbus-session-bus-common:all 1.14.10-4ubuntu4
2024-04-24 10:47:17 install dbus-system-bus-common:all <none> 1.14.10-4ubuntu4
2024-04-24 10:47:17 status half-installed dbus-system-bus-common:all 1.14.10-4ubuntu4
2024-04-24 10:47:17 status unpacked dbus-system-bus-common:all 1.14.10-4ubuntu4
2024-04-24 10:47:17 install dbus-user-session:amd64 <none> 1.14.10-4ubuntu4
2024-04-24 10:47:17 status half-installed dbus-user-session:amd64 1.14.10-4ubuntu4
2024-04-24 10:47:17 status unpacked dbus-user-session:amd64 1.14.10-4ubuntu4
2024-04-24 10:47:17 install debconf-i18n:all <none> 1.5.86ubuntu1
2024-04-24 10:47:17 status half-installed debconf-i18n:all 1.5.86ubuntu1
2024-04-24 10:47:18 status unpacked debconf-i18n:all 1.5.86ubuntu1
2024-04-24 10:47:18 install dhcpcd-base:amd64 <none> 1:10.0.6-1ubuntu3
2024-04-24 10:47:18 status half-installed dhcpcd-base:amd64 1:10.0.6-1ubuntu3
2024-04-24 10:47:18 status unpacked dhcpcd-base:amd64 1:10.0.6-1ubuntu3
2024-04-24 10:47:18 install distro-info:amd64 <none> 1.7build1
2024-04-24 10:47:18 status half-installed distro-info:amd64 1.7build1
2024-04-24 10:47:18 status unpacked distro-info:amd64 1.7build1
2024-04-24 10:47:18 install distro-info-data:all <none> 0.60
2024-04-24 10:47:18 status half-installed distro-info-data:all 0.60
2024-04-24 10:47:18 status unpacked distro-info-data:all 0.60
2024-04-24 10:47:18 install dmsetup:amd64 <none> 2:1.02.185-3ubuntu3
2024-04-24 10:47:18 status half-installed dmsetup:amd64 2:1.02.185-3ubuntu3
2024-04-24 10:47:18 status unpacked dmsetup:amd64 2:1.02.185-3ubuntu3
2024-04-24 10:47:18 install eject:amd64 <none> 2.39.3-9ubuntu6
2024-04-24 10:47:18 status half-installed eject:amd64 2.39.3-9ubuntu6
2024-04-24 10:47:18 status unpacked eject:amd64 2.39.3-9ubuntu6
2024-04-24 10:47:18 install gir1.2-girepository-2.0:amd64 <none> 1.80.1-1
2024-04-24 10:47:18 status half-installed gir1.2-girepository-2.0:amd64 1.80.1-1
2024-04-24 10:47:18 status unpacked gir1.2-girepository-2.0:amd64 1.80.1-1
2024-04-24 10:47:18 install gir1.2-glib-2.0:amd64 <none> 2.80.0-6ubuntu1
2024-04-24 10:47:18 status half-installed gir1.2-glib-2.0:amd64 2.80.0-6ubuntu1
2024-04-24 10:47:18 status unpacked gir1.2-glib-2.0:amd64 2.80.0-6ubuntu1
2024-04-24 10:47:18 install gpgv:amd64 <none> 2.4.4-2ubuntu17
2024-04-24 10:47:18 status half-installed gpgv:amd64 2.4.4-2ubuntu17
2024-04-24 10:47:18 status unpacked gpgv:amd64 2.4.4-2ubuntu17
2024-04-24 10:47:18 install init:amd64 <none> 1.66ubuntu1
2024-04-24 10:47:18 status half-installed init:amd64 1.66ubuntu1
2024-04-24 10:47:18 status unpacked init:amd64 1.66ubuntu1
2024-04-24 10:47:18 install iproute2:amd64 <none> 6.1.0-1ubuntu6
2024-04-24 10:47:18 status half-installed iproute2:amd64 6.1.0-1ubuntu6
2024-04-24 10:47:18 status unpacked iproute2:amd64 6.1.0-1ubuntu6
2024-04-24 10:47:18 install iputils-ping:amd64 <none> 3:20240117-1build1
2024-04-24 10:47:18 status half-installed iputils-ping:amd64 3:20240117-1build1
2024-04-24 10:47:18 status unpacked iputils-ping:amd64 3:20240117-1build1
2024-04-24 10:47:18 install iso-codes:all <none> 4.16.0-1
2024-04-24 10:47:18 status half-installed iso-codes:all 4.16.0-1
2024-04-24 10:47:18 status unpacked iso-codes:all 4.16.0-1
2024-04-24 10:47:18 install kbd:amd64 <none> 2.6.4-2ubuntu2
2024-04-24 10:47:18 status half-installed kbd:amd64 2.6.4-2ubuntu2
2024-04-24 10:47:18 status unpacked kbd:amd64 2.6.4-2ubuntu2
2024-04-24 10:47:18 install keyboard-configuration:all <none> 1.226ubuntu1
2024-04-24 10:47:18 status half-installed keyboard-configuration:all 1.226ubuntu1
2024-04-24 10:47:18 status unpacked keyboard-configuration:all 1.226ubuntu1
2024-04-24 10:47:18 install kmod:amd64 <none> 31+20240202-2ubuntu7
2024-04-24 10:47:18 status half-installed kmod:amd64 31+20240202-2ubuntu7
2024-04-24 10:47:18 status unpacked kmod:amd64 31+20240202-2ubuntu7
2024-04-24 10:47:18 install krb5-locales:all <none> 1.20.1-6ubuntu2
2024-04-24 10:47:18 status half-installed krb5-locales:all 1.20.1-6ubuntu2
2024-04-24 10:47:18 status unpacked krb5-locales:all 1.20.1-6ubuntu2
2024-04-24 10:47:18 install less:amd64 <none> 590-2ubuntu2
2024-04-24 10:47:18 status half-installed less:amd64 590-2ubuntu2
2024-04-24 10:47:18 status unpacked less:amd64 590-2ubuntu2
2024-04-24 10:47:18 install libapt-pkg6.0t64:amd64 <none> 2.7.14build2
2024-04-24 10:47:18 status half-installed libapt-pkg6.0t64:amd64 2.7.14build2
2024-04-24 10:47:18 status unpacked libapt-pkg6.0t64:amd64 2.7.14build2
2024-04-24 10:47:18 install libassuan0:amd64 <none> 2.5.6-1build1
2024-04-24 10:47:18 status half-installed libassuan0:amd64 2.5.6-1build1
2024-04-24 10:47:18 status unpacked libassuan0:amd64 2.5.6-1build1
2024-04-24 10:47:18 install libatm1t64:amd64 <none> 1:2.5.1-5.1build1
2024-04-24 10:47:18 status half-installed libatm1t64:amd64 1:2.5.1-5.1build1
2024-04-24 10:47:18 status unpacked libatm1t64:amd64 1:2.5.1-5.1build1
2024-04-24 10:47:18 install libbpf1:amd64 <none> 1:1.3.0-2build2
2024-04-24 10:47:18 status half-installed libbpf1:amd64 1:1.3.0-2build2
2024-04-24 10:47:18 status unpacked libbpf1:amd64 1:1.3.0-2build2
2024-04-24 10:47:18 install libbsd0:amd64 <none> 0.12.1-1build1
2024-04-24 10:47:18 status half-installed libbsd0:amd64 0.12.1-1build1
2024-04-24 10:47:18 status unpacked libbsd0:amd64 0.12.1-1build1
2024-04-24 10:47:18 install libcap2-bin:amd64 <none> 1:2.66-5ubuntu2
2024-04-24 10:47:18 status half-installed libcap2-bin:amd64 1:2.66-5ubuntu2
2024-04-24 10:47:18 status unpacked libcap2-bin:amd64 1:2.66-5ubuntu2
2024-04-24 10:47:18 install libdb5.3t64:amd64 <none> 5.3.28+dfsg2-7
2024-04-24 10:47:18 status half-installed libdb5.3t64:amd64 5.3.28+dfsg2-7
2024-04-24 10:47:18 status unpacked libdb5.3t64:amd64 5.3.28+dfsg2-7
2024-04-24 10:47:18 install libdbus-1-3:amd64 <none> 1.14.10-4ubuntu4
2024-04-24 10:47:18 status half-installed libdbus-1-3:amd64 1.14.10-4ubuntu4
2024-04-24 10:47:18 status unpacked libdbus-1-3:amd64 1.14.10-4ubuntu4
2024-04-24 10:47:18 install libelf1t64:amd64 <none> 0.190-1.1build4
2024-04-24 10:47:18 status half-installed libelf1t64:amd64 0.190-1.1build4
2024-04-24 10:47:18 status unpacked libelf1t64:amd64 0.190-1.1build4
2024-04-24 10:47:18 install libestr0:amd64 <none> 0.1.11-1build1
2024-04-24 10:47:18 status half-installed libestr0:amd64 0.1.11-1build1
2024-04-24 10:47:18 status unpacked libestr0:amd64 0.1.11-1build1
2024-04-24 10:47:18 install libfastjson4:amd64 <none> 1.2304.0-1build1
2024-04-24 10:47:18 status half-installed libfastjson4:amd64 1.2304.0-1build1
2024-04-24 10:47:18 status unpacked libfastjson4:amd64 1.2304.0-1build1
2024-04-24 10:47:18 install libffi8:amd64 <none> 3.4.6-1build1
2024-04-24 10:47:18 status half-installed libffi8:amd64 3.4.6-1build1
2024-04-24 10:47:18 status unpacked libffi8:amd64 3.4.6-1build1
2024-04-24 10:47:18 install libfribidi0:amd64 <none> 1.0.13-3build1
2024-04-24 10:47:18 status half-installed libfribidi0:amd64 1.0.13-3build1
2024-04-24 10:47:18 status unpacked libfribidi0:amd64 1.0.13-3build1
2024-04-24 10:47:18 install libgirepository-1.0-1:amd64 <none> 1.80.1-1
2024-04-24 10:47:18 status half-installed libgirepository-1.0-1:amd64 1.80.1-1
2024-04-24 10:47:18 status unpacked libgirepository-1.0-1:amd64 1.80.1-1
2024-04-24 10:47:19 install libglib2.0-0t64:amd64 <none> 2.80.0-6ubuntu1
2024-04-24 10:47:19 status half-installed libglib2.0-0t64:amd64 2.80.0-6ubuntu1
2024-04-24 10:47:19 status unpacked libglib2.0-0t64:amd64 2.80.0-6ubuntu1
2024-04-24 10:47:19 install libglib2.0-data:all <none> 2.80.0-6ubuntu1
2024-04-24 10:47:19 status half-installed libglib2.0-data:all 2.80.0-6ubuntu1
2024-04-24 10:47:19 status unpacked libglib2.0-data:all 2.80.0-6ubuntu1
2024-04-24 10:47:19 install libgnutls30t64:amd64 <none> 3.8.3-1.1ubuntu3
2024-04-24 10:47:19 status half-installed libgnutls30t64:amd64 3.8.3-1.1ubuntu3
2024-04-24 10:47:19 status unpacked libgnutls30t64:amd64 3.8.3-1.1ubuntu3
2024-04-24 10:47:19 install libgssapi-krb5-2:amd64 <none> 1.20.1-6ubuntu2
2024-04-24 10:47:19 status half-installed libgssapi-krb5-2:amd64 1.20.1-6ubuntu2
2024-04-24 10:47:19 status unpacked libgssapi-krb5-2:amd64 1.20.1-6ubuntu2
2024-04-24 10:47:19 install libhogweed6t64:amd64 <none> 3.9.1-2.2build1
2024-04-24 10:47:19 status half-installed libhogweed6t64:amd64 3.9.1-2.2build1
2024-04-24 10:47:19 status unpacked libhogweed6t64:amd64 3.9.1-2.2build1
2024-04-24 10:47:19 install libicu74:amd64 <none> 74.2-1ubuntu3
2024-04-24 10:47:19 status half-installed libicu74:amd64 74.2-1ubuntu3
2024-04-24 10:47:19 status unpacked libicu74:amd64 74.2-1ubuntu3
2024-04-24 10:47:19 install libidn2-0:amd64 <none> 2.3.7-2build1
2024-04-24 10:47:19 status half-installed libidn2-0:amd64 2.3.7-2build1
2024-04-24 10:47:19 status unpacked libidn2-0:amd64 2.3.7-2build1
2024-04-24 10:47:19 install libk5crypto3:amd64 <none> 1.20.1-6ubuntu2
2024-04-24 10:47:19 status half-installed libk5crypto3:amd64 1.20.1-6ubuntu2
2024-04-24 10:47:19 status unpacked libk5crypto3:amd64 1.20.1-6ubuntu2
2024-04-24 10:47:19 install libkeyutils1:amd64 <none> 1.6.3-3build1
2024-04-24 10:47:19 status half-installed libkeyutils1:amd64 1.6.3-3build1
2024-04-24 10:47:19 status unpacked libkeyutils1:amd64 1.6.3-3build1
2024-04-24 10:47:19 install libkrb5-3:amd64 <none> 1.20.1-6ubuntu2
2024-04-24 10:47:19 status half-installed libkrb5-3:amd64 1.20.1-6ubuntu2
2024-04-24 10:47:19 status unpacked libkrb5-3:amd64 1.20.1-6ubuntu2
2024-04-24 10:47:19 install libkrb5support0:amd64 <none> 1.20.1-6ubuntu2
2024-04-24 10:47:19 status half-installed libkrb5support0:amd64 1.20.1-6ubuntu2
2024-04-24 10:47:19 status unpacked libkrb5support0:amd64 1.20.1-6ubuntu2
2024-04-24 10:47:19 install liblocale-gettext-perl:amd64 <none> 1.07-6ubuntu5
2024-04-24 10:47:19 status half-installed liblocale-gettext-perl:amd64 1.07-6ubuntu5
2024-04-24 10:47:19 status unpacked liblocale-gettext-perl:amd64 1.07-6ubuntu5
2024-04-24 10:47:19 install libmnl0:amd64 <none> 1.0.5-2build1
2024-04-24 10:47:19 status half-installed libmnl0:amd64 1.0.5-2build1
2024-04-24 10:47:19 status unpacked libmnl0:amd64 1.0.5-2build1
2024-04-24 10:47:19 install libnetplan1:amd64 <none> 1.0-2ubuntu1
2024-04-24 10:47:19 status half-installed libnetplan1:amd64 1.0-2ubuntu1
2024-04-24 10:47:19 status unpacked libnetplan1:amd64 1.0-2ubuntu1
2024-04-24 10:47:19 install libnettle8t64:amd64 <none> 3.9.1-2.2build1
2024-04-24 10:47:19 status half-installed libnettle8t64:amd64 3.9.1-2.2build1
2024-04-24 10:47:19 status unpacked libnettle8t64:amd64 3.9.1-2.2build1
2024-04-24 10:47:19 install libnewt0.52:amd64 <none> 0.52.24-2ubuntu2
2024-04-24 10:47:19 status half-installed libnewt0.52:amd64 0.52.24-2ubuntu2
2024-04-24 10:47:19 status unpacked libnewt0.52:amd64 0.52.24-2ubuntu2
2024-04-24 10:47:19 install libnpth0t64:amd64 <none> 1.6-3.1build1
2024-04-24 10:47:19 status half-installed libnpth0t64:amd64 1.6-3.1build1
2024-04-24 10:47:19 status unpacked libnpth0t64:amd64 1.6-3.1build1
2024-04-24 10:47:19 install libnss-systemd:amd64 <none> 255.4-1ubuntu8
2024-04-24 10:47:19 status half-installed libnss-systemd:amd64 255.4-1ubuntu8
2024-04-24 10:47:19 status unpacked libnss-systemd:amd64 255.4-1ubuntu8
2024-04-24 10:47:19 install libp11-kit0:amd64 <none> 0.25.3-4ubuntu2
2024-04-24 10:47:19 status half-installed libp11-kit0:amd64 0.25.3-4ubuntu2
2024-04-24 10:47:19 status unpacked libp11-kit0:amd64 0.25.3-4ubuntu2
2024-04-24 10:47:19 install libpam-cap:amd64 <none> 1:2.66-5ubuntu2
2024-04-24 10:47:19 status half-installed libpam-cap:amd64 1:2.66-5ubuntu2
2024-04-24 10:47:19 status unpacked libpam-cap:amd64 1:2.66-5ubuntu2
2024-04-24 10:47:19 install libpam-systemd:amd64 <none> 255.4-1ubuntu8
2024-04-24 10:47:19 status half-installed libpam-systemd:amd64 255.4-1ubuntu8
2024-04-24 10:47:19 status unpacked libpam-systemd:amd64 255.4-1ubuntu8
2024-04-24 10:47:19 install libpopt0:amd64 <none> 1.19+dfsg-1build1
2024-04-24 10:47:19 status half-installed libpopt0:amd64 1.19+dfsg-1build1
2024-04-24 10:47:19 status unpacked libpopt0:amd64 1.19+dfsg-1build1
2024-04-24 10:47:19 install libpython3-stdlib:amd64 <none> 3.12.3-0ubuntu1
2024-04-24 10:47:19 status half-installed libpython3-stdlib:amd64 3.12.3-0ubuntu1
2024-04-24 10:47:19 status unpacked libpython3-stdlib:amd64 3.12.3-0ubuntu1
2024-04-24 10:47:19 install libpython3.12-stdlib:amd64 <none> 3.12.3-1
2024-04-24 10:47:19 status half-installed libpython3.12-stdlib:amd64 3.12.3-1
2024-04-24 10:47:19 status unpacked libpython3.12-stdlib:amd64 3.12.3-1
2024-04-24 10:47:19 install libreadline8t64:amd64 <none> 8.2-4build1
2024-04-24 10:47:19 status half-installed libreadline8t64:amd64 8.2-4build1
2024-04-24 10:47:19 status unpacked libreadline8t64:amd64 8.2-4build1
2024-04-24 10:47:19 install libslang2:amd64 <none> 2.3.3-3build2
2024-04-24 10:47:19 status half-installed libslang2:amd64 2.3.3-3build2
2024-04-24 10:47:19 status unpacked libslang2:amd64 2.3.3-3build2
2024-04-24 10:47:19 install libsqlite3-0:amd64 <none> 3.45.1-1ubuntu2
2024-04-24 10:47:19 status half-installed libsqlite3-0:amd64 3.45.1-1ubuntu2
2024-04-24 10:47:19 status unpacked libsqlite3-0:amd64 3.45.1-1ubuntu2
2024-04-24 10:47:20 install libstdc++6:amd64 <none> 14-20240412-0ubuntu1
2024-04-24 10:47:20 status half-installed libstdc++6:amd64 14-20240412-0ubuntu1
2024-04-24 10:47:20 status unpacked libstdc++6:amd64 14-20240412-0ubuntu1
2024-04-24 10:47:20 install libtasn1-6:amd64 <none> 4.19.0-3build1
2024-04-24 10:47:20 status half-installed libtasn1-6:amd64 4.19.0-3build1
2024-04-24 10:47:20 status unpacked libtasn1-6:amd64 4.19.0-3build1
2024-04-24 10:47:20 install libtext-charwidth-perl:amd64 <none> 0.04-11build3
2024-04-24 10:47:20 status half-installed libtext-charwidth-perl:amd64 0.04-11build3
2024-04-24 10:47:20 status unpacked libtext-charwidth-perl:amd64 0.04-11build3
2024-04-24 10:47:20 install libtext-iconv-perl:amd64 <none> 1.7-8build3
2024-04-24 10:47:20 status half-installed libtext-iconv-perl:amd64 1.7-8build3
2024-04-24 10:47:20 status unpacked libtext-iconv-perl:amd64 1.7-8build3
2024-04-24 10:47:20 install libtext-wrapi18n-perl:all <none> 0.06-10
2024-04-24 10:47:20 status half-installed libtext-wrapi18n-perl:all 0.06-10
2024-04-24 10:47:20 status unpacked libtext-wrapi18n-perl:all 0.06-10
2024-04-24 10:47:20 install libtirpc-common:all <none> 1.3.4+ds-1.1build1
2024-04-24 10:47:20 status half-installed libtirpc-common:all 1.3.4+ds-1.1build1
2024-04-24 10:47:20 status unpacked libtirpc-common:all 1.3.4+ds-1.1build1
2024-04-24 10:47:20 install libtirpc3t64:amd64 <none> 1.3.4+ds-1.1build1
2024-04-24 10:47:20 status half-installed libtirpc3t64:amd64 1.3.4+ds-1.1build1
2024-04-24 10:47:20 status unpacked libtirpc3t64:amd64 1.3.4+ds-1.1build1
2024-04-24 10:47:20 install libunistring5:amd64 <none> 1.1-2build1
2024-04-24 10:47:20 status half-installed libunistring5:amd64 1.1-2build1
2024-04-24 10:47:20 status unpacked libunistring5:amd64 1.1-2build1
2024-04-24 10:47:20 install libxml2:amd64 <none> 2.9.14+dfsg-1.3ubuntu3
2024-04-24 10:47:20 status half-installed libxml2:amd64 2.9.14+dfsg-1.3ubuntu3
2024-04-24 10:47:20 status unpacked libxml2:amd64 2.9.14+dfsg-1.3ubuntu3
2024-04-24 10:47:20 install libxtables12:amd64 <none> 1.8.10-3ubuntu2
2024-04-24 10:47:20 status half-installed libxtables12:amd64 1.8.10-3ubuntu2
2024-04-24 10:47:20 status unpacked libxtables12:amd64 1.8.10-3ubuntu2
2024-04-24 10:47:20 install libxxhash0:amd64 <none> 0.8.2-2build1
2024-04-24 10:47:20 status half-installed libxxhash0:amd64 0.8.2-2build1
2024-04-24 10:47:20 status unpacked libxxhash0:amd64 0.8.2-2build1
2024-04-24 10:47:20 install libyaml-0-2:amd64 <none> 0.2.5-1build1
2024-04-24 10:47:20 status half-installed libyaml-0-2:amd64 0.2.5-1build1
2024-04-24 10:47:20 status unpacked libyaml-0-2:amd64 0.2.5-1build1
2024-04-24 10:47:20 install locales:all <none> 2.39-0ubuntu8
2024-04-24 10:47:20 status half-installed locales:all 2.39-0ubuntu8
2024-04-24 10:47:20 status unpacked locales:all 2.39-0ubuntu8
2024-04-24 10:47:20 install logrotate:amd64 <none> 3.21.0-2build1
2024-04-24 10:47:20 status half-installed logrotate:amd64 3.21.0-2build1
2024-04-24 10:47:20 status unpacked logrotate:amd64 3.21.0-2build1
2024-04-24 10:47:20 install lsb-release:all <none> 12.0-2
2024-04-24 10:47:20 status half-installed lsb-release:all 12.0-2
2024-04-24 10:47:20 status unpacked lsb-release:all 12.0-2
2024-04-24 10:47:20 install media-types:all <none> 10.1.0
2024-04-24 10:47:20 status half-installed media-types:all 10.1.0
2024-04-24 10:47:20 status unpacked media-types:all 10.1.0
2024-04-24 10:47:20 install netbase:all <none> 6.4
2024-04-24 10:47:20 status half-installed netbase:all 6.4
2024-04-24 10:47:20 status unpacked netbase:all 6.4
2024-04-24 10:47:20 install netcat-openbsd:amd64 <none> 1.226-1ubuntu2
2024-04-24 10:47:20 status half-installed netcat-openbsd:amd64 1.226-1ubuntu2
2024-04-24 10:47:20 status unpacked netcat-openbsd:amd64 1.226-1ubuntu2
2024-04-24 10:47:20 install netplan-generator:amd64 <none> 1.0-2ubuntu1
2024-04-24 10:47:20 status half-installed netplan-generator:amd64 1.0-2ubuntu1
2024-04-24 10:47:20 status unpacked netplan-generator:amd64 1.0-2ubuntu1
2024-04-24 10:47:20 install netplan.io:amd64 <none> 1.0-2ubuntu1
2024-04-24 10:47:20 status half-installed netplan.io:amd64 1.0-2ubuntu1
2024-04-24 10:47:20 status unpacked netplan.io:amd64 1.0-2ubuntu1
2024-04-24 10:47:20 install networkd-dispatcher:all <none> 2.2.4-1
2024-04-24 10:47:20 status half-installed networkd-dispatcher:all 2.2.4-1
2024-04-24 10:47:20 status unpacked networkd-dispatcher:all 2.2.4-1
2024-04-24 10:47:20 install openssl:amd64 <none> 3.0.13-0ubuntu3
2024-04-24 10:47:20 status half-installed openssl:amd64 3.0.13-0ubuntu3
2024-04-24 10:47:20 status unpacked openssl:amd64 3.0.13-0ubuntu3
2024-04-24 10:47:20 install python-apt-common:all <none> 2.7.7ubuntu1
2024-04-24 10:47:20 status half-installed python-apt-common:all 2.7.7ubuntu1
2024-04-24 10:47:20 status unpacked python-apt-common:all 2.7.7ubuntu1
2024-04-24 10:47:20 install python3:amd64 <none> 3.12.3-0ubuntu1
2024-04-24 10:47:20 status half-installed python3:amd64 3.12.3-0ubuntu1
2024-04-24 10:47:20 status unpacked python3:amd64 3.12.3-0ubuntu1
2024-04-24 10:47:20 install python3-apt:amd64 <none> 2.7.7ubuntu1
2024-04-24 10:47:20 status half-installed python3-apt:amd64 2.7.7ubuntu1
2024-04-24 10:47:20 status unpacked python3-apt:amd64 2.7.7ubuntu1
2024-04-24 10:47:20 install python3-cffi-backend:amd64 <none> 1.16.0-2build1
2024-04-24 10:47:20 status half-installed python3-cffi-backend:amd64 1.16.0-2build1
2024-04-24 10:47:20 status unpacked python3-cffi-backend:amd64 1.16.0-2build1
2024-04-24 10:47:20 install python3-dbus:amd64 <none> 1.3.2-5build3
2024-04-24 10:47:20 status half-installed python3-dbus:amd64 1.3.2-5build3
2024-04-24 10:47:20 status unpacked python3-dbus:amd64 1.3.2-5build3
2024-04-24 10:47:20 install python3-gi:amd64 <none> 3.48.2-1
2024-04-24 10:47:20 status half-installed python3-gi:amd64 3.48.2-1
2024-04-24 10:47:20 status unpacked python3-gi:amd64 3.48.2-1
2024-04-24 10:47:20 install python3-markdown-it:all <none> 3.0.0-2
2024-04-24 10:47:20 status half-installed python3-markdown-it:all 3.0.0-2
2024-04-24 10:47:20 status unpacked python3-markdown-it:all 3.0.0-2
2024-04-24 10:47:20 install python3-mdurl:all <none> 0.1.2-1
2024-04-24 10:47:20 status half-installed python3-mdurl:all 0.1.2-1
2024-04-24 10:47:20 status unpacked python3-mdurl:all 0.1.2-1
2024-04-24 10:47:20 install python3-netifaces:amd64 <none> 0.11.0-2build3
2024-04-24 10:47:20 status half-installed python3-netifaces:amd64 0.11.0-2build3
2024-04-24 10:47:20 status unpacked python3-netifaces:amd64 0.11.0-2build3
2024-04-24 10:47:20 install python3-netplan:amd64 <none> 1.0-2ubuntu1
2024-04-24 10:47:20 status half-installed python3-netplan:amd64 1.0-2ubuntu1
2024-04-24 10:47:20 status unpacked python3-netplan:amd64 1.0-2ubuntu1
2024-04-24 10:47:21 install python3-pkg-resources:all <none> 68.1.2-2ubuntu1
2024-04-24 10:47:21 status half-installed python3-pkg-resources:all 68.1.2-2ubuntu1
2024-04-24 10:47:21 status unpacked python3-pkg-resources:all 68.1.2-2ubuntu1
2024-04-24 10:47:21 install python3-pygments:all <none> 2.17.2+dfsg-1
2024-04-24 10:47:21 status half-installed python3-pygments:all 2.17.2+dfsg-1
2024-04-24 10:47:21 status unpacked python3-pygments:all 2.17.2+dfsg-1
2024-04-24 10:47:21 install python3-rich:all <none> 13.7.1-1
2024-04-24 10:47:21 status half-installed python3-rich:all 13.7.1-1
2024-04-24 10:47:21 status unpacked python3-rich:all 13.7.1-1
2024-04-24 10:47:21 install python3-typing-extensions:all <none> 4.10.0-1
2024-04-24 10:47:21 status half-installed python3-typing-extensions:all 4.10.0-1
2024-04-24 10:47:21 status unpacked python3-typing-extensions:all 4.10.0-1
2024-04-24 10:47:21 install python3-yaml:amd64 <none> 6.0.1-2build2
2024-04-24 10:47:21 status half-installed python3-yaml:amd64 6.0.1-2build2
2024-04-24 10:47:21 status unpacked python3-yaml:amd64 6.0.1-2build2
2024-04-24 10:47:21 install python3.12:amd64 <none> 3.12.3-1
2024-04-24 10:47:21 status half-installed python3.12:amd64 3.12.3-1
2024-04-24 10:47:21 status unpacked python3.12:amd64 3.12.3-1
2024-04-24 10:47:21 install readline-common:all <none> 8.2-4build1
2024-04-24 10:47:21 status half-installed readline-common:all 8.2-4build1
2024-04-24 10:47:21 status unpacked readline-common:all 8.2-4build1
2024-04-24 10:47:21 install rsyslog:amd64 <none> 8.2312.0-3ubuntu9
2024-04-24 10:47:21 status half-installed rsyslog:amd64 8.2312.0-3ubuntu9
2024-04-24 10:47:21 status unpacked rsyslog:amd64 8.2312.0-3ubuntu9
2024-04-24 10:47:21 install shared-mime-info:amd64 <none> 2.4-4
2024-04-24 10:47:21 status half-installed shared-mime-info:amd64 2.4-4
2024-04-24 10:47:21 status unpacked shared-mime-info:amd64 2.4-4
2024-04-24 10:47:21 install sudo:amd64 <none> 1.9.15p5-3ubuntu5
2024-04-24 10:47:21 status half-installed sudo:amd64 1.9.15p5-3ubuntu5
2024-04-24 10:47:21 status unpacked sudo:amd64 1.9.15p5-3ubuntu5
2024-04-24 10:47:21 install systemd-hwe-hwdb:all <none> 255.1.3
2024-04-24 10:47:21 status half-installed systemd-hwe-hwdb:all 255.1.3
2024-04-24 10:47:21 status unpacked systemd-hwe-hwdb:all 255.1.3
2024-04-24 10:47:21 install systemd-resolved:amd64 <none> 255.4-1ubuntu8
2024-04-24 10:47:21 status half-installed systemd-resolved:amd64 255.4-1ubuntu8
2024-04-24 10:47:21 status unpacked systemd-resolved:amd64 255.4-1ubuntu8
2024-04-24 10:47:21 install systemd-timesyncd:amd64 <none> 255.4-1ubuntu8
2024-04-24 10:47:21 status half-installed systemd-timesyncd:amd64 255.4-1ubuntu8
2024-04-24 10:47:21 status unpacked systemd-timesyncd:amd64 255.4-1ubuntu8
2024-04-24 10:47:21 install tzdata:all <none> 2024a-2ubuntu1
2024-04-24 10:47:21 status half-installed tzdata:all 2024a-2ubuntu1
2024-04-24 10:47:21 status unpacked tzdata:all 2024a-2ubuntu1
2024-04-24 10:47:21 install ubuntu-keyring:all <none> 2023.11.28.1
2024-04-24 10:47:21 status half-installed ubuntu-keyring:all 2023.11.28.1
2024-04-24 10:47:21 status unpacked ubuntu-keyring:all 2023.11.28.1
2024-04-24 10:47:21 install ubuntu-minimal:amd64 <none> 1.539
2024-04-24 10:47:21 status half-installed ubuntu-minimal:amd64 1.539
2024-04-24 10:47:21 status unpacked ubuntu-minimal:amd64 1.539
2024-04-24 10:47:21 install ubuntu-pro-client:amd64 <none> 31.2.3
2024-04-24 10:47:21 status half-installed ubuntu-pro-client:amd64 31.2.3
2024-04-24 10:47:21 status unpacked ubuntu-pro-client:amd64 31.2.3
2024-04-24 10:47:21 install ubuntu-pro-client-l10n:amd64 <none> 31.2.3
2024-04-24 10:47:21 status half-installed ubuntu-pro-client-l10n:amd64 31.2.3
2024-04-24 10:47:21 status unpacked ubuntu-pro-client-l10n:amd64 31.2.3
2024-04-24 10:47:21 install ucf:all <none> 3.0043+nmu1
2024-04-24 10:47:21 status half-installed ucf:all 3.0043+nmu1
2024-04-24 10:47:21 status unpacked ucf:all 3.0043+nmu1
2024-04-24 10:47:21 install udev:amd64 <none> 255.4-1ubuntu8
2024-04-24 10:47:21 status half-installed udev:amd64 255.4-1ubuntu8
2024-04-24 10:47:21 status unpacked udev:amd64 255.4-1ubuntu8
2024-04-24 10:47:21 install vim-common:all <none> 2:9.1.0016-1ubuntu7
2024-04-24 10:47:21 status half-installed vim-common:all 2:9.1.0016-1ubuntu7
2024-04-24 10:47:21 status unpacked vim-common:all 2:9.1.0016-1ubuntu7
2024-04-24 10:47:21 install vim-tiny:amd64 <none> 2:9.1.0016-1ubuntu7
2024-04-24 10:47:21 status half-installed vim-tiny:amd64 2:9.1.0016-1ubuntu7
2024-04-24 10:47:21 status unpacked vim-tiny:amd64 2:9.1.0016-1ubuntu7
2024-04-24 10:47:21 install whiptail:amd64 <none> 0.52.24-2ubuntu2
2024-04-24 10:47:21 status half-installed whiptail:amd64 0.52.24-2ubuntu2
2024-04-24 10:47:21 status unpacked whiptail:amd64 0.52.24-2ubuntu2
2024-04-24 10:47:21 install xdg-user-dirs:amd64 <none> 0.18-1build1
2024-04-24 10:47:21 status half-installed xdg-user-dirs:amd64 0.18-1build1
2024-04-24 10:47:21 status unpacked xdg-user-dirs:amd64 0.18-1build1
2024-04-24 10:47:21 install xkb-data:all <none> 2.41-2ubuntu1
2024-04-24 10:47:21 status half-installed xkb-data:all 2.41-2ubuntu1
2024-04-24 10:47:21 status unpacked xkb-data:all 2.41-2ubuntu1
2024-04-24 10:47:21 install xxd:amd64 <none> 2:9.1.0016-1ubuntu7
2024-04-24 10:47:21 status half-installed xxd:amd64 2:9.1.0016-1ubuntu7
2024-04-24 10:47:21 status unpacked xxd:amd64 2:9.1.0016-1ubuntu7
2024-04-24 10:47:21 trigproc libc-bin:amd64 2.39-0ubuntu8 <none>
2024-04-24 10:47:21 status half-configured libc-bin:amd64 2.39-0ubuntu8
2024-04-24 10:47:22 status installed libc-bin:amd64 2.39-0ubuntu8
2024-04-24 10:47:22 startup packages configure
2024-04-24 10:47:22 configure media-types:all 10.1.0 <none>
2024-04-24 10:47:22 status unpacked media-types:all 10.1.0
2024-04-24 10:47:22 status half-configured media-types:all 10.1.0
2024-04-24 10:47:22 status installed media-types:all 10.1.0
2024-04-24 10:47:22 configure libtext-iconv-perl:amd64 1.7-8build3 <none>
2024-04-24 10:47:22 status unpacked libtext-iconv-perl:amd64 1.7-8build3
2024-04-24 10:47:22 status half-configured libtext-iconv-perl:amd64 1.7-8build3
2024-04-24 10:47:22 status installed libtext-iconv-perl:amd64 1.7-8build3
2024-04-24 10:47:22 configure libtext-charwidth-perl:amd64 0.04-11build3 <none>
2024-04-24 10:47:22 status unpacked libtext-charwidth-perl:amd64 0.04-11build3
2024-04-24 10:47:22 status half-configured libtext-charwidth-perl:amd64 0.04-11build3
2024-04-24 10:47:22 status installed libtext-charwidth-perl:amd64 0.04-11build3
2024-04-24 10:47:22 configure libnpth0t64:amd64 1.6-3.1build1 <none>
2024-04-24 10:47:22 status triggers-pending libc-bin:amd64 2.39-0ubuntu8
2024-04-24 10:47:22 status unpacked libnpth0t64:amd64 1.6-3.1build1
2024-04-24 10:47:22 status half-configured libnpth0t64:amd64 1.6-3.1build1
2024-04-24 10:47:22 status installed libnpth0t64:amd64 1.6-3.1build1
2024-04-24 10:47:22 configure libkeyutils1:amd64 1.6.3-3build1 <none>
2024-04-24 10:47:22 status unpacked libkeyutils1:amd64 1.6.3-3build1
2024-04-24 10:47:22 status half-configured libkeyutils1:amd64 1.6.3-3build1
2024-04-24 10:47:22 status installed libkeyutils1:amd64 1.6.3-3build1
2024-04-24 10:47:22 configure libatm1t64:amd64 1:2.5.1-5.1build1 <none>
2024-04-24 10:47:22 status unpacked libatm1t64:amd64 1:2.5.1-5.1build1
2024-04-24 10:47:22 status half-configured libatm1t64:amd64 1:2.5.1-5.1build1
2024-04-24 10:47:22 status installed libatm1t64:amd64 1:2.5.1-5.1build1
2024-04-24 10:47:22 configure init:amd64 1.66ubuntu1 <none>
2024-04-24 10:47:22 status unpacked init:amd64 1.66ubuntu1
2024-04-24 10:47:22 status half-configured init:amd64 1.66ubuntu1
2024-04-24 10:47:22 status installed init:amd64 1.66ubuntu1
2024-04-24 10:47:22 configure xdg-user-dirs:amd64 0.18-1build1 <none>
2024-04-24 10:47:22 status unpacked xdg-user-dirs:amd64 0.18-1build1
2024-04-24 10:47:22 status half-configured xdg-user-dirs:amd64 0.18-1build1
2024-04-24 10:47:22 status installed xdg-user-dirs:amd64 0.18-1build1
2024-04-24 10:47:22 configure libyaml-0-2:amd64 0.2.5-1build1 <none>
2024-04-24 10:47:22 status unpacked libyaml-0-2:amd64 0.2.5-1build1
2024-04-24 10:47:22 status half-configured libyaml-0-2:amd64 0.2.5-1build1
2024-04-24 10:47:22 status installed libyaml-0-2:amd64 0.2.5-1build1
2024-04-24 10:47:22 configure distro-info-data:all 0.60 <none>
2024-04-24 10:47:22 status unpacked distro-info-data:all 0.60
2024-04-24 10:47:22 status half-configured distro-info-data:all 0.60
2024-04-24 10:47:22 status installed distro-info-data:all 0.60
2024-04-24 10:47:22 configure libestr0:amd64 0.1.11-1build1 <none>
2024-04-24 10:47:22 status unpacked libestr0:amd64 0.1.11-1build1
2024-04-24 10:47:22 status half-configured libestr0:amd64 0.1.11-1build1
2024-04-24 10:47:22 status installed libestr0:amd64 0.1.11-1build1
2024-04-24 10:47:22 configure libfastjson4:amd64 1.2304.0-1build1 <none>
2024-04-24 10:47:22 status unpacked libfastjson4:amd64 1.2304.0-1build1
2024-04-24 10:47:22 status half-configured libfastjson4:amd64 1.2304.0-1build1
2024-04-24 10:47:22 status installed libfastjson4:amd64 1.2304.0-1build1
2024-04-24 10:47:22 configure libtirpc-common:all 1.3.4+ds-1.1build1 <none>
2024-04-24 10:47:22 status unpacked libtirpc-common:all 1.3.4+ds-1.1build1
2024-04-24 10:47:22 status half-configured libtirpc-common:all 1.3.4+ds-1.1build1
2024-04-24 10:47:22 status installed libtirpc-common:all 1.3.4+ds-1.1build1
2024-04-24 10:47:22 configure libsqlite3-0:amd64 3.45.1-1ubuntu2 <none>
2024-04-24 10:47:22 status unpacked libsqlite3-0:amd64 3.45.1-1ubuntu2
2024-04-24 10:47:22 status half-configured libsqlite3-0:amd64 3.45.1-1ubuntu2
2024-04-24 10:47:22 status installed libsqlite3-0:amd64 3.45.1-1ubuntu2
2024-04-24 10:47:22 configure cron:amd64 3.0pl1-184ubuntu2 <none>
2024-04-24 10:47:22 status unpacked cron:amd64 3.0pl1-184ubuntu2
2024-04-24 10:47:22 status half-configured cron:amd64 3.0pl1-184ubuntu2
2024-04-24 10:47:22 status installed cron:amd64 3.0pl1-184ubuntu2
2024-04-24 10:47:22 configure less:amd64 590-2ubuntu2 <none>
2024-04-24 10:47:22 status unpacked less:amd64 590-2ubuntu2
2024-04-24 10:47:22 status half-configured less:amd64 590-2ubuntu2
2024-04-24 10:47:22 status installed less:amd64 590-2ubuntu2
2024-04-24 10:47:22 configure libnss-systemd:amd64 255.4-1ubuntu8 <none>
2024-04-24 10:47:22 status unpacked libnss-systemd:amd64 255.4-1ubuntu8
2024-04-24 10:47:22 status half-configured libnss-systemd:amd64 255.4-1ubuntu8
2024-04-24 10:47:22 status installed libnss-systemd:amd64 255.4-1ubuntu8
2024-04-24 10:47:22 configure xkb-data:all 2.41-2ubuntu1 <none>
2024-04-24 10:47:22 status unpacked xkb-data:all 2.41-2ubuntu1
2024-04-24 10:47:22 status half-configured xkb-data:all 2.41-2ubuntu1
2024-04-24 10:47:22 status installed xkb-data:all 2.41-2ubuntu1
2024-04-24 10:47:22 configure krb5-locales:all 1.20.1-6ubuntu2 <none>
2024-04-24 10:47:22 status unpacked krb5-locales:all 1.20.1-6ubuntu2
2024-04-24 10:47:22 status half-configured krb5-locales:all 1.20.1-6ubuntu2
2024-04-24 10:47:22 status installed krb5-locales:all 1.20.1-6ubuntu2
2024-04-24 10:47:22 configure kmod:amd64 31+20240202-2ubuntu7 <none>
2024-04-24 10:47:22 status unpacked kmod:amd64 31+20240202-2ubuntu7
2024-04-24 10:47:22 status half-configured kmod:amd64 31+20240202-2ubuntu7
2024-04-24 10:47:22 status installed kmod:amd64 31+20240202-2ubuntu7
2024-04-24 10:47:22 configure libassuan0:amd64 2.5.6-1build1 <none>
2024-04-24 10:47:22 status unpacked libassuan0:amd64 2.5.6-1build1
2024-04-24 10:47:22 status half-configured libassuan0:amd64 2.5.6-1build1
2024-04-24 10:47:22 status installed libassuan0:amd64 2.5.6-1build1
2024-04-24 10:47:22 configure locales:all 2.39-0ubuntu8 <none>
2024-04-24 10:47:22 status unpacked locales:all 2.39-0ubuntu8
2024-04-24 10:47:22 status half-configured locales:all 2.39-0ubuntu8
2024-04-24 10:47:22 status installed locales:all 2.39-0ubuntu8
2024-04-24 10:47:22 configure ubuntu-keyring:all 2023.11.28.1 <none>
2024-04-24 10:47:22 status unpacked ubuntu-keyring:all 2023.11.28.1
2024-04-24 10:47:22 status half-configured ubuntu-keyring:all 2023.11.28.1
2024-04-24 10:47:22 status installed ubuntu-keyring:all 2023.11.28.1
2024-04-24 10:47:22 configure libtext-wrapi18n-perl:all 0.06-10 <none>
2024-04-24 10:47:22 status unpacked libtext-wrapi18n-perl:all 0.06-10
2024-04-24 10:47:22 status half-configured libtext-wrapi18n-perl:all 0.06-10
2024-04-24 10:47:22 status installed libtext-wrapi18n-perl:all 0.06-10
2024-04-24 10:47:22 configure xxd:amd64 2:9.1.0016-1ubuntu7 <none>
2024-04-24 10:47:22 status unpacked xxd:amd64 2:9.1.0016-1ubuntu7
2024-04-24 10:47:22 status half-configured xxd:amd64 2:9.1.0016-1ubuntu7
2024-04-24 10:47:22 status installed xxd:amd64 2:9.1.0016-1ubuntu7
2024-04-24 10:47:22 configure libelf1t64:amd64 0.190-1.1build4 <none>
2024-04-24 10:47:22 status unpacked libelf1t64:amd64 0.190-1.1build4
2024-04-24 10:47:22 status half-configured libelf1t64:amd64 0.190-1.1build4
2024-04-24 10:47:22 status installed libelf1t64:amd64 0.190-1.1build4
2024-04-24 10:47:22 configure libkrb5support0:amd64 1.20.1-6ubuntu2 <none>
2024-04-24 10:47:22 status unpacked libkrb5support0:amd64 1.20.1-6ubuntu2
2024-04-24 10:47:22 status half-configured libkrb5support0:amd64 1.20.1-6ubuntu2
2024-04-24 10:47:22 status installed libkrb5support0:amd64 1.20.1-6ubuntu2
2024-04-24 10:47:22 configure tzdata:all 2024a-2ubuntu1 <none>
2024-04-24 10:47:22 status unpacked tzdata:all 2024a-2ubuntu1
2024-04-24 10:47:22 status half-configured tzdata:all 2024a-2ubuntu1
2024-04-24 10:47:22 status installed tzdata:all 2024a-2ubuntu1
2024-04-24 10:47:22 configure libcap2-bin:amd64 1:2.66-5ubuntu2 <none>
2024-04-24 10:47:22 status unpacked libcap2-bin:amd64 1:2.66-5ubuntu2
2024-04-24 10:47:22 status half-configured libcap2-bin:amd64 1:2.66-5ubuntu2
2024-04-24 10:47:22 status installed libcap2-bin:amd64 1:2.66-5ubuntu2
2024-04-24 10:47:22 configure eject:amd64 2.39.3-9ubuntu6 <none>
2024-04-24 10:47:22 status unpacked eject:amd64 2.39.3-9ubuntu6
2024-04-24 10:47:22 status half-configured eject:amd64 2.39.3-9ubuntu6
2024-04-24 10:47:22 status installed eject:amd64 2.39.3-9ubuntu6
2024-04-24 10:47:22 configure libnettle8t64:amd64 3.9.1-2.2build1 <none>
2024-04-24 10:47:22 status unpacked libnettle8t64:amd64 3.9.1-2.2build1
2024-04-24 10:47:22 status half-configured libnettle8t64:amd64 3.9.1-2.2build1
2024-04-24 10:47:22 status installed libnettle8t64:amd64 3.9.1-2.2build1
2024-04-24 10:47:22 configure libglib2.0-data:all 2.80.0-6ubuntu1 <none>
2024-04-24 10:47:22 status unpacked libglib2.0-data:all 2.80.0-6ubuntu1
2024-04-24 10:47:22 status half-configured libglib2.0-data:all 2.80.0-6ubuntu1
2024-04-24 10:47:22 status installed libglib2.0-data:all 2.80.0-6ubuntu1
2024-04-24 10:47:22 configure vim-common:all 2:9.1.0016-1ubuntu7 <none>
2024-04-24 10:47:22 status unpacked vim-common:all 2:9.1.0016-1ubuntu7
2024-04-24 10:47:22 status half-configured vim-common:all 2:9.1.0016-1ubuntu7
2024-04-24 10:47:22 status installed vim-common:all 2:9.1.0016-1ubuntu7
2024-04-24 10:47:22 configure libslang2:amd64 2.3.3-3build2 <none>
2024-04-24 10:47:22 status unpacked libslang2:amd64 2.3.3-3build2
2024-04-24 10:47:22 status half-configured libslang2:amd64 2.3.3-3build2
2024-04-24 10:47:22 status installed libslang2:amd64 2.3.3-3build2
2024-04-24 10:47:22 configure libdbus-1-3:amd64 1.14.10-4ubuntu4 <none>
2024-04-24 10:47:22 status unpacked libdbus-1-3:amd64 1.14.10-4ubuntu4
2024-04-24 10:47:22 status half-configured libdbus-1-3:amd64 1.14.10-4ubuntu4
2024-04-24 10:47:22 status installed libdbus-1-3:amd64 1.14.10-4ubuntu4
2024-04-24 10:47:22 configure libfribidi0:amd64 1.0.13-3build1 <none>
2024-04-24 10:47:22 status unpacked libfribidi0:amd64 1.0.13-3build1
2024-04-24 10:47:22 status half-configured libfribidi0:amd64 1.0.13-3build1
2024-04-24 10:47:22 status installed libfribidi0:amd64 1.0.13-3build1
2024-04-24 10:47:22 configure libunistring5:amd64 1.1-2build1 <none>
2024-04-24 10:47:22 status unpacked libunistring5:amd64 1.1-2build1
2024-04-24 10:47:22 status half-configured libunistring5:amd64 1.1-2build1
2024-04-24 10:47:22 status installed libunistring5:amd64 1.1-2build1
2024-04-24 10:47:22 configure libmnl0:amd64 1.0.5-2build1 <none>
2024-04-24 10:47:22 status unpacked libmnl0:amd64 1.0.5-2build1
2024-04-24 10:47:22 status half-configured libmnl0:amd64 1.0.5-2build1
2024-04-24 10:47:22 status installed libmnl0:amd64 1.0.5-2build1
2024-04-24 10:47:22 configure systemd-timesyncd:amd64 255.4-1ubuntu8 <none>
2024-04-24 10:47:22 status unpacked systemd-timesyncd:amd64 255.4-1ubuntu8
2024-04-24 10:47:22 status half-configured systemd-timesyncd:amd64 255.4-1ubuntu8
2024-04-24 10:47:22 status installed systemd-timesyncd:amd64 255.4-1ubuntu8
2024-04-24 10:47:22 configure udev:amd64 255.4-1ubuntu8 <none>
2024-04-24 10:47:22 status unpacked udev:amd64 255.4-1ubuntu8
2024-04-24 10:47:22 status half-configured udev:amd64 255.4-1ubuntu8
2024-04-24 10:47:23 status installed udev:amd64 255.4-1ubuntu8
2024-04-24 10:47:23 configure sudo:amd64 1.9.15p5-3ubuntu5 <none>
2024-04-24 10:47:23 status unpacked sudo:amd64 1.9.15p5-3ubuntu5
2024-04-24 10:47:23 status half-configured sudo:amd64 1.9.15p5-3ubuntu5
2024-04-24 10:47:23 status installed sudo:amd64 1.9.15p5-3ubuntu5
2024-04-24 10:47:23 configure dhcpcd-base:amd64 1:10.0.6-1ubuntu3 <none>
2024-04-24 10:47:23 status unpacked dhcpcd-base:amd64 1:10.0.6-1ubuntu3
2024-04-24 10:47:23 status half-configured dhcpcd-base:amd64 1:10.0.6-1ubuntu3
2024-04-24 10:47:23 status installed dhcpcd-base:amd64 1:10.0.6-1ubuntu3
2024-04-24 10:47:23 configure ucf:all 3.0043+nmu1 <none>
2024-04-24 10:47:23 status unpacked ucf:all 3.0043+nmu1
2024-04-24 10:47:23 status half-configured ucf:all 3.0043+nmu1
2024-04-24 10:47:23 status installed ucf:all 3.0043+nmu1
2024-04-24 10:47:23 configure libk5crypto3:amd64 1.20.1-6ubuntu2 <none>
2024-04-24 10:47:23 status unpacked libk5crypto3:amd64 1.20.1-6ubuntu2
2024-04-24 10:47:23 status half-configured libk5crypto3:amd64 1.20.1-6ubuntu2
2024-04-24 10:47:23 status installed libk5crypto3:amd64 1.20.1-6ubuntu2
2024-04-24 10:47:23 configure libxtables12:amd64 1.8.10-3ubuntu2 <none>
2024-04-24 10:47:23 status unpacked libxtables12:amd64 1.8.10-3ubuntu2
2024-04-24 10:47:23 status half-configured libxtables12:amd64 1.8.10-3ubuntu2
2024-04-24 10:47:23 status installed libxtables12:amd64 1.8.10-3ubuntu2
2024-04-24 10:47:23 configure systemd-hwe-hwdb:all 255.1.3 <none>
2024-04-24 10:47:23 status unpacked systemd-hwe-hwdb:all 255.1.3
2024-04-24 10:47:23 status half-configured systemd-hwe-hwdb:all 255.1.3
2024-04-24 10:47:23 status installed systemd-hwe-hwdb:all 255.1.3
2024-04-24 10:47:23 configure libdb5.3t64:amd64 5.3.28+dfsg2-7 <none>
2024-04-24 10:47:23 status unpacked libdb5.3t64:amd64 5.3.28+dfsg2-7
2024-04-24 10:47:23 status half-configured libdb5.3t64:amd64 5.3.28+dfsg2-7
2024-04-24 10:47:23 status installed libdb5.3t64:amd64 5.3.28+dfsg2-7
2024-04-24 10:47:23 configure libffi8:amd64 3.4.6-1build1 <none>
2024-04-24 10:47:23 status unpacked libffi8:amd64 3.4.6-1build1
2024-04-24 10:47:23 status half-configured libffi8:amd64 3.4.6-1build1
2024-04-24 10:47:23 status installed libffi8:amd64 3.4.6-1build1
2024-04-24 10:47:23 configure python-apt-common:all 2.7.7ubuntu1 <none>
2024-04-24 10:47:23 status unpacked python-apt-common:all 2.7.7ubuntu1
2024-04-24 10:47:23 status half-configured python-apt-common:all 2.7.7ubuntu1
2024-04-24 10:47:23 status installed python-apt-common:all 2.7.7ubuntu1
2024-04-24 10:47:23 configure libhogweed6t64:amd64 3.9.1-2.2build1 <none>
2024-04-24 10:47:23 status unpacked libhogweed6t64:amd64 3.9.1-2.2build1
2024-04-24 10:47:23 status half-configured libhogweed6t64:amd64 3.9.1-2.2build1
2024-04-24 10:47:23 status installed libhogweed6t64:amd64 3.9.1-2.2build1
2024-04-24 10:47:23 configure dmsetup:amd64 2:1.02.185-3ubuntu3 <none>
2024-04-24 10:47:23 status unpacked dmsetup:amd64 2:1.02.185-3ubuntu3
2024-04-24 10:47:23 status half-configured dmsetup:amd64 2:1.02.185-3ubuntu3
2024-04-24 10:47:23 status installed dmsetup:amd64 2:1.02.185-3ubuntu3
2024-04-24 10:47:23 configure gpgv:amd64 2.4.4-2ubuntu17 <none>
2024-04-24 10:47:23 status unpacked gpgv:amd64 2.4.4-2ubuntu17
2024-04-24 10:47:23 status half-configured gpgv:amd64 2.4.4-2ubuntu17
2024-04-24 10:47:23 status installed gpgv:amd64 2.4.4-2ubuntu17
2024-04-24 10:47:23 configure dbus-session-bus-common:all 1.14.10-4ubuntu4 <none>
2024-04-24 10:47:23 status unpacked dbus-session-bus-common:all 1.14.10-4ubuntu4
2024-04-24 10:47:23 status half-configured dbus-session-bus-common:all 1.14.10-4ubuntu4
2024-04-24 10:47:23 status installed dbus-session-bus-common:all 1.14.10-4ubuntu4
2024-04-24 10:47:23 configure libxxhash0:amd64 0.8.2-2build1 <none>
2024-04-24 10:47:23 status unpacked libxxhash0:amd64 0.8.2-2build1
2024-04-24 10:47:23 status half-configured libxxhash0:amd64 0.8.2-2build1
2024-04-24 10:47:23 status installed libxxhash0:amd64 0.8.2-2build1
2024-04-24 10:47:23 configure libtasn1-6:amd64 4.19.0-3build1 <none>
2024-04-24 10:47:23 status unpacked libtasn1-6:amd64 4.19.0-3build1
2024-04-24 10:47:23 status half-configured libtasn1-6:amd64 4.19.0-3build1
2024-04-24 10:47:23 status installed libtasn1-6:amd64 4.19.0-3build1
2024-04-24 10:47:23 configure netbase:all 6.4 <none>
2024-04-24 10:47:23 status unpacked netbase:all 6.4
2024-04-24 10:47:23 status half-configured netbase:all 6.4
2024-04-24 10:47:23 status installed netbase:all 6.4
2024-04-24 10:47:23 configure libkrb5-3:amd64 1.20.1-6ubuntu2 <none>
2024-04-24 10:47:23 status unpacked libkrb5-3:amd64 1.20.1-6ubuntu2
2024-04-24 10:47:23 status half-configured libkrb5-3:amd64 1.20.1-6ubuntu2
2024-04-24 10:47:23 status installed libkrb5-3:amd64 1.20.1-6ubuntu2
2024-04-24 10:47:23 configure lsb-release:all 12.0-2 <none>
2024-04-24 10:47:23 status unpacked lsb-release:all 12.0-2
2024-04-24 10:47:23 status half-configured lsb-release:all 12.0-2
2024-04-24 10:47:23 status installed lsb-release:all 12.0-2
2024-04-24 10:47:23 configure dbus-system-bus-common:all 1.14.10-4ubuntu4 <none>
2024-04-24 10:47:23 status unpacked dbus-system-bus-common:all 1.14.10-4ubuntu4
2024-04-24 10:47:23 status half-configured dbus-system-bus-common:all 1.14.10-4ubuntu4
2024-04-24 10:47:23 status installed dbus-system-bus-common:all 1.14.10-4ubuntu4
2024-04-24 10:47:23 configure openssl:amd64 3.0.13-0ubuntu3 <none>
2024-04-24 10:47:23 status unpacked openssl:amd64 3.0.13-0ubuntu3
2024-04-24 10:47:23 status half-configured openssl:amd64 3.0.13-0ubuntu3
2024-04-24 10:47:23 status installed openssl:amd64 3.0.13-0ubuntu3
2024-04-24 10:47:23 configure libbsd0:amd64 0.12.1-1build1 <none>
2024-04-24 10:47:23 status unpacked libbsd0:amd64 0.12.1-1build1
2024-04-24 10:47:23 status half-configured libbsd0:amd64 0.12.1-1build1
2024-04-24 10:47:23 status installed libbsd0:amd64 0.12.1-1build1
2024-04-24 10:47:23 configure libpam-cap:amd64 1:2.66-5ubuntu2 <none>
2024-04-24 10:47:23 status unpacked libpam-cap:amd64 1:2.66-5ubuntu2
2024-04-24 10:47:23 status half-configured libpam-cap:amd64 1:2.66-5ubuntu2
2024-04-24 10:47:23 status installed libpam-cap:amd64 1:2.66-5ubuntu2
2024-04-24 10:47:23 configure readline-common:all 8.2-4build1 <none>
2024-04-24 10:47:23 status unpacked readline-common:all 8.2-4build1
2024-04-24 10:47:23 status half-configured readline-common:all 8.2-4build1
2024-04-24 10:47:23 status installed readline-common:all 8.2-4build1
2024-04-24 10:47:24 configure iso-codes:all 4.16.0-1 <none>
2024-04-24 10:47:24 status unpacked iso-codes:all 4.16.0-1
2024-04-24 10:47:24 status half-configured iso-codes:all 4.16.0-1
2024-04-24 10:47:24 status installed iso-codes:all 4.16.0-1
2024-04-24 10:47:24 configure libstdc++6:amd64 14-20240412-0ubuntu1 <none>
2024-04-24 10:47:24 status unpacked libstdc++6:amd64 14-20240412-0ubuntu1
2024-04-24 10:47:24 status half-configured libstdc++6:amd64 14-20240412-0ubuntu1
2024-04-24 10:47:24 status installed libstdc++6:amd64 14-20240412-0ubuntu1
2024-04-24 10:47:24 configure dbus-bin:amd64 1.14.10-4ubuntu4 <none>
2024-04-24 10:47:24 status unpacked dbus-bin:amd64 1.14.10-4ubuntu4
2024-04-24 10:47:24 status half-configured dbus-bin:amd64 1.14.10-4ubuntu4
2024-04-24 10:47:24 status installed dbus-bin:amd64 1.14.10-4ubuntu4
2024-04-24 10:47:24 configure liblocale-gettext-perl:amd64 1.07-6ubuntu5 <none>
2024-04-24 10:47:24 status unpacked liblocale-gettext-perl:amd64 1.07-6ubuntu5
2024-04-24 10:47:24 status half-configured liblocale-gettext-perl:amd64 1.07-6ubuntu5
2024-04-24 10:47:24 status installed liblocale-gettext-perl:amd64 1.07-6ubuntu5
2024-04-24 10:47:24 configure libbpf1:amd64 1:1.3.0-2build2 <none>
2024-04-24 10:47:24 status unpacked libbpf1:amd64 1:1.3.0-2build2
2024-04-24 10:47:24 status half-configured libbpf1:amd64 1:1.3.0-2build2
2024-04-24 10:47:24 status installed libbpf1:amd64 1:1.3.0-2build2
2024-04-24 10:47:24 configure libpopt0:amd64 1.19+dfsg-1build1 <none>
2024-04-24 10:47:24 status unpacked libpopt0:amd64 1.19+dfsg-1build1
2024-04-24 10:47:24 status half-configured libpopt0:amd64 1.19+dfsg-1build1
2024-04-24 10:47:24 status installed libpopt0:amd64 1.19+dfsg-1build1
2024-04-24 10:47:24 configure logrotate:amd64 3.21.0-2build1 <none>
2024-04-24 10:47:24 status unpacked logrotate:amd64 3.21.0-2build1
2024-04-24 10:47:24 status half-configured logrotate:amd64 3.21.0-2build1
2024-04-24 10:47:24 status installed logrotate:amd64 3.21.0-2build1
2024-04-24 10:47:24 configure distro-info:amd64 1.7build1 <none>
2024-04-24 10:47:24 status unpacked distro-info:amd64 1.7build1
2024-04-24 10:47:24 status half-configured distro-info:amd64 1.7build1
2024-04-24 10:47:24 status installed distro-info:amd64 1.7build1
2024-04-24 10:47:24 configure libnewt0.52:amd64 0.52.24-2ubuntu2 <none>
2024-04-24 10:47:24 status unpacked libnewt0.52:amd64 0.52.24-2ubuntu2
2024-04-24 10:47:24 status half-configured libnewt0.52:amd64 0.52.24-2ubuntu2
2024-04-24 10:47:24 status installed libnewt0.52:amd64 0.52.24-2ubuntu2
2024-04-24 10:47:24 configure rsyslog:amd64 8.2312.0-3ubuntu9 <none>
2024-04-24 10:47:24 status unpacked rsyslog:amd64 8.2312.0-3ubuntu9
2024-04-24 10:47:24 status half-configured rsyslog:amd64 8.2312.0-3ubuntu9
2024-04-24 10:47:24 status installed rsyslog:amd64 8.2312.0-3ubuntu9
2024-04-24 10:47:24 configure netcat-openbsd:amd64 1.226-1ubuntu2 <none>
2024-04-24 10:47:24 status unpacked netcat-openbsd:amd64 1.226-1ubuntu2
2024-04-24 10:47:24 status half-configured netcat-openbsd:amd64 1.226-1ubuntu2
2024-04-24 10:47:24 status installed netcat-openbsd:amd64 1.226-1ubuntu2
2024-04-24 10:47:24 configure debconf-i18n:all 1.5.86ubuntu1 <none>
2024-04-24 10:47:24 status unpacked debconf-i18n:all 1.5.86ubuntu1
2024-04-24 10:47:24 status half-configured debconf-i18n:all 1.5.86ubuntu1
2024-04-24 10:47:24 status installed debconf-i18n:all 1.5.86ubuntu1
2024-04-24 10:47:24 configure libidn2-0:amd64 2.3.7-2build1 <none>
2024-04-24 10:47:24 status unpacked libidn2-0:amd64 2.3.7-2build1
2024-04-24 10:47:24 status half-configured libidn2-0:amd64 2.3.7-2build1
2024-04-24 10:47:24 status installed libidn2-0:amd64 2.3.7-2build1
2024-04-24 10:47:24 configure dbus-daemon:amd64 1.14.10-4ubuntu4 <none>
2024-04-24 10:47:24 status unpacked dbus-daemon:amd64 1.14.10-4ubuntu4
2024-04-24 10:47:24 status half-configured dbus-daemon:amd64 1.14.10-4ubuntu4
2024-04-24 10:47:24 status installed dbus-daemon:amd64 1.14.10-4ubuntu4
2024-04-24 10:47:24 configure vim-tiny:amd64 2:9.1.0016-1ubuntu7 <none>
2024-04-24 10:47:24 status unpacked vim-tiny:amd64 2:9.1.0016-1ubuntu7
2024-04-24 10:47:24 status half-configured vim-tiny:amd64 2:9.1.0016-1ubuntu7
2024-04-24 10:47:24 status installed vim-tiny:amd64 2:9.1.0016-1ubuntu7
2024-04-24 10:47:24 configure ca-certificates:all 20240203 <none>
2024-04-24 10:47:24 status unpacked ca-certificates:all 20240203
2024-04-24 10:47:24 status half-configured ca-certificates:all 20240203
2024-04-24 10:47:25 status installed ca-certificates:all 20240203
2024-04-24 10:47:25 status triggers-pending ca-certificates:all 20240203
2024-04-24 10:47:25 configure libglib2.0-0t64:amd64 2.80.0-6ubuntu1 <none>
2024-04-24 10:47:25 status unpacked libglib2.0-0t64:amd64 2.80.0-6ubuntu1
2024-04-24 10:47:25 status half-configured libglib2.0-0t64:amd64 2.80.0-6ubuntu1
2024-04-24 10:47:25 status installed libglib2.0-0t64:amd64 2.80.0-6ubuntu1
2024-04-24 10:47:25 configure dbus:amd64 1.14.10-4ubuntu4 <none>
2024-04-24 10:47:25 status unpacked dbus:amd64 1.14.10-4ubuntu4
2024-04-24 10:47:25 status half-configured dbus:amd64 1.14.10-4ubuntu4
2024-04-24 10:47:25 status installed dbus:amd64 1.14.10-4ubuntu4
2024-04-24 10:47:25 configure libp11-kit0:amd64 0.25.3-4ubuntu2 <none>
2024-04-24 10:47:25 status unpacked libp11-kit0:amd64 0.25.3-4ubuntu2
2024-04-24 10:47:25 status half-configured libp11-kit0:amd64 0.25.3-4ubuntu2
2024-04-24 10:47:25 status installed libp11-kit0:amd64 0.25.3-4ubuntu2
2024-04-24 10:47:25 configure libgssapi-krb5-2:amd64 1.20.1-6ubuntu2 <none>
2024-04-24 10:47:25 status unpacked libgssapi-krb5-2:amd64 1.20.1-6ubuntu2
2024-04-24 10:47:25 status half-configured libgssapi-krb5-2:amd64 1.20.1-6ubuntu2
2024-04-24 10:47:25 status installed libgssapi-krb5-2:amd64 1.20.1-6ubuntu2
2024-04-24 10:47:25 configure gir1.2-glib-2.0:amd64 2.80.0-6ubuntu1 <none>
2024-04-24 10:47:25 status unpacked gir1.2-glib-2.0:amd64 2.80.0-6ubuntu1
2024-04-24 10:47:25 status half-configured gir1.2-glib-2.0:amd64 2.80.0-6ubuntu1
2024-04-24 10:47:25 status installed gir1.2-glib-2.0:amd64 2.80.0-6ubuntu1
2024-04-24 10:47:25 configure libreadline8t64:amd64 8.2-4build1 <none>
2024-04-24 10:47:25 status unpacked libreadline8t64:amd64 8.2-4build1
2024-04-24 10:47:25 status half-configured libreadline8t64:amd64 8.2-4build1
2024-04-24 10:47:25 status installed libreadline8t64:amd64 8.2-4build1
2024-04-24 10:47:25 configure libicu74:amd64 74.2-1ubuntu3 <none>
2024-04-24 10:47:25 status unpacked libicu74:amd64 74.2-1ubuntu3
2024-04-24 10:47:25 status half-configured libicu74:amd64 74.2-1ubuntu3
2024-04-24 10:47:25 status installed libicu74:amd64 74.2-1ubuntu3
2024-04-24 10:47:25 configure whiptail:amd64 0.52.24-2ubuntu2 <none>
2024-04-24 10:47:25 status unpacked whiptail:amd64 0.52.24-2ubuntu2
2024-04-24 10:47:25 status half-configured whiptail:amd64 0.52.24-2ubuntu2
2024-04-24 10:47:25 status installed whiptail:amd64 0.52.24-2ubuntu2
2024-04-24 10:47:25 configure libpam-systemd:amd64 255.4-1ubuntu8 <none>
2024-04-24 10:47:25 status unpacked libpam-systemd:amd64 255.4-1ubuntu8
2024-04-24 10:47:25 status half-configured libpam-systemd:amd64 255.4-1ubuntu8
2024-04-24 10:47:25 status installed libpam-systemd:amd64 255.4-1ubuntu8
2024-04-24 10:47:25 configure libgirepository-1.0-1:amd64 1.80.1-1 <none>
2024-04-24 10:47:25 status unpacked libgirepository-1.0-1:amd64 1.80.1-1
2024-04-24 10:47:25 status half-configured libgirepository-1.0-1:amd64 1.80.1-1
2024-04-24 10:47:25 status installed libgirepository-1.0-1:amd64 1.80.1-1
2024-04-24 10:47:25 configure keyboard-configuration:all 1.226ubuntu1 <none>
2024-04-24 10:47:25 status unpacked keyboard-configuration:all 1.226ubuntu1
2024-04-24 10:47:25 status half-configured keyboard-configuration:all 1.226ubuntu1
2024-04-24 10:47:26 status installed keyboard-configuration:all 1.226ubuntu1
2024-04-24 10:47:26 configure libapt-pkg6.0t64:amd64 2.7.14build2 <none>
2024-04-24 10:47:26 status unpacked libapt-pkg6.0t64:amd64 2.7.14build2
2024-04-24 10:47:26 status half-configured libapt-pkg6.0t64:amd64 2.7.14build2
2024-04-24 10:47:26 status installed libapt-pkg6.0t64:amd64 2.7.14build2
2024-04-24 10:47:26 configure iputils-ping:amd64 3:20240117-1build1 <none>
2024-04-24 10:47:26 status unpacked iputils-ping:amd64 3:20240117-1build1
2024-04-24 10:47:26 status half-configured iputils-ping:amd64 3:20240117-1build1
2024-04-24 10:47:26 status installed iputils-ping:amd64 3:20240117-1build1
2024-04-24 10:47:26 configure libxml2:amd64 2.9.14+dfsg-1.3ubuntu3 <none>
2024-04-24 10:47:26 status unpacked libxml2:amd64 2.9.14+dfsg-1.3ubuntu3
2024-04-24 10:47:26 status half-configured libxml2:amd64 2.9.14+dfsg-1.3ubuntu3
2024-04-24 10:47:26 status installed libxml2:amd64 2.9.14+dfsg-1.3ubuntu3
2024-04-24 10:47:26 configure systemd-resolved:amd64 255.4-1ubuntu8 <none>
2024-04-24 10:47:26 status unpacked systemd-resolved:amd64 255.4-1ubuntu8
2024-04-24 10:47:26 status half-configured systemd-resolved:amd64 255.4-1ubuntu8
2024-04-24 10:47:26 status installed systemd-resolved:amd64 255.4-1ubuntu8
2024-04-24 10:47:26 configure libgnutls30t64:amd64 3.8.3-1.1ubuntu3 <none>
2024-04-24 10:47:26 status unpacked libgnutls30t64:amd64 3.8.3-1.1ubuntu3
2024-04-24 10:47:26 status half-configured libgnutls30t64:amd64 3.8.3-1.1ubuntu3
2024-04-24 10:47:26 status installed libgnutls30t64:amd64 3.8.3-1.1ubuntu3
2024-04-24 10:47:26 configure apt:amd64 2.7.14build2 <none>
2024-04-24 10:47:26 status unpacked apt:amd64 2.7.14build2
2024-04-24 10:47:26 status half-configured apt:amd64 2.7.14build2
2024-04-24 10:47:26 status installed apt:amd64 2.7.14build2
2024-04-24 10:47:26 configure apt-utils:amd64 2.7.14build2 <none>
2024-04-24 10:47:26 status unpacked apt-utils:amd64 2.7.14build2
2024-04-24 10:47:26 status half-configured apt-utils:amd64 2.7.14build2
2024-04-24 10:47:26 status installed apt-utils:amd64 2.7.14build2
2024-04-24 10:47:26 configure libpython3.12-stdlib:amd64 3.12.3-1 <none>
2024-04-24 10:47:26 status unpacked libpython3.12-stdlib:amd64 3.12.3-1
2024-04-24 10:47:26 status half-configured libpython3.12-stdlib:amd64 3.12.3-1
2024-04-24 10:47:26 status installed libpython3.12-stdlib:amd64 3.12.3-1
2024-04-24 10:47:26 configure libtirpc3t64:amd64 1.3.4+ds-1.1build1 <none>
2024-04-24 10:47:26 status unpacked libtirpc3t64:amd64 1.3.4+ds-1.1build1
2024-04-24 10:47:26 status half-configured libtirpc3t64:amd64 1.3.4+ds-1.1build1
2024-04-24 10:47:26 status installed libtirpc3t64:amd64 1.3.4+ds-1.1build1
2024-04-24 10:47:26 configure iproute2:amd64 6.1.0-1ubuntu6 <none>
2024-04-24 10:47:26 status unpacked iproute2:amd64 6.1.0-1ubuntu6
2024-04-24 10:47:26 status half-configured iproute2:amd64 6.1.0-1ubuntu6
2024-04-24 10:47:26 status installed iproute2:amd64 6.1.0-1ubuntu6
2024-04-24 10:47:26 configure python3.12:amd64 3.12.3-1 <none>
2024-04-24 10:47:26 status unpacked python3.12:amd64 3.12.3-1
2024-04-24 10:47:26 status half-configured python3.12:amd64 3.12.3-1
2024-04-24 10:47:27 status installed python3.12:amd64 3.12.3-1
2024-04-24 10:47:27 configure libnetplan1:amd64 1.0-2ubuntu1 <none>
2024-04-24 10:47:27 status unpacked libnetplan1:amd64 1.0-2ubuntu1
2024-04-24 10:47:27 status half-configured libnetplan1:amd64 1.0-2ubuntu1
2024-04-24 10:47:27 status installed libnetplan1:amd64 1.0-2ubuntu1
2024-04-24 10:47:27 configure dbus-user-session:amd64 1.14.10-4ubuntu4 <none>
2024-04-24 10:47:27 status unpacked dbus-user-session:amd64 1.14.10-4ubuntu4
2024-04-24 10:47:27 status half-configured dbus-user-session:amd64 1.14.10-4ubuntu4
2024-04-24 10:47:27 status installed dbus-user-session:amd64 1.14.10-4ubuntu4
2024-04-24 10:47:27 configure gir1.2-girepository-2.0:amd64 1.80.1-1 <none>
2024-04-24 10:47:27 status unpacked gir1.2-girepository-2.0:amd64 1.80.1-1
2024-04-24 10:47:27 status half-configured gir1.2-girepository-2.0:amd64 1.80.1-1
2024-04-24 10:47:27 status installed gir1.2-girepository-2.0:amd64 1.80.1-1
2024-04-24 10:47:27 configure shared-mime-info:amd64 2.4-4 <none>
2024-04-24 10:47:27 status unpacked shared-mime-info:amd64 2.4-4
2024-04-24 10:47:27 status half-configured shared-mime-info:amd64 2.4-4
2024-04-24 10:47:28 status installed shared-mime-info:amd64 2.4-4
2024-04-24 10:47:28 configure netplan-generator:amd64 1.0-2ubuntu1 <none>
2024-04-24 10:47:28 status unpacked netplan-generator:amd64 1.0-2ubuntu1
2024-04-24 10:47:28 status half-configured netplan-generator:amd64 1.0-2ubuntu1
2024-04-24 10:47:28 status installed netplan-generator:amd64 1.0-2ubuntu1
2024-04-24 10:47:28 configure libpython3-stdlib:amd64 3.12.3-0ubuntu1 <none>
2024-04-24 10:47:28 status unpacked libpython3-stdlib:amd64 3.12.3-0ubuntu1
2024-04-24 10:47:28 status half-configured libpython3-stdlib:amd64 3.12.3-0ubuntu1
2024-04-24 10:47:28 status installed libpython3-stdlib:amd64 3.12.3-0ubuntu1
2024-04-24 10:47:28 configure python3:amd64 3.12.3-0ubuntu1 <none>
2024-04-24 10:47:28 status unpacked python3:amd64 3.12.3-0ubuntu1
2024-04-24 10:47:28 status half-configured python3:amd64 3.12.3-0ubuntu1
2024-04-24 10:47:28 status installed python3:amd64 3.12.3-0ubuntu1
2024-04-24 10:47:28 configure python3-mdurl:all 0.1.2-1 <none>
2024-04-24 10:47:28 status unpacked python3-mdurl:all 0.1.2-1
2024-04-24 10:47:28 status half-configured python3-mdurl:all 0.1.2-1
2024-04-24 10:47:28 status installed python3-mdurl:all 0.1.2-1
2024-04-24 10:47:28 configure python3-gi:amd64 3.48.2-1 <none>
2024-04-24 10:47:28 status unpacked python3-gi:amd64 3.48.2-1
2024-04-24 10:47:28 status half-configured python3-gi:amd64 3.48.2-1
2024-04-24 10:47:28 status installed python3-gi:amd64 3.48.2-1
2024-04-24 10:47:28 configure python3-typing-extensions:all 4.10.0-1 <none>
2024-04-24 10:47:28 status unpacked python3-typing-extensions:all 4.10.0-1
2024-04-24 10:47:28 status half-configured python3-typing-extensions:all 4.10.0-1
2024-04-24 10:47:28 status installed python3-typing-extensions:all 4.10.0-1
2024-04-24 10:47:28 configure python3-markdown-it:all 3.0.0-2 <none>
2024-04-24 10:47:28 status unpacked python3-markdown-it:all 3.0.0-2
2024-04-24 10:47:28 status half-configured python3-markdown-it:all 3.0.0-2
2024-04-24 10:47:28 status installed python3-markdown-it:all 3.0.0-2
2024-04-24 10:47:28 configure python3-netifaces:amd64 0.11.0-2build3 <none>
2024-04-24 10:47:28 status unpacked python3-netifaces:amd64 0.11.0-2build3
2024-04-24 10:47:28 status half-configured python3-netifaces:amd64 0.11.0-2build3
2024-04-24 10:47:28 status installed python3-netifaces:amd64 0.11.0-2build3
2024-04-24 10:47:28 configure python3-cffi-backend:amd64 1.16.0-2build1 <none>
2024-04-24 10:47:28 status unpacked python3-cffi-backend:amd64 1.16.0-2build1
2024-04-24 10:47:28 status half-configured python3-cffi-backend:amd64 1.16.0-2build1
2024-04-24 10:47:28 status installed python3-cffi-backend:amd64 1.16.0-2build1
2024-04-24 10:47:28 configure python3-pkg-resources:all 68.1.2-2ubuntu1 <none>
2024-04-24 10:47:28 status unpacked python3-pkg-resources:all 68.1.2-2ubuntu1
2024-04-24 10:47:28 status half-configured python3-pkg-resources:all 68.1.2-2ubuntu1
2024-04-24 10:47:29 status installed python3-pkg-resources:all 68.1.2-2ubuntu1
2024-04-24 10:47:29 configure python3-dbus:amd64 1.3.2-5build3 <none>
2024-04-24 10:47:29 status unpacked python3-dbus:amd64 1.3.2-5build3
2024-04-24 10:47:29 status half-configured python3-dbus:amd64 1.3.2-5build3
2024-04-24 10:47:29 status installed python3-dbus:amd64 1.3.2-5build3
2024-04-24 10:47:29 configure python3-apt:amd64 2.7.7ubuntu1 <none>
2024-04-24 10:47:29 status unpacked python3-apt:amd64 2.7.7ubuntu1
2024-04-24 10:47:29 status half-configured python3-apt:amd64 2.7.7ubuntu1
2024-04-24 10:47:29 status installed python3-apt:amd64 2.7.7ubuntu1
2024-04-24 10:47:29 configure python3-yaml:amd64 6.0.1-2build2 <none>
2024-04-24 10:47:29 status unpacked python3-yaml:amd64 6.0.1-2build2
2024-04-24 10:47:29 status half-configured python3-yaml:amd64 6.0.1-2build2
2024-04-24 10:47:29 status installed python3-yaml:amd64 6.0.1-2build2
2024-04-24 10:47:29 configure python3-pygments:all 2.17.2+dfsg-1 <none>
2024-04-24 10:47:29 status unpacked python3-pygments:all 2.17.2+dfsg-1
2024-04-24 10:47:29 status half-configured python3-pygments:all 2.17.2+dfsg-1
2024-04-24 10:47:30 status installed python3-pygments:all 2.17.2+dfsg-1
2024-04-24 10:47:30 configure python3-netplan:amd64 1.0-2ubuntu1 <none>
2024-04-24 10:47:30 status unpacked python3-netplan:amd64 1.0-2ubuntu1
2024-04-24 10:47:30 status half-configured python3-netplan:amd64 1.0-2ubuntu1
2024-04-24 10:47:30 status installed python3-netplan:amd64 1.0-2ubuntu1
2024-04-24 10:47:30 configure ubuntu-pro-client:amd64 31.2.3 <none>
2024-04-24 10:47:30 status unpacked ubuntu-pro-client:amd64 31.2.3
2024-04-24 10:47:30 status half-configured ubuntu-pro-client:amd64 31.2.3
2024-04-24 10:47:30 status installed ubuntu-pro-client:amd64 31.2.3
2024-04-24 10:47:30 configure ubuntu-pro-client-l10n:amd64 31.2.3 <none>
2024-04-24 10:47:30 status unpacked ubuntu-pro-client-l10n:amd64 31.2.3
2024-04-24 10:47:30 status half-configured ubuntu-pro-client-l10n:amd64 31.2.3
2024-04-24 10:47:30 status installed ubuntu-pro-client-l10n:amd64 31.2.3
2024-04-24 10:47:30 configure networkd-dispatcher:all 2.2.4-1 <none>
2024-04-24 10:47:30 status unpacked networkd-dispatcher:all 2.2.4-1
2024-04-24 10:47:30 status half-configured networkd-dispatcher:all 2.2.4-1
2024-04-24 10:47:30 status installed networkd-dispatcher:all 2.2.4-1
2024-04-24 10:47:30 configure python3-rich:all 13.7.1-1 <none>
2024-04-24 10:47:30 status unpacked python3-rich:all 13.7.1-1
2024-04-24 10:47:30 status half-configured python3-rich:all 13.7.1-1
2024-04-24 10:47:31 status installed python3-rich:all 13.7.1-1
2024-04-24 10:47:31 configure netplan.io:amd64 1.0-2ubuntu1 <none>
2024-04-24 10:47:31 status unpacked netplan.io:amd64 1.0-2ubuntu1
2024-04-24 10:47:31 status half-configured netplan.io:amd64 1.0-2ubuntu1
2024-04-24 10:47:31 status installed netplan.io:amd64 1.0-2ubuntu1
2024-04-24 10:47:31 configure kbd:amd64 2.6.4-2ubuntu2 <none>
2024-04-24 10:47:31 status unpacked kbd:amd64 2.6.4-2ubuntu2
2024-04-24 10:47:31 status half-configured kbd:amd64 2.6.4-2ubuntu2
2024-04-24 10:47:31 status installed kbd:amd64 2.6.4-2ubuntu2
2024-04-24 10:47:31 configure console-setup-linux:all 1.226ubuntu1 <none>
2024-04-24 10:47:31 status unpacked console-setup-linux:all 1.226ubuntu1
2024-04-24 10:47:31 status half-configured console-setup-linux:all 1.226ubuntu1
2024-04-24 10:47:31 status installed console-setup-linux:all 1.226ubuntu1
2024-04-24 10:47:31 configure console-setup:all 1.226ubuntu1 <none>
2024-04-24 10:47:31 status unpacked console-setup:all 1.226ubuntu1
2024-04-24 10:47:31 status half-configured console-setup:all 1.226ubuntu1
2024-04-24 10:47:32 status installed console-setup:all 1.226ubuntu1
2024-04-24 10:47:32 configure ubuntu-minimal:amd64 1.539 <none>
2024-04-24 10:47:32 status unpacked ubuntu-minimal:amd64 1.539
2024-04-24 10:47:32 status half-configured ubuntu-minimal:amd64 1.539
2024-04-24 10:47:32 status installed ubuntu-minimal:amd64 1.539
2024-04-24 10:47:32 trigproc libc-bin:amd64 2.39-0ubuntu8 <none>
2024-04-24 10:47:32 status half-configured libc-bin:amd64 2.39-0ubuntu8
2024-04-24 10:47:32 status installed libc-bin:amd64 2.39-0ubuntu8
2024-04-24 10:47:32 trigproc ca-certificates:all 20240203 <none>
2024-04-24 10:47:32 status half-configured ca-certificates:all 20240203
2024-04-24 10:47:32 status installed ca-certificates:all 20240203
2024-04-24 10:47:35 startup archives unpack
2024-04-24 10:47:35 install uuid-runtime:amd64 <none> 2.39.3-9ubuntu6
2024-04-24 10:47:35 status half-installed uuid-runtime:amd64 2.39.3-9ubuntu6
2024-04-24 10:47:35 status unpacked uuid-runtime:amd64 2.39.3-9ubuntu6
2024-04-24 10:47:35 install bash-completion:all <none> 1:2.11-8
2024-04-24 10:47:35 status half-installed bash-completion:all 1:2.11-8
2024-04-24 10:47:35 status unpacked bash-completion:all 1:2.11-8
2024-04-24 10:47:35 install bsdextrautils:amd64 <none> 2.39.3-9ubuntu6
2024-04-24 10:47:35 status half-installed bsdextrautils:amd64 2.39.3-9ubuntu6
2024-04-24 10:47:35 status unpacked bsdextrautils:amd64 2.39.3-9ubuntu6
2024-04-24 10:47:35 install libgpm2:amd64 <none> 1.20.7-11
2024-04-24 10:47:35 status triggers-pending libc-bin:amd64 2.39-0ubuntu8
2024-04-24 10:47:35 status half-installed libgpm2:amd64 1.20.7-11
2024-04-24 10:47:35 status unpacked libgpm2:amd64 1.20.7-11
2024-04-24 10:47:35 install psmisc:amd64 <none> 23.7-1build1
2024-04-24 10:47:35 status half-installed psmisc:amd64 23.7-1build1
2024-04-24 10:47:35 status unpacked psmisc:amd64 23.7-1build1
2024-04-24 10:47:35 install e2fsprogs-l10n:all <none> 1.47.0-2.4~exp1ubuntu4
2024-04-24 10:47:35 status half-installed e2fsprogs-l10n:all 1.47.0-2.4~exp1ubuntu4
2024-04-24 10:47:35 status unpacked e2fsprogs-l10n:all 1.47.0-2.4~exp1ubuntu4
2024-04-24 10:47:35 install libgpg-error-l10n:all <none> 1.47-3build2
2024-04-24 10:47:35 status half-installed libgpg-error-l10n:all 1.47-3build2
2024-04-24 10:47:35 status unpacked libgpg-error-l10n:all 1.47-3build2
2024-04-24 10:47:35 startup packages configure
2024-04-24 10:47:35 configure libgpm2:amd64 1.20.7-11 <none>
2024-04-24 10:47:35 status unpacked libgpm2:amd64 1.20.7-11
2024-04-24 10:47:35 status half-configured libgpm2:amd64 1.20.7-11
2024-04-24 10:47:35 status installed libgpm2:amd64 1.20.7-11
2024-04-24 10:47:35 configure bsdextrautils:amd64 2.39.3-9ubuntu6 <none>
2024-04-24 10:47:35 status unpacked bsdextrautils:amd64 2.39.3-9ubuntu6
2024-04-24 10:47:35 status half-configured bsdextrautils:amd64 2.39.3-9ubuntu6
2024-04-24 10:47:35 status installed bsdextrautils:amd64 2.39.3-9ubuntu6
2024-04-24 10:47:35 configure e2fsprogs-l10n:all 1.47.0-2.4~exp1ubuntu4 <none>
2024-04-24 10:47:35 status unpacked e2fsprogs-l10n:all 1.47.0-2.4~exp1ubuntu4
2024-04-24 10:47:35 status half-configured e2fsprogs-l10n:all 1.47.0-2.4~exp1ubuntu4
2024-04-24 10:47:35 status installed e2fsprogs-l10n:all 1.47.0-2.4~exp1ubuntu4
2024-04-24 10:47:35 configure psmisc:amd64 23.7-1build1 <none>
2024-04-24 10:47:35 status unpacked psmisc:amd64 23.7-1build1
2024-04-24 10:47:35 status half-configured psmisc:amd64 23.7-1build1
2024-04-24 10:47:35 status installed psmisc:amd64 23.7-1build1
2024-04-24 10:47:35 configure bash-completion:all 1:2.11-8 <none>
2024-04-24 10:47:35 status unpacked bash-completion:all 1:2.11-8
2024-04-24 10:47:35 status half-configured bash-completion:all 1:2.11-8
2024-04-24 10:47:35 status installed bash-completion:all 1:2.11-8
2024-04-24 10:47:35 configure uuid-runtime:amd64 2.39.3-9ubuntu6 <none>
2024-04-24 10:47:35 status unpacked uuid-runtime:amd64 2.39.3-9ubuntu6
2024-04-24 10:47:35 status half-configured uuid-runtime:amd64 2.39.3-9ubuntu6
2024-04-24 10:47:35 status installed uuid-runtime:amd64 2.39.3-9ubuntu6
2024-04-24 10:47:35 configure libgpg-error-l10n:all 1.47-3build2 <none>
2024-04-24 10:47:35 status unpacked libgpg-error-l10n:all 1.47-3build2
2024-04-24 10:47:35 status half-configured libgpg-error-l10n:all 1.47-3build2
2024-04-24 10:47:35 status installed libgpg-error-l10n:all 1.47-3build2
2024-04-24 10:47:35 trigproc libc-bin:amd64 2.39-0ubuntu8 <none>
2024-04-24 10:47:35 status half-configured libc-bin:amd64 2.39-0ubuntu8
2024-04-24 10:47:35 status installed libc-bin:amd64 2.39-0ubuntu8
2024-04-24 10:47:49 startup archives unpack
2024-04-24 10:47:49 install libfuse3-3:amd64 <none> 3.14.0-5build1
2024-04-24 10:47:49 status triggers-pending libc-bin:amd64 2.39-0ubuntu8
2024-04-24 10:47:49 status half-installed libfuse3-3:amd64 3.14.0-5build1
2024-04-24 10:47:49 status unpacked libfuse3-3:amd64 3.14.0-5build1
2024-04-24 10:47:49 install fuse3:amd64 <none> 3.14.0-5build1
2024-04-24 10:47:49 status half-installed fuse3:amd64 3.14.0-5build1
2024-04-24 10:47:49 status unpacked fuse3:amd64 3.14.0-5build1
2024-04-24 10:47:49 install libntfs-3g89t64:amd64 <none> 1:2022.10.3-1.2ubuntu3
2024-04-24 10:47:49 status half-installed libntfs-3g89t64:amd64 1:2022.10.3-1.2ubuntu3
2024-04-24 10:47:49 status unpacked libntfs-3g89t64:amd64 1:2022.10.3-1.2ubuntu3
2024-04-24 10:47:49 startup packages configure
2024-04-24 10:47:49 configure libfuse3-3:amd64 3.14.0-5build1 <none>
2024-04-24 10:47:49 status unpacked libfuse3-3:amd64 3.14.0-5build1
2024-04-24 10:47:49 status half-configured libfuse3-3:amd64 3.14.0-5build1
2024-04-24 10:47:49 status installed libfuse3-3:amd64 3.14.0-5build1
2024-04-24 10:47:49 configure fuse3:amd64 3.14.0-5build1 <none>
2024-04-24 10:47:49 status unpacked fuse3:amd64 3.14.0-5build1
2024-04-24 10:47:49 status half-configured fuse3:amd64 3.14.0-5build1
2024-04-24 10:47:49 status installed fuse3:amd64 3.14.0-5build1
2024-04-24 10:47:49 startup archives unpack
2024-04-24 10:47:49 install ntfs-3g:amd64 <none> 1:2022.10.3-1.2ubuntu3
2024-04-24 10:47:49 status half-installed ntfs-3g:amd64 1:2022.10.3-1.2ubuntu3
2024-04-24 10:47:49 status unpacked ntfs-3g:amd64 1:2022.10.3-1.2ubuntu3
2024-04-24 10:47:49 install rsync:amd64 <none> 3.2.7-1ubuntu1
2024-04-24 10:47:49 status half-installed rsync:amd64 3.2.7-1ubuntu1
2024-04-24 10:47:49 status unpacked rsync:amd64 3.2.7-1ubuntu1
2024-04-24 10:47:49 install python3-pyparsing:all <none> 3.1.1-1
2024-04-24 10:47:49 status half-installed python3-pyparsing:all 3.1.1-1
2024-04-24 10:47:49 status unpacked python3-pyparsing:all 3.1.1-1
2024-04-24 10:47:49 install python3-httplib2:all <none> 0.20.4-3
2024-04-24 10:47:49 status half-installed python3-httplib2:all 0.20.4-3
2024-04-24 10:47:49 status unpacked python3-httplib2:all 0.20.4-3
2024-04-24 10:47:49 install python3-lazr.uri:all <none> 1.0.6-3
2024-04-24 10:47:49 status half-installed python3-lazr.uri:all 1.0.6-3
2024-04-24 10:47:49 status unpacked python3-lazr.uri:all 1.0.6-3
2024-04-24 10:47:49 install python3-wadllib:all <none> 1.3.6-5
2024-04-24 10:47:49 status half-installed python3-wadllib:all 1.3.6-5
2024-04-24 10:47:49 status unpacked python3-wadllib:all 1.3.6-5
2024-04-24 10:47:49 install python3-distro:all <none> 1.9.0-1
2024-04-24 10:47:49 status half-installed python3-distro:all 1.9.0-1
2024-04-24 10:47:49 status unpacked python3-distro:all 1.9.0-1
2024-04-24 10:47:49 install python3-blinker:all <none> 1.7.0-1
2024-04-24 10:47:49 status half-installed python3-blinker:all 1.7.0-1
2024-04-24 10:47:49 status unpacked python3-blinker:all 1.7.0-1
2024-04-24 10:47:49 install python3-cryptography:amd64 <none> 41.0.7-4build3
2024-04-24 10:47:49 status half-installed python3-cryptography:amd64 41.0.7-4build3
2024-04-24 10:47:49 status unpacked python3-cryptography:amd64 41.0.7-4build3
2024-04-24 10:47:49 install python3-jwt:all <none> 2.7.0-1
2024-04-24 10:47:49 status half-installed python3-jwt:all 2.7.0-1
2024-04-24 10:47:50 status unpacked python3-jwt:all 2.7.0-1
2024-04-24 10:47:50 install python3-oauthlib:all <none> 3.2.2-1
2024-04-24 10:47:50 status half-installed python3-oauthlib:all 3.2.2-1
2024-04-24 10:47:50 status unpacked python3-oauthlib:all 3.2.2-1
2024-04-24 10:47:50 install python3-lazr.restfulclient:all <none> 0.14.6-1
2024-04-24 10:47:50 status half-installed python3-lazr.restfulclient:all 0.14.6-1
2024-04-24 10:47:50 status unpacked python3-lazr.restfulclient:all 0.14.6-1
2024-04-24 10:47:50 install python3-six:all <none> 1.16.0-4
2024-04-24 10:47:50 status half-installed python3-six:all 1.16.0-4
2024-04-24 10:47:50 status unpacked python3-six:all 1.16.0-4
2024-04-24 10:47:50 install python3-launchpadlib:all <none> 1.11.0-6
2024-04-24 10:47:50 status half-installed python3-launchpadlib:all 1.11.0-6
2024-04-24 10:47:50 status unpacked python3-launchpadlib:all 1.11.0-6
2024-04-24 10:47:50 install python3-problem-report:all <none> 2.28.1-0ubuntu2
2024-04-24 10:47:50 status half-installed python3-problem-report:all 2.28.1-0ubuntu2
2024-04-24 10:47:50 status unpacked python3-problem-report:all 2.28.1-0ubuntu2
2024-04-24 10:47:50 install python3-certifi:all <none> 2023.11.17-1
2024-04-24 10:47:50 status half-installed python3-certifi:all 2023.11.17-1
2024-04-24 10:47:50 status unpacked python3-certifi:all 2023.11.17-1
2024-04-24 10:47:50 install python3-chardet:all <none> 5.2.0+dfsg-1
2024-04-24 10:47:50 status half-installed python3-chardet:all 5.2.0+dfsg-1
2024-04-24 10:47:50 status unpacked python3-chardet:all 5.2.0+dfsg-1
2024-04-24 10:47:50 install python3-idna:all <none> 3.6-2
2024-04-24 10:47:50 status half-installed python3-idna:all 3.6-2
2024-04-24 10:47:50 status unpacked python3-idna:all 3.6-2
2024-04-24 10:47:50 install python3-urllib3:all <none> 2.0.7-1
2024-04-24 10:47:50 status half-installed python3-urllib3:all 2.0.7-1
2024-04-24 10:47:50 status unpacked python3-urllib3:all 2.0.7-1
2024-04-24 10:47:50 install python3-requests:all <none> 2.31.0+dfsg-1ubuntu1
2024-04-24 10:47:50 status half-installed python3-requests:all 2.31.0+dfsg-1ubuntu1
2024-04-24 10:47:50 status unpacked python3-requests:all 2.31.0+dfsg-1ubuntu1
2024-04-24 10:47:50 install python3-apport:all <none> 2.28.1-0ubuntu2
2024-04-24 10:47:50 status half-installed python3-apport:all 2.28.1-0ubuntu2
2024-04-24 10:47:50 status unpacked python3-apport:all 2.28.1-0ubuntu2
2024-04-24 10:47:50 install apport:all <none> 2.28.1-0ubuntu2
2024-04-24 10:47:50 status half-installed apport:all 2.28.1-0ubuntu2
2024-04-24 10:47:50 status unpacked apport:all 2.28.1-0ubuntu2
2024-04-24 10:47:50 install apport-core-dump-handler:all <none> 2.28.1-0ubuntu2
2024-04-24 10:47:50 status half-installed apport-core-dump-handler:all 2.28.1-0ubuntu2
2024-04-24 10:47:50 status unpacked apport-core-dump-handler:all 2.28.1-0ubuntu2
2024-04-24 10:47:50 install libasound2-data:all <none> 1.2.11-1build2
2024-04-24 10:47:50 status half-installed libasound2-data:all 1.2.11-1build2
2024-04-24 10:47:50 status unpacked libasound2-data:all 1.2.11-1build2
2024-04-24 10:47:50 install libasound2t64:amd64 <none> 1.2.11-1build2
2024-04-24 10:47:50 status half-installed libasound2t64:amd64 1.2.11-1build2
2024-04-24 10:47:50 status unpacked libasound2t64:amd64 1.2.11-1build2
2024-04-24 10:47:50 install libdw1t64:amd64 <none> 0.190-1.1build4
2024-04-24 10:47:50 status half-installed libdw1t64:amd64 0.190-1.1build4
2024-04-24 10:47:50 status unpacked libdw1t64:amd64 0.190-1.1build4
2024-04-24 10:47:50 install bluez:amd64 <none> 5.72-0ubuntu5
2024-04-24 10:47:50 status half-installed bluez:amd64 5.72-0ubuntu5
2024-04-24 10:47:50 status triggers-pending dbus:amd64 1.14.10-4ubuntu4
2024-04-24 10:47:50 status unpacked bluez:amd64 5.72-0ubuntu5
2024-04-24 10:47:50 install bc:amd64 <none> 1.07.1-3ubuntu4
2024-04-24 10:47:50 status half-installed bc:amd64 1.07.1-3ubuntu4
2024-04-24 10:47:50 status unpacked bc:amd64 1.07.1-3ubuntu4
2024-04-24 10:47:50 install libavahi-common-data:amd64 <none> 0.8-13ubuntu6
2024-04-24 10:47:50 status half-installed libavahi-common-data:amd64 0.8-13ubuntu6
2024-04-24 10:47:50 status unpacked libavahi-common-data:amd64 0.8-13ubuntu6
2024-04-24 10:47:50 install libavahi-common3:amd64 <none> 0.8-13ubuntu6
2024-04-24 10:47:50 status half-installed libavahi-common3:amd64 0.8-13ubuntu6
2024-04-24 10:47:50 status unpacked libavahi-common3:amd64 0.8-13ubuntu6
2024-04-24 10:47:50 install libavahi-client3:amd64 <none> 0.8-13ubuntu6
2024-04-24 10:47:50 status half-installed libavahi-client3:amd64 0.8-13ubuntu6
2024-04-24 10:47:50 status unpacked libavahi-client3:amd64 0.8-13ubuntu6
2024-04-24 10:47:50 install libcups2t64:amd64 <none> 2.4.7-1.2ubuntu7
2024-04-24 10:47:50 status half-installed libcups2t64:amd64 2.4.7-1.2ubuntu7
2024-04-24 10:47:50 status unpacked libcups2t64:amd64 2.4.7-1.2ubuntu7
2024-04-24 10:47:50 install ssl-cert:all <none> 1.1.2ubuntu1
2024-04-24 10:47:50 status half-installed ssl-cert:all 1.1.2ubuntu1
2024-04-24 10:47:50 status unpacked ssl-cert:all 1.1.2ubuntu1
2024-04-24 10:47:50 install libpaper1:amd64 <none> 1.1.29build1
2024-04-24 10:47:50 status half-installed libpaper1:amd64 1.1.29build1
2024-04-24 10:47:50 status unpacked libpaper1:amd64 1.1.29build1
2024-04-24 10:47:50 install libjson-glib-1.0-common:all <none> 1.8.0-2build2
2024-04-24 10:47:50 status half-installed libjson-glib-1.0-common:all 1.8.0-2build2
2024-04-24 10:47:50 status unpacked libjson-glib-1.0-common:all 1.8.0-2build2
2024-04-24 10:47:50 install libjson-glib-1.0-0:amd64 <none> 1.8.0-2build2
2024-04-24 10:47:50 status half-installed libjson-glib-1.0-0:amd64 1.8.0-2build2
2024-04-24 10:47:50 status unpacked libjson-glib-1.0-0:amd64 1.8.0-2build2
2024-04-24 10:47:50 install libbrotli1:amd64 <none> 1.1.0-2build2
2024-04-24 10:47:50 status half-installed libbrotli1:amd64 1.1.0-2build2
2024-04-24 10:47:50 status unpacked libbrotli1:amd64 1.1.0-2build2
2024-04-24 10:47:50 install libsasl2-modules-db:amd64 <none> 2.1.28+dfsg1-5ubuntu3
2024-04-24 10:47:50 status half-installed libsasl2-modules-db:amd64 2.1.28+dfsg1-5ubuntu3
2024-04-24 10:47:50 status unpacked libsasl2-modules-db:amd64 2.1.28+dfsg1-5ubuntu3
2024-04-24 10:47:50 install libsasl2-2:amd64 <none> 2.1.28+dfsg1-5ubuntu3
2024-04-24 10:47:50 status half-installed libsasl2-2:amd64 2.1.28+dfsg1-5ubuntu3
2024-04-24 10:47:50 status unpacked libsasl2-2:amd64 2.1.28+dfsg1-5ubuntu3
2024-04-24 10:47:50 install libldap2:amd64 <none> 2.6.7+dfsg-1~exp1ubuntu8
2024-04-24 10:47:50 status half-installed libldap2:amd64 2.6.7+dfsg-1~exp1ubuntu8
2024-04-24 10:47:50 status unpacked libldap2:amd64 2.6.7+dfsg-1~exp1ubuntu8
2024-04-24 10:47:50 install libnghttp2-14:amd64 <none> 1.59.0-1build4
2024-04-24 10:47:50 status half-installed libnghttp2-14:amd64 1.59.0-1build4
2024-04-24 10:47:50 status unpacked libnghttp2-14:amd64 1.59.0-1build4
2024-04-24 10:47:50 install libpsl5t64:amd64 <none> 0.21.2-1.1build1
2024-04-24 10:47:50 status half-installed libpsl5t64:amd64 0.21.2-1.1build1
2024-04-24 10:47:50 status unpacked libpsl5t64:amd64 0.21.2-1.1build1
2024-04-24 10:47:50 install librtmp1:amd64 <none> 2.4+20151223.gitfa8646d.1-2build7
2024-04-24 10:47:50 status half-installed librtmp1:amd64 2.4+20151223.gitfa8646d.1-2build7
2024-04-24 10:47:50 status unpacked librtmp1:amd64 2.4+20151223.gitfa8646d.1-2build7
2024-04-24 10:47:50 install libssh-4:amd64 <none> 0.10.6-2build2
2024-04-24 10:47:50 status half-installed libssh-4:amd64 0.10.6-2build2
2024-04-24 10:47:50 status unpacked libssh-4:amd64 0.10.6-2build2
2024-04-24 10:47:50 install libcurl3t64-gnutls:amd64 <none> 8.5.0-2ubuntu10
2024-04-24 10:47:50 status half-installed libcurl3t64-gnutls:amd64 8.5.0-2ubuntu10
2024-04-24 10:47:50 status unpacked libcurl3t64-gnutls:amd64 8.5.0-2ubuntu10
2024-04-24 10:47:50 install libduktape207:amd64 <none> 2.7.0+tests-0ubuntu3
2024-04-24 10:47:50 status half-installed libduktape207:amd64 2.7.0+tests-0ubuntu3
2024-04-24 10:47:50 status unpacked libduktape207:amd64 2.7.0+tests-0ubuntu3
2024-04-24 10:47:50 install libproxy1v5:amd64 <none> 0.5.4-4build1
2024-04-24 10:47:50 status half-installed libproxy1v5:amd64 0.5.4-4build1
2024-04-24 10:47:50 status unpacked libproxy1v5:amd64 0.5.4-4build1
2024-04-24 10:47:50 install glib-networking-common:all <none> 2.80.0-1build1
2024-04-24 10:47:50 status half-installed glib-networking-common:all 2.80.0-1build1
2024-04-24 10:47:50 status unpacked glib-networking-common:all 2.80.0-1build1
2024-04-24 10:47:50 install glib-networking-services:amd64 <none> 2.80.0-1build1
2024-04-24 10:47:50 status half-installed glib-networking-services:amd64 2.80.0-1build1
2024-04-24 10:47:50 status unpacked glib-networking-services:amd64 2.80.0-1build1
2024-04-24 10:47:50 install libdconf1:amd64 <none> 0.40.0-4build2
2024-04-24 10:47:50 status half-installed libdconf1:amd64 0.40.0-4build2
2024-04-24 10:47:50 status unpacked libdconf1:amd64 0.40.0-4build2
2024-04-24 10:47:50 install dconf-service:amd64 <none> 0.40.0-4build2
2024-04-24 10:47:50 status half-installed dconf-service:amd64 0.40.0-4build2
2024-04-24 10:47:50 status unpacked dconf-service:amd64 0.40.0-4build2
2024-04-24 10:47:51 install dconf-gsettings-backend:amd64 <none> 0.40.0-4build2
2024-04-24 10:47:51 status half-installed dconf-gsettings-backend:amd64 0.40.0-4build2
2024-04-24 10:47:51 status triggers-pending libglib2.0-0t64:amd64 2.80.0-6ubuntu1
2024-04-24 10:47:51 status unpacked dconf-gsettings-backend:amd64 0.40.0-4build2
2024-04-24 10:47:51 install session-migration:amd64 <none> 0.3.9build1
2024-04-24 10:47:51 status half-installed session-migration:amd64 0.3.9build1
2024-04-24 10:47:51 status unpacked session-migration:amd64 0.3.9build1
2024-04-24 10:47:51 install gsettings-desktop-schemas:all <none> 46.0-1ubuntu2
2024-04-24 10:47:51 status half-installed gsettings-desktop-schemas:all 46.0-1ubuntu2
2024-04-24 10:47:51 status unpacked gsettings-desktop-schemas:all 46.0-1ubuntu2
2024-04-24 10:47:51 install glib-networking:amd64 <none> 2.80.0-1build1
2024-04-24 10:47:51 status half-installed glib-networking:amd64 2.80.0-1build1
2024-04-24 10:47:51 status unpacked glib-networking:amd64 2.80.0-1build1
2024-04-24 10:47:51 install libsoup-3.0-common:all <none> 3.4.4-5build2
2024-04-24 10:47:51 status half-installed libsoup-3.0-common:all 3.4.4-5build2
2024-04-24 10:47:51 status unpacked libsoup-3.0-common:all 3.4.4-5build2
2024-04-24 10:47:51 install libsoup-3.0-0:amd64 <none> 3.4.4-5build2
2024-04-24 10:47:51 status half-installed libsoup-3.0-0:amd64 3.4.4-5build2
2024-04-24 10:47:51 status unpacked libsoup-3.0-0:amd64 3.4.4-5build2
2024-04-24 10:47:51 install libsnapd-glib-2-1:amd64 <none> 1.64-0ubuntu5
2024-04-24 10:47:51 status half-installed libsnapd-glib-2-1:amd64 1.64-0ubuntu5
2024-04-24 10:47:51 status unpacked libsnapd-glib-2-1:amd64 1.64-0ubuntu5
2024-04-24 10:47:51 install cups-daemon:amd64 <none> 2.4.7-1.2ubuntu7
2024-04-24 10:47:51 status half-installed cups-daemon:amd64 2.4.7-1.2ubuntu7
2024-04-24 10:47:51 status unpacked cups-daemon:amd64 2.4.7-1.2ubuntu7
2024-04-24 10:47:51 install apparmor:amd64 <none> 4.0.0-beta3-0ubuntu3
2024-04-24 10:47:51 status half-installed apparmor:amd64 4.0.0-beta3-0ubuntu3
2024-04-24 10:47:51 status unpacked apparmor:amd64 4.0.0-beta3-0ubuntu3
2024-04-24 10:47:51 install libedit2:amd64 <none> 3.1-20230828-1build1
2024-04-24 10:47:51 status half-installed libedit2:amd64 3.1-20230828-1build1
2024-04-24 10:47:51 status unpacked libedit2:amd64 3.1-20230828-1build1
2024-04-24 10:47:51 install libcbor0.10:amd64 <none> 0.10.2-1.2ubuntu2
2024-04-24 10:47:51 status half-installed libcbor0.10:amd64 0.10.2-1.2ubuntu2
2024-04-24 10:47:51 status unpacked libcbor0.10:amd64 0.10.2-1.2ubuntu2
2024-04-24 10:47:51 install libfido2-1:amd64 <none> 1.14.0-1build3
2024-04-24 10:47:51 status half-installed libfido2-1:amd64 1.14.0-1build3
2024-04-24 10:47:51 status unpacked libfido2-1:amd64 1.14.0-1build3
2024-04-24 10:47:51 install openssh-client:amd64 <none> 1:9.6p1-3ubuntu13
2024-04-24 10:47:51 status half-installed openssh-client:amd64 1:9.6p1-3ubuntu13
2024-04-24 10:47:51 status unpacked openssh-client:amd64 1:9.6p1-3ubuntu13
2024-04-24 10:47:51 install liblzo2-2:amd64 <none> 2.10-2build4
2024-04-24 10:47:51 status half-installed liblzo2-2:amd64 2.10-2build4
2024-04-24 10:47:51 status unpacked liblzo2-2:amd64 2.10-2build4
2024-04-24 10:47:51 install squashfs-tools:amd64 <none> 1:4.6.1-1build1
2024-04-24 10:47:51 status half-installed squashfs-tools:amd64 1:4.6.1-1build1
2024-04-24 10:47:51 status unpacked squashfs-tools:amd64 1:4.6.1-1build1
2024-04-24 10:47:51 install snapd:amd64 <none> 2.62+24.04build1
2024-04-24 10:47:51 status half-installed snapd:amd64 2.62+24.04build1
2024-04-24 10:47:52 status unpacked snapd:amd64 2.62+24.04build1
2024-04-24 10:47:52 startup packages configure
2024-04-24 10:47:52 configure apparmor:amd64 4.0.0-beta3-0ubuntu3 <none>
2024-04-24 10:47:52 status unpacked apparmor:amd64 4.0.0-beta3-0ubuntu3
2024-04-24 10:47:52 status half-configured apparmor:amd64 4.0.0-beta3-0ubuntu3
2024-04-24 10:47:52 status installed apparmor:amd64 4.0.0-beta3-0ubuntu3
2024-04-24 10:47:52 configure libedit2:amd64 3.1-20230828-1build1 <none>
2024-04-24 10:47:52 status unpacked libedit2:amd64 3.1-20230828-1build1
2024-04-24 10:47:52 status half-configured libedit2:amd64 3.1-20230828-1build1
2024-04-24 10:47:52 status installed libedit2:amd64 3.1-20230828-1build1
2024-04-24 10:47:52 configure libcbor0.10:amd64 0.10.2-1.2ubuntu2 <none>
2024-04-24 10:47:52 status unpacked libcbor0.10:amd64 0.10.2-1.2ubuntu2
2024-04-24 10:47:52 status half-configured libcbor0.10:amd64 0.10.2-1.2ubuntu2
2024-04-24 10:47:52 status installed libcbor0.10:amd64 0.10.2-1.2ubuntu2
2024-04-24 10:47:52 configure libfido2-1:amd64 1.14.0-1build3 <none>
2024-04-24 10:47:52 status unpacked libfido2-1:amd64 1.14.0-1build3
2024-04-24 10:47:52 status half-configured libfido2-1:amd64 1.14.0-1build3
2024-04-24 10:47:52 status installed libfido2-1:amd64 1.14.0-1build3
2024-04-24 10:47:52 configure openssh-client:amd64 1:9.6p1-3ubuntu13 <none>
2024-04-24 10:47:52 status unpacked openssh-client:amd64 1:9.6p1-3ubuntu13
2024-04-24 10:47:52 status half-configured openssh-client:amd64 1:9.6p1-3ubuntu13
2024-04-24 10:47:52 status installed openssh-client:amd64 1:9.6p1-3ubuntu13
2024-04-24 10:47:52 configure liblzo2-2:amd64 2.10-2build4 <none>
2024-04-24 10:47:52 status unpacked liblzo2-2:amd64 2.10-2build4
2024-04-24 10:47:52 status half-configured liblzo2-2:amd64 2.10-2build4
2024-04-24 10:47:52 status installed liblzo2-2:amd64 2.10-2build4
2024-04-24 10:47:52 configure squashfs-tools:amd64 1:4.6.1-1build1 <none>
2024-04-24 10:47:52 status unpacked squashfs-tools:amd64 1:4.6.1-1build1
2024-04-24 10:47:52 status half-configured squashfs-tools:amd64 1:4.6.1-1build1
2024-04-24 10:47:52 status installed squashfs-tools:amd64 1:4.6.1-1build1
2024-04-24 10:47:52 configure snapd:amd64 2.62+24.04build1 <none>
2024-04-24 10:47:52 status unpacked snapd:amd64 2.62+24.04build1
2024-04-24 10:47:52 status half-configured snapd:amd64 2.62+24.04build1
2024-04-24 10:47:53 status installed snapd:amd64 2.62+24.04build1
2024-04-24 10:47:53 startup archives unpack
2024-04-24 10:47:53 install firefox:amd64 <none> 1:1snap1-0ubuntu5
2024-04-24 10:47:53 status half-installed firefox:amd64 1:1snap1-0ubuntu5
2024-04-24 10:47:53 status unpacked firefox:amd64 1:1snap1-0ubuntu5
2024-04-24 10:47:53 install fonts-arphic-uming:all <none> 0.2.20080216.2-10ubuntu2
2024-04-24 10:47:53 status half-installed fonts-arphic-uming:all 0.2.20080216.2-10ubuntu2
2024-04-24 10:47:54 status unpacked fonts-arphic-uming:all 0.2.20080216.2-10ubuntu2
2024-04-24 10:47:54 install fonts-droid-fallback:all <none> 1:6.0.1r16-1.1build1
2024-04-24 10:47:54 status half-installed fonts-droid-fallback:all 1:6.0.1r16-1.1build1
2024-04-24 10:47:54 status unpacked fonts-droid-fallback:all 1:6.0.1r16-1.1build1
2024-04-24 10:47:54 install language-pack-de-base:all <none> 1:24.04+20240419
2024-04-24 10:47:54 status half-installed language-pack-de-base:all 1:24.04+20240419
2024-04-24 10:47:54 status unpacked language-pack-de-base:all 1:24.04+20240419
2024-04-24 10:47:54 install language-pack-de:all <none> 1:24.04+20240419
2024-04-24 10:47:54 status half-installed language-pack-de:all 1:24.04+20240419
2024-04-24 10:47:54 status unpacked language-pack-de:all 1:24.04+20240419
2024-04-24 10:47:54 install language-pack-en-base:all <none> 1:24.04+20240419
2024-04-24 10:47:54 status half-installed language-pack-en-base:all 1:24.04+20240419
2024-04-24 10:47:55 status unpacked language-pack-en-base:all 1:24.04+20240419
2024-04-24 10:47:55 install language-pack-en:all <none> 1:24.04+20240419
2024-04-24 10:47:55 status half-installed language-pack-en:all 1:24.04+20240419
2024-04-24 10:47:55 status unpacked language-pack-en:all 1:24.04+20240419
2024-04-24 10:47:55 install language-pack-es-base:all <none> 1:24.04+20240419
2024-04-24 10:47:55 status half-installed language-pack-es-base:all 1:24.04+20240419
2024-04-24 10:47:55 status unpacked language-pack-es-base:all 1:24.04+20240419
2024-04-24 10:47:55 install language-pack-es:all <none> 1:24.04+20240419
2024-04-24 10:47:55 status half-installed language-pack-es:all 1:24.04+20240419
2024-04-24 10:47:55 status unpacked language-pack-es:all 1:24.04+20240419
2024-04-24 10:47:55 install language-pack-fr-base:all <none> 1:24.04+20240419
2024-04-24 10:47:55 status half-installed language-pack-fr-base:all 1:24.04+20240419
2024-04-24 10:47:55 status unpacked language-pack-fr-base:all 1:24.04+20240419
2024-04-24 10:47:55 install language-pack-fr:all <none> 1:24.04+20240419
2024-04-24 10:47:55 status half-installed language-pack-fr:all 1:24.04+20240419
2024-04-24 10:47:55 status unpacked language-pack-fr:all 1:24.04+20240419
2024-04-24 10:47:55 install language-pack-gnome-de-base:all <none> 1:24.04+20240419
2024-04-24 10:47:55 status half-installed language-pack-gnome-de-base:all 1:24.04+20240419
2024-04-24 10:47:55 status unpacked language-pack-gnome-de-base:all 1:24.04+20240419
2024-04-24 10:47:55 install language-pack-gnome-de:all <none> 1:24.04+20240419
2024-04-24 10:47:55 status half-installed language-pack-gnome-de:all 1:24.04+20240419
2024-04-24 10:47:55 status unpacked language-pack-gnome-de:all 1:24.04+20240419
2024-04-24 10:47:55 install language-pack-gnome-en-base:all <none> 1:24.04+20240419
2024-04-24 10:47:55 status half-installed language-pack-gnome-en-base:all 1:24.04+20240419
2024-04-24 10:47:55 status unpacked language-pack-gnome-en-base:all 1:24.04+20240419
2024-04-24 10:47:55 install language-pack-gnome-en:all <none> 1:24.04+20240419
2024-04-24 10:47:55 status half-installed language-pack-gnome-en:all 1:24.04+20240419
2024-04-24 10:47:55 status unpacked language-pack-gnome-en:all 1:24.04+20240419
2024-04-24 10:47:56 install language-pack-gnome-es-base:all <none> 1:24.04+20240419
2024-04-24 10:47:56 status half-installed language-pack-gnome-es-base:all 1:24.04+20240419
2024-04-24 10:47:56 status unpacked language-pack-gnome-es-base:all 1:24.04+20240419
2024-04-24 10:47:56 install language-pack-gnome-es:all <none> 1:24.04+20240419
2024-04-24 10:47:56 status half-installed language-pack-gnome-es:all 1:24.04+20240419
2024-04-24 10:47:56 status unpacked language-pack-gnome-es:all 1:24.04+20240419
2024-04-24 10:47:56 install language-pack-gnome-fr-base:all <none> 1:24.04+20240419
2024-04-24 10:47:56 status half-installed language-pack-gnome-fr-base:all 1:24.04+20240419
2024-04-24 10:47:56 status unpacked language-pack-gnome-fr-base:all 1:24.04+20240419
2024-04-24 10:47:56 install language-pack-gnome-fr:all <none> 1:24.04+20240419
2024-04-24 10:47:56 status half-installed language-pack-gnome-fr:all 1:24.04+20240419
2024-04-24 10:47:56 status unpacked language-pack-gnome-fr:all 1:24.04+20240419
2024-04-24 10:47:56 install language-pack-gnome-it-base:all <none> 1:24.04+20240419
2024-04-24 10:47:56 status half-installed language-pack-gnome-it-base:all 1:24.04+20240419
2024-04-24 10:47:56 status unpacked language-pack-gnome-it-base:all 1:24.04+20240419
2024-04-24 10:47:56 install language-pack-it-base:all <none> 1:24.04+20240419
2024-04-24 10:47:56 status half-installed language-pack-it-base:all 1:24.04+20240419
2024-04-24 10:47:56 status unpacked language-pack-it-base:all 1:24.04+20240419
2024-04-24 10:47:56 install language-pack-it:all <none> 1:24.04+20240419
2024-04-24 10:47:56 status half-installed language-pack-it:all 1:24.04+20240419
2024-04-24 10:47:56 status unpacked language-pack-it:all 1:24.04+20240419
2024-04-24 10:47:56 install language-pack-gnome-it:all <none> 1:24.04+20240419
2024-04-24 10:47:56 status half-installed language-pack-gnome-it:all 1:24.04+20240419
2024-04-24 10:47:56 status unpacked language-pack-gnome-it:all 1:24.04+20240419
2024-04-24 10:47:56 install language-pack-gnome-pt-base:all <none> 1:24.04+20240419
2024-04-24 10:47:56 status half-installed language-pack-gnome-pt-base:all 1:24.04+20240419
2024-04-24 10:47:57 status unpacked language-pack-gnome-pt-base:all 1:24.04+20240419
2024-04-24 10:47:57 install language-pack-pt-base:all <none> 1:24.04+20240419
2024-04-24 10:47:57 status half-installed language-pack-pt-base:all 1:24.04+20240419
2024-04-24 10:47:57 status unpacked language-pack-pt-base:all 1:24.04+20240419
2024-04-24 10:47:57 install language-pack-pt:all <none> 1:24.04+20240419
2024-04-24 10:47:57 status half-installed language-pack-pt:all 1:24.04+20240419
2024-04-24 10:47:57 status unpacked language-pack-pt:all 1:24.04+20240419
2024-04-24 10:47:57 install language-pack-gnome-pt:all <none> 1:24.04+20240419
2024-04-24 10:47:57 status half-installed language-pack-gnome-pt:all 1:24.04+20240419
2024-04-24 10:47:57 status unpacked language-pack-gnome-pt:all 1:24.04+20240419
2024-04-24 10:47:57 install language-pack-gnome-ru-base:all <none> 1:24.04+20240419
2024-04-24 10:47:57 status half-installed language-pack-gnome-ru-base:all 1:24.04+20240419
2024-04-24 10:47:57 status unpacked language-pack-gnome-ru-base:all 1:24.04+20240419
2024-04-24 10:47:57 install language-pack-ru-base:all <none> 1:24.04+20240419
2024-04-24 10:47:57 status half-installed language-pack-ru-base:all 1:24.04+20240419
2024-04-24 10:47:57 status unpacked language-pack-ru-base:all 1:24.04+20240419
2024-04-24 10:47:57 install language-pack-ru:all <none> 1:24.04+20240419
2024-04-24 10:47:57 status half-installed language-pack-ru:all 1:24.04+20240419
2024-04-24 10:47:57 status unpacked language-pack-ru:all 1:24.04+20240419
2024-04-24 10:47:57 install language-pack-gnome-ru:all <none> 1:24.04+20240419
2024-04-24 10:47:57 status half-installed language-pack-gnome-ru:all 1:24.04+20240419
2024-04-24 10:47:57 status unpacked language-pack-gnome-ru:all 1:24.04+20240419
2024-04-24 10:47:57 install language-pack-gnome-zh-hans-base:all <none> 1:24.04+20240419
2024-04-24 10:47:57 status half-installed language-pack-gnome-zh-hans-base:all 1:24.04+20240419
2024-04-24 10:47:58 status unpacked language-pack-gnome-zh-hans-base:all 1:24.04+20240419
2024-04-24 10:47:58 install language-pack-zh-hans-base:all <none> 1:24.04+20240419
2024-04-24 10:47:58 status half-installed language-pack-zh-hans-base:all 1:24.04+20240419
2024-04-24 10:47:58 status unpacked language-pack-zh-hans-base:all 1:24.04+20240419
2024-04-24 10:47:58 install language-pack-zh-hans:all <none> 1:24.04+20240419
2024-04-24 10:47:58 status half-installed language-pack-zh-hans:all 1:24.04+20240419
2024-04-24 10:47:58 status unpacked language-pack-zh-hans:all 1:24.04+20240419
2024-04-24 10:47:58 install language-pack-gnome-zh-hans:all <none> 1:24.04+20240419
2024-04-24 10:47:58 status half-installed language-pack-gnome-zh-hans:all 1:24.04+20240419
2024-04-24 10:47:58 status unpacked language-pack-gnome-zh-hans:all 1:24.04+20240419
2024-04-24 10:47:58 install libaccountsservice0:amd64 <none> 23.13.9-2ubuntu6
2024-04-24 10:47:58 status half-installed libaccountsservice0:amd64 23.13.9-2ubuntu6
2024-04-24 10:47:58 status unpacked libaccountsservice0:amd64 23.13.9-2ubuntu6
2024-04-24 10:47:58 install libpolkit-gobject-1-0:amd64 <none> 124-2ubuntu1
2024-04-24 10:47:58 status half-installed libpolkit-gobject-1-0:amd64 124-2ubuntu1
2024-04-24 10:47:58 status unpacked libpolkit-gobject-1-0:amd64 124-2ubuntu1
2024-04-24 10:47:58 install accountsservice:amd64 <none> 23.13.9-2ubuntu6
2024-04-24 10:47:58 status half-installed accountsservice:amd64 23.13.9-2ubuntu6
2024-04-24 10:47:58 status unpacked accountsservice:amd64 23.13.9-2ubuntu6
2024-04-24 10:47:58 install language-selector-common:all <none> 0.225
2024-04-24 10:47:58 status half-installed language-selector-common:all 0.225
2024-04-24 10:47:58 status triggers-pending dbus:amd64 1.14.10-4ubuntu4
2024-04-24 10:47:58 status unpacked language-selector-common:all 0.225
2024-04-24 10:47:58 install libdebuginfod-common:all <none> 0.190-1.1build4
2024-04-24 10:47:58 status half-installed libdebuginfod-common:all 0.190-1.1build4
2024-04-24 10:47:58 status unpacked libdebuginfod-common:all 0.190-1.1build4
2024-04-24 10:47:58 install libsane-common:all <none> 1.2.1-7build4
2024-04-24 10:47:58 status half-installed libsane-common:all 1.2.1-7build4
2024-04-24 10:47:58 status unpacked libsane-common:all 1.2.1-7build4
2024-04-24 10:47:58 install perl-modules-5.38:all <none> 5.38.2-3.2build2
2024-04-24 10:47:58 status half-installed perl-modules-5.38:all 5.38.2-3.2build2
2024-04-24 10:47:58 status unpacked perl-modules-5.38:all 5.38.2-3.2build2
2024-04-24 10:47:58 install libgdbm6t64:amd64 <none> 1.23-5.1build1
2024-04-24 10:47:58 status half-installed libgdbm6t64:amd64 1.23-5.1build1
2024-04-24 10:47:58 status unpacked libgdbm6t64:amd64 1.23-5.1build1
2024-04-24 10:47:58 install libgdbm-compat4t64:amd64 <none> 1.23-5.1build1
2024-04-24 10:47:58 status half-installed libgdbm-compat4t64:amd64 1.23-5.1build1
2024-04-24 10:47:58 status unpacked libgdbm-compat4t64:amd64 1.23-5.1build1
2024-04-24 10:47:58 install libperl5.38t64:amd64 <none> 5.38.2-3.2build2
2024-04-24 10:47:58 status half-installed libperl5.38t64:amd64 5.38.2-3.2build2
2024-04-24 10:47:58 status unpacked libperl5.38t64:amd64 5.38.2-3.2build2
2024-04-24 10:47:58 install perl:amd64 <none> 5.38.2-3.2build2
2024-04-24 10:47:58 status half-installed perl:amd64 5.38.2-3.2build2
2024-04-24 10:47:58 status unpacked perl:amd64 5.38.2-3.2build2
2024-04-24 10:47:58 install poppler-data:all <none> 0.4.12-1
2024-04-24 10:47:58 status half-installed poppler-data:all 0.4.12-1
2024-04-24 10:47:58 status unpacked poppler-data:all 0.4.12-1
2024-04-24 10:47:59 install update-inetd:all <none> 4.53
2024-04-24 10:47:59 status half-installed update-inetd:all 4.53
2024-04-24 10:47:59 status unpacked update-inetd:all 4.53
2024-04-24 10:47:59 install libieee1284-3t64:amd64 <none> 0.2.11-14.1build1
2024-04-24 10:47:59 status half-installed libieee1284-3t64:amd64 0.2.11-14.1build1
2024-04-24 10:47:59 status unpacked libieee1284-3t64:amd64 0.2.11-14.1build1
2024-04-24 10:47:59 install libjpeg-turbo8:amd64 <none> 2.1.5-2ubuntu2
2024-04-24 10:47:59 status half-installed libjpeg-turbo8:amd64 2.1.5-2ubuntu2
2024-04-24 10:47:59 status unpacked libjpeg-turbo8:amd64 2.1.5-2ubuntu2
2024-04-24 10:47:59 install libjpeg8:amd64 <none> 8c-2ubuntu11
2024-04-24 10:47:59 status half-installed libjpeg8:amd64 8c-2ubuntu11
2024-04-24 10:47:59 status unpacked libjpeg8:amd64 8c-2ubuntu11
2024-04-24 10:47:59 install libpng16-16t64:amd64 <none> 1.6.43-5build1
2024-04-24 10:47:59 status half-installed libpng16-16t64:amd64 1.6.43-5build1
2024-04-24 10:47:59 status unpacked libpng16-16t64:amd64 1.6.43-5build1
2024-04-24 10:47:59 install acl:amd64 <none> 2.3.2-1build1
2024-04-24 10:47:59 status half-installed acl:amd64 2.3.2-1build1
2024-04-24 10:47:59 status unpacked acl:amd64 2.3.2-1build1
2024-04-24 10:47:59 install libfreetype6:amd64 <none> 2.13.2+dfsg-1build3
2024-04-24 10:47:59 status half-installed libfreetype6:amd64 2.13.2+dfsg-1build3
2024-04-24 10:47:59 status unpacked libfreetype6:amd64 2.13.2+dfsg-1build3
2024-04-24 10:47:59 install fonts-dejavu-mono:all <none> 2.37-8
2024-04-24 10:47:59 status half-installed fonts-dejavu-mono:all 2.37-8
2024-04-24 10:47:59 status unpacked fonts-dejavu-mono:all 2.37-8
2024-04-24 10:47:59 install fonts-dejavu-core:all <none> 2.37-8
2024-04-24 10:47:59 status half-installed fonts-dejavu-core:all 2.37-8
2024-04-24 10:47:59 status unpacked fonts-dejavu-core:all 2.37-8
2024-04-24 10:47:59 install fonts-liberation:all <none> 1:2.1.5-3
2024-04-24 10:47:59 status half-installed fonts-liberation:all 1:2.1.5-3
2024-04-24 10:47:59 status unpacked fonts-liberation:all 1:2.1.5-3
2024-04-24 10:47:59 install libfontenc1:amd64 <none> 1:1.1.8-1build1
2024-04-24 10:47:59 status half-installed libfontenc1:amd64 1:1.1.8-1build1
2024-04-24 10:47:59 status unpacked libfontenc1:amd64 1:1.1.8-1build1
2024-04-24 10:47:59 install x11-common:all <none> 1:7.7+23ubuntu3
2024-04-24 10:47:59 status half-installed x11-common:all 1:7.7+23ubuntu3
2024-04-24 10:47:59 status unpacked x11-common:all 1:7.7+23ubuntu3
2024-04-24 10:47:59 install xfonts-encodings:all <none> 1:1.0.5-0ubuntu2
2024-04-24 10:47:59 status half-installed xfonts-encodings:all 1:1.0.5-0ubuntu2
2024-04-24 10:47:59 status unpacked xfonts-encodings:all 1:1.0.5-0ubuntu2
2024-04-24 10:47:59 install xfonts-utils:amd64 <none> 1:7.7+6build3
2024-04-24 10:47:59 status half-installed xfonts-utils:amd64 1:7.7+6build3
2024-04-24 10:47:59 status unpacked xfonts-utils:amd64 1:7.7+6build3
2024-04-24 10:47:59 install fonts-urw-base35:all <none> 20200910-8
2024-04-24 10:47:59 status half-installed fonts-urw-base35:all 20200910-8
2024-04-24 10:47:59 status unpacked fonts-urw-base35:all 20200910-8
2024-04-24 10:47:59 install fonts-noto-mono:all <none> 20201225-2
2024-04-24 10:47:59 status half-installed fonts-noto-mono:all 20201225-2
2024-04-24 10:47:59 status unpacked fonts-noto-mono:all 20201225-2
2024-04-24 10:47:59 install fonts-noto-core:all <none> 20201225-2
2024-04-24 10:47:59 status half-installed fonts-noto-core:all 20201225-2
2024-04-24 10:47:59 status unpacked fonts-noto-core:all 20201225-2
2024-04-24 10:47:59 install fontconfig-config:amd64 <none> 2.15.0-1.1ubuntu2
2024-04-24 10:47:59 status half-installed fontconfig-config:amd64 2.15.0-1.1ubuntu2
2024-04-24 10:47:59 status unpacked fontconfig-config:amd64 2.15.0-1.1ubuntu2
2024-04-24 10:47:59 install libfontconfig1:amd64 <none> 2.15.0-1.1ubuntu2
2024-04-24 10:47:59 status half-installed libfontconfig1:amd64 2.15.0-1.1ubuntu2
2024-04-24 10:47:59 status unpacked libfontconfig1:amd64 2.15.0-1.1ubuntu2
2024-04-24 10:47:59 install libpixman-1-0:amd64 <none> 0.42.2-1build1
2024-04-24 10:47:59 status half-installed libpixman-1-0:amd64 0.42.2-1build1
2024-04-24 10:47:59 status unpacked libpixman-1-0:amd64 0.42.2-1build1
2024-04-24 10:47:59 install libxau6:amd64 <none> 1:1.0.9-1build6
2024-04-24 10:47:59 status half-installed libxau6:amd64 1:1.0.9-1build6
2024-04-24 10:47:59 status unpacked libxau6:amd64 1:1.0.9-1build6
2024-04-24 10:47:59 install libxdmcp6:amd64 <none> 1:1.1.3-0ubuntu6
2024-04-24 10:47:59 status half-installed libxdmcp6:amd64 1:1.1.3-0ubuntu6
2024-04-24 10:47:59 status unpacked libxdmcp6:amd64 1:1.1.3-0ubuntu6
2024-04-24 10:47:59 install libxcb1:amd64 <none> 1.15-1ubuntu2
2024-04-24 10:47:59 status half-installed libxcb1:amd64 1.15-1ubuntu2
2024-04-24 10:47:59 status unpacked libxcb1:amd64 1.15-1ubuntu2
2024-04-24 10:47:59 install libx11-data:all <none> 2:1.8.7-1build1
2024-04-24 10:47:59 status half-installed libx11-data:all 2:1.8.7-1build1
2024-04-24 10:47:59 status unpacked libx11-data:all 2:1.8.7-1build1
2024-04-24 10:47:59 install libx11-6:amd64 <none> 2:1.8.7-1build1
2024-04-24 10:47:59 status half-installed libx11-6:amd64 2:1.8.7-1build1
2024-04-24 10:48:00 status unpacked libx11-6:amd64 2:1.8.7-1build1
2024-04-24 10:48:00 install libxcb-render0:amd64 <none> 1.15-1ubuntu2
2024-04-24 10:48:00 status half-installed libxcb-render0:amd64 1.15-1ubuntu2
2024-04-24 10:48:00 status unpacked libxcb-render0:amd64 1.15-1ubuntu2
2024-04-24 10:48:00 install libxcb-shm0:amd64 <none> 1.15-1ubuntu2
2024-04-24 10:48:00 status half-installed libxcb-shm0:amd64 1.15-1ubuntu2
2024-04-24 10:48:00 status unpacked libxcb-shm0:amd64 1.15-1ubuntu2
2024-04-24 10:48:00 install libxext6:amd64 <none> 2:1.3.4-1build2
2024-04-24 10:48:00 status half-installed libxext6:amd64 2:1.3.4-1build2
2024-04-24 10:48:00 status unpacked libxext6:amd64 2:1.3.4-1build2
2024-04-24 10:48:00 install libxrender1:amd64 <none> 1:0.9.10-1.1build1
2024-04-24 10:48:00 status half-installed libxrender1:amd64 1:0.9.10-1.1build1
2024-04-24 10:48:00 status unpacked libxrender1:amd64 1:0.9.10-1.1build1
2024-04-24 10:48:00 install libcairo2:amd64 <none> 1.18.0-3build1
2024-04-24 10:48:00 status half-installed libcairo2:amd64 1.18.0-3build1
2024-04-24 10:48:00 status unpacked libcairo2:amd64 1.18.0-3build1
2024-04-24 10:48:00 install libcurl4t64:amd64 <none> 8.5.0-2ubuntu10
2024-04-24 10:48:00 status half-installed libcurl4t64:amd64 8.5.0-2ubuntu10
2024-04-24 10:48:00 status unpacked libcurl4t64:amd64 8.5.0-2ubuntu10
2024-04-24 10:48:00 install libexif12:amd64 <none> 0.6.24-1build2
2024-04-24 10:48:00 status half-installed libexif12:amd64 0.6.24-1build2
2024-04-24 10:48:00 status unpacked libexif12:amd64 0.6.24-1build2
2024-04-24 10:48:00 install libsharpyuv0:amd64 <none> 1.3.2-0.4build3
2024-04-24 10:48:00 status half-installed libsharpyuv0:amd64 1.3.2-0.4build3
2024-04-24 10:48:00 status unpacked libsharpyuv0:amd64 1.3.2-0.4build3
2024-04-24 10:48:00 install libaom3:amd64 <none> 3.8.2-2build1
2024-04-24 10:48:00 status half-installed libaom3:amd64 3.8.2-2build1
2024-04-24 10:48:00 status unpacked libaom3:amd64 3.8.2-2build1
2024-04-24 10:48:00 install libheif-plugin-aomdec:amd64 <none> 1.17.6-1ubuntu4
2024-04-24 10:48:00 status half-installed libheif-plugin-aomdec:amd64 1.17.6-1ubuntu4
2024-04-24 10:48:00 status unpacked libheif-plugin-aomdec:amd64 1.17.6-1ubuntu4
2024-04-24 10:48:00 install libde265-0:amd64 <none> 1.0.15-1build3
2024-04-24 10:48:00 status half-installed libde265-0:amd64 1.0.15-1build3
2024-04-24 10:48:00 status unpacked libde265-0:amd64 1.0.15-1build3
2024-04-24 10:48:00 install libheif-plugin-libde265:amd64 <none> 1.17.6-1ubuntu4
2024-04-24 10:48:00 status half-installed libheif-plugin-libde265:amd64 1.17.6-1ubuntu4
2024-04-24 10:48:00 status unpacked libheif-plugin-libde265:amd64 1.17.6-1ubuntu4
2024-04-24 10:48:00 install libheif1:amd64 <none> 1.17.6-1ubuntu4
2024-04-24 10:48:00 status half-installed libheif1:amd64 1.17.6-1ubuntu4
2024-04-24 10:48:00 status unpacked libheif1:amd64 1.17.6-1ubuntu4
2024-04-24 10:48:00 install libdeflate0:amd64 <none> 1.19-1build1
2024-04-24 10:48:00 status half-installed libdeflate0:amd64 1.19-1build1
2024-04-24 10:48:00 status unpacked libdeflate0:amd64 1.19-1build1
2024-04-24 10:48:00 install libjbig0:amd64 <none> 2.1-6.1ubuntu2
2024-04-24 10:48:00 status half-installed libjbig0:amd64 2.1-6.1ubuntu2
2024-04-24 10:48:00 status unpacked libjbig0:amd64 2.1-6.1ubuntu2
2024-04-24 10:48:00 install liblerc4:amd64 <none> 4.0.0+ds-4ubuntu2
2024-04-24 10:48:00 status half-installed liblerc4:amd64 4.0.0+ds-4ubuntu2
2024-04-24 10:48:00 status unpacked liblerc4:amd64 4.0.0+ds-4ubuntu2
2024-04-24 10:48:00 install libwebp7:amd64 <none> 1.3.2-0.4build3
2024-04-24 10:48:00 status half-installed libwebp7:amd64 1.3.2-0.4build3
2024-04-24 10:48:00 status unpacked libwebp7:amd64 1.3.2-0.4build3
2024-04-24 10:48:00 install libtiff6:amd64 <none> 4.5.1+git230720-4ubuntu2
2024-04-24 10:48:00 status half-installed libtiff6:amd64 4.5.1+git230720-4ubuntu2
2024-04-24 10:48:00 status unpacked libtiff6:amd64 4.5.1+git230720-4ubuntu2
2024-04-24 10:48:00 install libxpm4:amd64 <none> 1:3.5.17-1build2
2024-04-24 10:48:00 status half-installed libxpm4:amd64 1:3.5.17-1build2
2024-04-24 10:48:00 status unpacked libxpm4:amd64 1:3.5.17-1build2
2024-04-24 10:48:00 install libgd3:amd64 <none> 2.3.3-9ubuntu5
2024-04-24 10:48:00 status half-installed libgd3:amd64 2.3.3-9ubuntu5
2024-04-24 10:48:00 status unpacked libgd3:amd64 2.3.3-9ubuntu5
2024-04-24 10:48:00 install libltdl7:amd64 <none> 2.4.7-7build1
2024-04-24 10:48:00 status half-installed libltdl7:amd64 2.4.7-7build1
2024-04-24 10:48:00 status unpacked libltdl7:amd64 2.4.7-7build1
2024-04-24 10:48:00 install libusb-1.0-0:amd64 <none> 2:1.0.27-1
2024-04-24 10:48:00 status half-installed libusb-1.0-0:amd64 2:1.0.27-1
2024-04-24 10:48:00 status unpacked libusb-1.0-0:amd64 2:1.0.27-1
2024-04-24 10:48:00 install libgphoto2-port12t64:amd64 <none> 2.5.31-2.1build2
2024-04-24 10:48:00 status half-installed libgphoto2-port12t64:amd64 2.5.31-2.1build2
2024-04-24 10:48:00 status unpacked libgphoto2-port12t64:amd64 2.5.31-2.1build2
2024-04-24 10:48:00 install libgphoto2-6t64:amd64 <none> 2.5.31-2.1build2
2024-04-24 10:48:00 status half-installed libgphoto2-6t64:amd64 2.5.31-2.1build2
2024-04-24 10:48:00 status triggers-pending udev:amd64 255.4-1ubuntu8
2024-04-24 10:48:00 status unpacked libgphoto2-6t64:amd64 2.5.31-2.1build2
2024-04-24 10:48:00 install liblcms2-2:amd64 <none> 2.14-2build1
2024-04-24 10:48:00 status half-installed liblcms2-2:amd64 2.14-2build1
2024-04-24 10:48:00 status unpacked liblcms2-2:amd64 2.14-2build1
2024-04-24 10:48:00 install libnspr4:amd64 <none> 2:4.35-1.1build1
2024-04-24 10:48:00 status half-installed libnspr4:amd64 2:4.35-1.1build1
2024-04-24 10:48:00 status unpacked libnspr4:amd64 2:4.35-1.1build1
2024-04-24 10:48:00 install libnss3:amd64 <none> 2:3.98-1build1
2024-04-24 10:48:00 status half-installed libnss3:amd64 2:3.98-1build1
2024-04-24 10:48:00 status unpacked libnss3:amd64 2:3.98-1build1
2024-04-24 10:48:00 install libopenjp2-7:amd64 <none> 2.5.0-2build3
2024-04-24 10:48:00 status half-installed libopenjp2-7:amd64 2.5.0-2build3
2024-04-24 10:48:00 status unpacked libopenjp2-7:amd64 2.5.0-2build3
2024-04-24 10:48:00 install libpoppler134:amd64 <none> 24.02.0-1ubuntu9
2024-04-24 10:48:00 status half-installed libpoppler134:amd64 24.02.0-1ubuntu9
2024-04-24 10:48:00 status unpacked libpoppler134:amd64 24.02.0-1ubuntu9
2024-04-24 10:48:00 install libpoppler-glib8t64:amd64 <none> 24.02.0-1ubuntu9
2024-04-24 10:48:00 status half-installed libpoppler-glib8t64:amd64 24.02.0-1ubuntu9
2024-04-24 10:48:00 status unpacked libpoppler-glib8t64:amd64 24.02.0-1ubuntu9
2024-04-24 10:48:00 install pci.ids:all <none> 0.0~2024.03.31-1
2024-04-24 10:48:00 status half-installed pci.ids:all 0.0~2024.03.31-1
2024-04-24 10:48:00 status unpacked pci.ids:all 0.0~2024.03.31-1
2024-04-24 10:48:01 install libpci3:amd64 <none> 1:3.10.0-2build1
2024-04-24 10:48:01 status half-installed libpci3:amd64 1:3.10.0-2build1
2024-04-24 10:48:01 status unpacked libpci3:amd64 1:3.10.0-2build1
2024-04-24 10:48:01 install libsensors-config:all <none> 1:3.6.0-9build1
2024-04-24 10:48:01 status half-installed libsensors-config:all 1:3.6.0-9build1
2024-04-24 10:48:01 status unpacked libsensors-config:all 1:3.6.0-9build1
2024-04-24 10:48:01 install libsensors5:amd64 <none> 1:3.6.0-9build1
2024-04-24 10:48:01 status half-installed libsensors5:amd64 1:3.6.0-9build1
2024-04-24 10:48:01 status unpacked libsensors5:amd64 1:3.6.0-9build1
2024-04-24 10:48:01 install libwrap0:amd64 <none> 7.6.q-33
2024-04-24 10:48:01 status half-installed libwrap0:amd64 7.6.q-33
2024-04-24 10:48:01 status unpacked libwrap0:amd64 7.6.q-33
2024-04-24 10:48:01 install libsnmp-base:all <none> 5.9.4+dfsg-1.1ubuntu3
2024-04-24 10:48:01 status half-installed libsnmp-base:all 5.9.4+dfsg-1.1ubuntu3
2024-04-24 10:48:01 status unpacked libsnmp-base:all 5.9.4+dfsg-1.1ubuntu3
2024-04-24 10:48:01 install libsnmp40t64:amd64 <none> 5.9.4+dfsg-1.1ubuntu3
2024-04-24 10:48:01 status half-installed libsnmp40t64:amd64 5.9.4+dfsg-1.1ubuntu3
2024-04-24 10:48:01 status unpacked libsnmp40t64:amd64 5.9.4+dfsg-1.1ubuntu3
2024-04-24 10:48:01 install libsane1:amd64 <none> 1.2.1-7build4
2024-04-24 10:48:01 status half-installed libsane1:amd64 1.2.1-7build4
2024-04-24 10:48:01 status unpacked libsane1:amd64 1.2.1-7build4
2024-04-24 10:48:01 install sane-utils:amd64 <none> 1.2.1-7build4
2024-04-24 10:48:01 status half-installed sane-utils:amd64 1.2.1-7build4
2024-04-24 10:48:01 status unpacked sane-utils:amd64 1.2.1-7build4
2024-04-24 10:48:01 install sgml-base:all <none> 1.31
2024-04-24 10:48:01 status half-installed sgml-base:all 1.31
2024-04-24 10:48:01 status unpacked sgml-base:all 1.31
2024-04-24 10:48:01 install libdrm-common:all <none> 2.4.120-2build1
2024-04-24 10:48:01 status half-installed libdrm-common:all 2.4.120-2build1
2024-04-24 10:48:01 status unpacked libdrm-common:all 2.4.120-2build1
2024-04-24 10:48:01 install libdrm2:amd64 <none> 2.4.120-2build1
2024-04-24 10:48:01 status half-installed libdrm2:amd64 2.4.120-2build1
2024-04-24 10:48:01 status unpacked libdrm2:amd64 2.4.120-2build1
2024-04-24 10:48:01 install libgdk-pixbuf2.0-common:all <none> 2.42.10+dfsg-3ubuntu3
2024-04-24 10:48:01 status half-installed libgdk-pixbuf2.0-common:all 2.42.10+dfsg-3ubuntu3
2024-04-24 10:48:01 status unpacked libgdk-pixbuf2.0-common:all 2.42.10+dfsg-3ubuntu3
2024-04-24 10:48:01 install libgdk-pixbuf-2.0-0:amd64 <none> 2.42.10+dfsg-3ubuntu3
2024-04-24 10:48:01 status half-installed libgdk-pixbuf-2.0-0:amd64 2.42.10+dfsg-3ubuntu3
2024-04-24 10:48:01 status unpacked libgdk-pixbuf-2.0-0:amd64 2.42.10+dfsg-3ubuntu3
2024-04-24 10:48:01 install gtk-update-icon-cache:amd64 <none> 3.24.41-4ubuntu1
2024-04-24 10:48:01 status half-installed gtk-update-icon-cache:amd64 3.24.41-4ubuntu1
2024-04-24 10:48:01 status unpacked gtk-update-icon-cache:amd64 3.24.41-4ubuntu1
2024-04-24 10:48:01 install hicolor-icon-theme:all <none> 0.17-2
2024-04-24 10:48:01 status half-installed hicolor-icon-theme:all 0.17-2
2024-04-24 10:48:01 status unpacked hicolor-icon-theme:all 0.17-2
2024-04-24 10:48:01 install humanity-icon-theme:all <none> 0.6.16
2024-04-24 10:48:01 status half-installed humanity-icon-theme:all 0.6.16
2024-04-24 10:48:02 status unpacked humanity-icon-theme:all 0.6.16
2024-04-24 10:48:02 install ubuntu-mono:all <none> 24.04-0ubuntu1
2024-04-24 10:48:02 status half-installed ubuntu-mono:all 24.04-0ubuntu1
2024-04-24 10:48:02 status unpacked ubuntu-mono:all 24.04-0ubuntu1
2024-04-24 10:48:02 install adwaita-icon-theme:all <none> 46.0-1
2024-04-24 10:48:02 status half-installed adwaita-icon-theme:all 46.0-1
2024-04-24 10:48:02 status unpacked adwaita-icon-theme:all 46.0-1
2024-04-24 10:48:02 install at-spi2-common:all <none> 2.52.0-1build1
2024-04-24 10:48:02 status half-installed at-spi2-common:all 2.52.0-1build1
2024-04-24 10:48:02 status unpacked at-spi2-common:all 2.52.0-1build1
2024-04-24 10:48:02 install libatk1.0-0t64:amd64 <none> 2.52.0-1build1
2024-04-24 10:48:02 status half-installed libatk1.0-0t64:amd64 2.52.0-1build1
2024-04-24 10:48:02 status unpacked libatk1.0-0t64:amd64 2.52.0-1build1
2024-04-24 10:48:02 install libxi6:amd64 <none> 2:1.8.1-1build1
2024-04-24 10:48:02 status half-installed libxi6:amd64 2:1.8.1-1build1
2024-04-24 10:48:02 status unpacked libxi6:amd64 2:1.8.1-1build1
2024-04-24 10:48:02 install libatspi2.0-0t64:amd64 <none> 2.52.0-1build1
2024-04-24 10:48:02 status half-installed libatspi2.0-0t64:amd64 2.52.0-1build1
2024-04-24 10:48:02 status unpacked libatspi2.0-0t64:amd64 2.52.0-1build1
2024-04-24 10:48:02 install libatk-bridge2.0-0t64:amd64 <none> 2.52.0-1build1
2024-04-24 10:48:02 status half-installed libatk-bridge2.0-0t64:amd64 2.52.0-1build1
2024-04-24 10:48:02 status unpacked libatk-bridge2.0-0t64:amd64 2.52.0-1build1
2024-04-24 10:48:02 install libcairo-gobject2:amd64 <none> 1.18.0-3build1
2024-04-24 10:48:02 status half-installed libcairo-gobject2:amd64 1.18.0-3build1
2024-04-24 10:48:02 status unpacked libcairo-gobject2:amd64 1.18.0-3build1
2024-04-24 10:48:02 install libcolord2:amd64 <none> 1.4.7-1build2
2024-04-24 10:48:02 status half-installed libcolord2:amd64 1.4.7-1build2
2024-04-24 10:48:02 status unpacked libcolord2:amd64 1.4.7-1build2
2024-04-24 10:48:02 install libepoxy0:amd64 <none> 1.5.10-1build1
2024-04-24 10:48:02 status half-installed libepoxy0:amd64 1.5.10-1build1
2024-04-24 10:48:02 status unpacked libepoxy0:amd64 1.5.10-1build1
2024-04-24 10:48:02 install libgraphite2-3:amd64 <none> 1.3.14-2build1
2024-04-24 10:48:02 status half-installed libgraphite2-3:amd64 1.3.14-2build1
2024-04-24 10:48:02 status unpacked libgraphite2-3:amd64 1.3.14-2build1
2024-04-24 10:48:02 install libharfbuzz0b:amd64 <none> 8.3.0-2build2
2024-04-24 10:48:02 status half-installed libharfbuzz0b:amd64 8.3.0-2build2
2024-04-24 10:48:02 status unpacked libharfbuzz0b:amd64 8.3.0-2build2
2024-04-24 10:48:02 install fontconfig:amd64 <none> 2.15.0-1.1ubuntu2
2024-04-24 10:48:02 status half-installed fontconfig:amd64 2.15.0-1.1ubuntu2
2024-04-24 10:48:02 status unpacked fontconfig:amd64 2.15.0-1.1ubuntu2
2024-04-24 10:48:02 install libthai-data:all <none> 0.1.29-2build1
2024-04-24 10:48:02 status half-installed libthai-data:all 0.1.29-2build1
2024-04-24 10:48:02 status unpacked libthai-data:all 0.1.29-2build1
2024-04-24 10:48:02 install libdatrie1:amd64 <none> 0.2.13-3build1
2024-04-24 10:48:02 status half-installed libdatrie1:amd64 0.2.13-3build1
2024-04-24 10:48:02 status unpacked libdatrie1:amd64 0.2.13-3build1
2024-04-24 10:48:02 install libthai0:amd64 <none> 0.1.29-2build1
2024-04-24 10:48:02 status half-installed libthai0:amd64 0.1.29-2build1
2024-04-24 10:48:02 status unpacked libthai0:amd64 0.1.29-2build1
2024-04-24 10:48:02 install libpango-1.0-0:amd64 <none> 1.52.1+ds-1build1
2024-04-24 10:48:02 status half-installed libpango-1.0-0:amd64 1.52.1+ds-1build1
2024-04-24 10:48:02 status unpacked libpango-1.0-0:amd64 1.52.1+ds-1build1
2024-04-24 10:48:02 install libpangoft2-1.0-0:amd64 <none> 1.52.1+ds-1build1
2024-04-24 10:48:02 status half-installed libpangoft2-1.0-0:amd64 1.52.1+ds-1build1
2024-04-24 10:48:02 status unpacked libpangoft2-1.0-0:amd64 1.52.1+ds-1build1
2024-04-24 10:48:02 install libpangocairo-1.0-0:amd64 <none> 1.52.1+ds-1build1
2024-04-24 10:48:02 status half-installed libpangocairo-1.0-0:amd64 1.52.1+ds-1build1
2024-04-24 10:48:02 status unpacked libpangocairo-1.0-0:amd64 1.52.1+ds-1build1
2024-04-24 10:48:02 install libwayland-client0:amd64 <none> 1.22.0-2.1build1
2024-04-24 10:48:02 status half-installed libwayland-client0:amd64 1.22.0-2.1build1
2024-04-24 10:48:02 status unpacked libwayland-client0:amd64 1.22.0-2.1build1
2024-04-24 10:48:02 install libwayland-cursor0:amd64 <none> 1.22.0-2.1build1
2024-04-24 10:48:02 status half-installed libwayland-cursor0:amd64 1.22.0-2.1build1
2024-04-24 10:48:02 status unpacked libwayland-cursor0:amd64 1.22.0-2.1build1
2024-04-24 10:48:03 install libwayland-egl1:amd64 <none> 1.22.0-2.1build1
2024-04-24 10:48:03 status half-installed libwayland-egl1:amd64 1.22.0-2.1build1
2024-04-24 10:48:03 status unpacked libwayland-egl1:amd64 1.22.0-2.1build1
2024-04-24 10:48:03 install libxcomposite1:amd64 <none> 1:0.4.5-1build3
2024-04-24 10:48:03 status half-installed libxcomposite1:amd64 1:0.4.5-1build3
2024-04-24 10:48:03 status unpacked libxcomposite1:amd64 1:0.4.5-1build3
2024-04-24 10:48:03 install libxfixes3:amd64 <none> 1:6.0.0-2build1
2024-04-24 10:48:03 status half-installed libxfixes3:amd64 1:6.0.0-2build1
2024-04-24 10:48:03 status unpacked libxfixes3:amd64 1:6.0.0-2build1
2024-04-24 10:48:03 install libxcursor1:amd64 <none> 1:1.2.1-1build1
2024-04-24 10:48:03 status half-installed libxcursor1:amd64 1:1.2.1-1build1
2024-04-24 10:48:03 status unpacked libxcursor1:amd64 1:1.2.1-1build1
2024-04-24 10:48:03 install libxdamage1:amd64 <none> 1:1.1.6-1build1
2024-04-24 10:48:03 status half-installed libxdamage1:amd64 1:1.1.6-1build1
2024-04-24 10:48:03 status unpacked libxdamage1:amd64 1:1.1.6-1build1
2024-04-24 10:48:03 install libxinerama1:amd64 <none> 2:1.1.4-3build1
2024-04-24 10:48:03 status half-installed libxinerama1:amd64 2:1.1.4-3build1
2024-04-24 10:48:03 status unpacked libxinerama1:amd64 2:1.1.4-3build1
2024-04-24 10:48:03 install libxkbcommon0:amd64 <none> 1.6.0-1build1
2024-04-24 10:48:03 status half-installed libxkbcommon0:amd64 1.6.0-1build1
2024-04-24 10:48:03 status unpacked libxkbcommon0:amd64 1.6.0-1build1
2024-04-24 10:48:03 install libxrandr2:amd64 <none> 2:1.5.2-2build1
2024-04-24 10:48:03 status half-installed libxrandr2:amd64 2:1.5.2-2build1
2024-04-24 10:48:03 status unpacked libxrandr2:amd64 2:1.5.2-2build1
2024-04-24 10:48:03 install libgtk-3-common:all <none> 3.24.41-4ubuntu1
2024-04-24 10:48:03 status half-installed libgtk-3-common:all 3.24.41-4ubuntu1
2024-04-24 10:48:03 status unpacked libgtk-3-common:all 3.24.41-4ubuntu1
2024-04-24 10:48:03 install libgtk-3-0t64:amd64 <none> 3.24.41-4ubuntu1
2024-04-24 10:48:03 status half-installed libgtk-3-0t64:amd64 3.24.41-4ubuntu1
2024-04-24 10:48:03 status unpacked libgtk-3-0t64:amd64 3.24.41-4ubuntu1
2024-04-24 10:48:03 install libpciaccess0:amd64 <none> 0.17-3build1
2024-04-24 10:48:03 status half-installed libpciaccess0:amd64 0.17-3build1
2024-04-24 10:48:03 status unpacked libpciaccess0:amd64 0.17-3build1
2024-04-24 10:48:03 install spice-vdagent:amd64 <none> 0.22.1-4build3
2024-04-24 10:48:03 status half-installed spice-vdagent:amd64 0.22.1-4build3
2024-04-24 10:48:03 status unpacked spice-vdagent:amd64 0.22.1-4build3
2024-04-24 10:48:03 install python3-xkit:all <none> 0.5.0ubuntu6
2024-04-24 10:48:03 status half-installed python3-xkit:all 0.5.0ubuntu6
2024-04-24 10:48:03 status unpacked python3-xkit:all 0.5.0ubuntu6
2024-04-24 10:48:03 install python3-colorama:all <none> 0.4.6-4
2024-04-24 10:48:03 status half-installed python3-colorama:all 0.4.6-4
2024-04-24 10:48:03 status unpacked python3-colorama:all 0.4.6-4
2024-04-24 10:48:03 install python3-click:all <none> 8.1.6-2
2024-04-24 10:48:03 status half-installed python3-click:all 8.1.6-2
2024-04-24 10:48:03 status unpacked python3-click:all 8.1.6-2
2024-04-24 10:48:04 install pciutils:amd64 <none> 1:3.10.0-2build1
2024-04-24 10:48:04 status half-installed pciutils:amd64 1:3.10.0-2build1
2024-04-24 10:48:04 status unpacked pciutils:amd64 1:3.10.0-2build1
2024-04-24 10:48:04 install usbutils:amd64 <none> 1:017-3build1
2024-04-24 10:48:04 status half-installed usbutils:amd64 1:017-3build1
2024-04-24 10:48:04 status unpacked usbutils:amd64 1:017-3build1
2024-04-24 10:48:04 install ubuntu-drivers-common:amd64 <none> 1:0.9.7.6ubuntu3
2024-04-24 10:48:04 status half-installed ubuntu-drivers-common:amd64 1:0.9.7.6ubuntu3
2024-04-24 10:48:04 status unpacked ubuntu-drivers-common:amd64 1:0.9.7.6ubuntu3
2024-04-24 10:48:04 install zstd:amd64 <none> 1.5.5+dfsg2-2build1
2024-04-24 10:48:04 status half-installed zstd:amd64 1.5.5+dfsg2-2build1
2024-04-24 10:48:04 status unpacked zstd:amd64 1.5.5+dfsg2-2build1
2024-04-24 10:48:04 install python3-debian:all <none> 0.1.49ubuntu2
2024-04-24 10:48:04 status half-installed python3-debian:all 0.1.49ubuntu2
2024-04-24 10:48:04 status unpacked python3-debian:all 0.1.49ubuntu2
2024-04-24 10:48:04 install python3-debconf:all <none> 1.5.86ubuntu1
2024-04-24 10:48:04 status half-installed python3-debconf:all 1.5.86ubuntu1
2024-04-24 10:48:04 status unpacked python3-debconf:all 1.5.86ubuntu1
2024-04-24 10:48:04 install python3-distro-info:all <none> 1.7build1
2024-04-24 10:48:04 status half-installed python3-distro-info:all 1.7build1
2024-04-24 10:48:04 status unpacked python3-distro-info:all 1.7build1
2024-04-24 10:48:04 install patch:amd64 <none> 2.7.6-7build3
2024-04-24 10:48:04 status half-installed patch:amd64 2.7.6-7build3
2024-04-24 10:48:04 status unpacked patch:amd64 2.7.6-7build3
2024-04-24 10:48:04 install python3-distupgrade:all <none> 1:24.04.16
2024-04-24 10:48:04 status half-installed python3-distupgrade:all 1:24.04.16
2024-04-24 10:48:04 status unpacked python3-distupgrade:all 1:24.04.16
2024-04-24 10:48:04 install python3-update-manager:all <none> 1:24.04.6
2024-04-24 10:48:04 status half-installed python3-update-manager:all 1:24.04.6
2024-04-24 10:48:04 status unpacked python3-update-manager:all 1:24.04.6
2024-04-24 10:48:04 install ubuntu-release-upgrader-core:all <none> 1:24.04.16
2024-04-24 10:48:04 status half-installed ubuntu-release-upgrader-core:all 1:24.04.16
2024-04-24 10:48:04 status unpacked ubuntu-release-upgrader-core:all 1:24.04.16
2024-04-24 10:48:04 install update-manager-core:all <none> 1:24.04.6
2024-04-24 10:48:04 status half-installed update-manager-core:all 1:24.04.6
2024-04-24 10:48:04 status unpacked update-manager-core:all 1:24.04.6
2024-04-24 10:48:04 install update-notifier-common:all <none> 3.192.68build3
2024-04-24 10:48:04 status half-installed update-notifier-common:all 3.192.68build3
2024-04-24 10:48:04 status unpacked update-notifier-common:all 3.192.68build3
2024-04-24 10:48:04 install libwhoopsie0:amd64 <none> 0.2.77build3
2024-04-24 10:48:04 status half-installed libwhoopsie0:amd64 0.2.77build3
2024-04-24 10:48:04 status unpacked libwhoopsie0:amd64 0.2.77build3
2024-04-24 10:48:04 install whoopsie:amd64 <none> 0.2.77build3
2024-04-24 10:48:04 status half-installed whoopsie:amd64 0.2.77build3
2024-04-24 10:48:04 status unpacked whoopsie:amd64 0.2.77build3
2024-04-24 10:48:04 install install-info:amd64 <none> 7.1-3build2
2024-04-24 10:48:04 status half-installed install-info:amd64 7.1-3build2
2024-04-24 10:48:04 status unpacked install-info:amd64 7.1-3build2
2024-04-24 10:48:04 startup packages configure
2024-04-24 10:48:04 configure install-info:amd64 7.1-3build2 <none>
2024-04-24 10:48:04 status unpacked install-info:amd64 7.1-3build2
2024-04-24 10:48:04 status half-configured install-info:amd64 7.1-3build2
2024-04-24 10:48:04 status installed install-info:amd64 7.1-3build2
2024-04-24 10:48:04 startup archives unpack
2024-04-24 10:48:05 install libuv1t64:amd64 <none> 1.48.0-1.1build1
2024-04-24 10:48:05 status half-installed libuv1t64:amd64 1.48.0-1.1build1
2024-04-24 10:48:05 status unpacked libuv1t64:amd64 1.48.0-1.1build1
2024-04-24 10:48:05 install liblmdb0:amd64 <none> 0.9.31-1build1
2024-04-24 10:48:05 status half-installed liblmdb0:amd64 0.9.31-1build1
2024-04-24 10:48:05 status unpacked liblmdb0:amd64 0.9.31-1build1
2024-04-24 10:48:05 install libmaxminddb0:amd64 <none> 1.9.1-1build1
2024-04-24 10:48:05 status half-installed libmaxminddb0:amd64 1.9.1-1build1
2024-04-24 10:48:05 status unpacked libmaxminddb0:amd64 1.9.1-1build1
2024-04-24 10:48:05 install bind9-libs:amd64 <none> 1:9.18.24-0ubuntu5
2024-04-24 10:48:05 status half-installed bind9-libs:amd64 1:9.18.24-0ubuntu5
2024-04-24 10:48:05 status unpacked bind9-libs:amd64 1:9.18.24-0ubuntu5
2024-04-24 10:48:05 install bind9-host:amd64 <none> 1:9.18.24-0ubuntu5
2024-04-24 10:48:05 status half-installed bind9-host:amd64 1:9.18.24-0ubuntu5
2024-04-24 10:48:05 status unpacked bind9-host:amd64 1:9.18.24-0ubuntu5
2024-04-24 10:48:05 install bind9-dnsutils:amd64 <none> 1:9.18.24-0ubuntu5
2024-04-24 10:48:05 status half-installed bind9-dnsutils:amd64 1:9.18.24-0ubuntu5
2024-04-24 10:48:05 status unpacked bind9-dnsutils:amd64 1:9.18.24-0ubuntu5
2024-04-24 10:48:05 install busybox-static:amd64 <none> 1:1.36.1-6ubuntu3
2024-04-24 10:48:05 status half-installed busybox-static:amd64 1:1.36.1-6ubuntu3
2024-04-24 10:48:05 status unpacked busybox-static:amd64 1:1.36.1-6ubuntu3
2024-04-24 10:48:05 install python3-gdbm:amd64 <none> 3.12.3-0ubuntu1
2024-04-24 10:48:05 status half-installed python3-gdbm:amd64 3.12.3-0ubuntu1
2024-04-24 10:48:05 status unpacked python3-gdbm:amd64 3.12.3-0ubuntu1
2024-04-24 10:48:05 install python3-commandnotfound:all <none> 23.04.0
2024-04-24 10:48:05 status half-installed python3-commandnotfound:all 23.04.0
2024-04-24 10:48:05 status unpacked python3-commandnotfound:all 23.04.0
2024-04-24 10:48:05 install command-not-found:all <none> 23.04.0
2024-04-24 10:48:05 status half-installed command-not-found:all 23.04.0
2024-04-24 10:48:05 status unpacked command-not-found:all 23.04.0
2024-04-24 10:48:05 install cpio:amd64 <none> 2.15+dfsg-1ubuntu2
2024-04-24 10:48:05 status half-installed cpio:amd64 2.15+dfsg-1ubuntu2
2024-04-24 10:48:05 status unpacked cpio:amd64 2.15+dfsg-1ubuntu2
2024-04-24 10:48:05 install dmidecode:amd64 <none> 3.5-3build1
2024-04-24 10:48:05 status half-installed dmidecode:amd64 3.5-3build1
2024-04-24 10:48:05 status unpacked dmidecode:amd64 3.5-3build1
2024-04-24 10:48:05 install dosfstools:amd64 <none> 4.2-1.1build1
2024-04-24 10:48:05 status half-installed dosfstools:amd64 4.2-1.1build1
2024-04-24 10:48:05 status unpacked dosfstools:amd64 4.2-1.1build1
2024-04-24 10:48:05 install ed:amd64 <none> 1.20.1-1
2024-04-24 10:48:05 status half-installed ed:amd64 1.20.1-1
2024-04-24 10:48:05 status triggers-pending install-info:amd64 7.1-3build2
2024-04-24 10:48:05 status unpacked ed:amd64 1.20.1-1
2024-04-24 10:48:05 install ethtool:amd64 <none> 1:6.7-1build1
2024-04-24 10:48:05 status half-installed ethtool:amd64 1:6.7-1build1
2024-04-24 10:48:05 status unpacked ethtool:amd64 1:6.7-1build1
2024-04-24 10:48:05 install libmagic-mgc:amd64 <none> 1:5.45-3build1
2024-04-24 10:48:05 status half-installed libmagic-mgc:amd64 1:5.45-3build1
2024-04-24 10:48:05 status unpacked libmagic-mgc:amd64 1:5.45-3build1
2024-04-24 10:48:05 install libmagic1t64:amd64 <none> 1:5.45-3build1
2024-04-24 10:48:05 status half-installed libmagic1t64:amd64 1:5.45-3build1
2024-04-24 10:48:05 status unpacked libmagic1t64:amd64 1:5.45-3build1
2024-04-24 10:48:05 install file:amd64 <none> 1:5.45-3build1
2024-04-24 10:48:05 status half-installed file:amd64 1:5.45-3build1
2024-04-24 10:48:05 status unpacked file:amd64 1:5.45-3build1
2024-04-24 10:48:05 install friendly-recovery:all <none> 0.2.42
2024-04-24 10:48:05 status half-installed friendly-recovery:all 0.2.42
2024-04-24 10:48:05 status unpacked friendly-recovery:all 0.2.42
2024-04-24 10:48:05 install tnftp:amd64 <none> 20230507-2build3
2024-04-24 10:48:05 status half-installed tnftp:amd64 20230507-2build3
2024-04-24 10:48:05 status unpacked tnftp:amd64 20230507-2build3
2024-04-24 10:48:05 install ftp:all <none> 20230507-2build3
2024-04-24 10:48:05 status half-installed ftp:all 20230507-2build3
2024-04-24 10:48:05 status unpacked ftp:all 20230507-2build3
2024-04-24 10:48:05 install gettext-base:amd64 <none> 0.21-14ubuntu2
2024-04-24 10:48:05 status half-installed gettext-base:amd64 0.21-14ubuntu2
2024-04-24 10:48:05 status unpacked gettext-base:amd64 0.21-14ubuntu2
2024-04-24 10:48:05 install libuchardet0:amd64 <none> 0.0.8-1build1
2024-04-24 10:48:05 status half-installed libuchardet0:amd64 0.0.8-1build1
2024-04-24 10:48:05 status unpacked libuchardet0:amd64 0.0.8-1build1
2024-04-24 10:48:05 install groff-base:amd64 <none> 1.23.0-3build2
2024-04-24 10:48:05 status half-installed groff-base:amd64 1.23.0-3build2
2024-04-24 10:48:05 status unpacked groff-base:amd64 1.23.0-3build2
2024-04-24 10:48:05 install hdparm:amd64 <none> 9.65+ds-1build1
2024-04-24 10:48:05 status half-installed hdparm:amd64 9.65+ds-1build1
2024-04-24 10:48:05 status unpacked hdparm:amd64 9.65+ds-1build1
2024-04-24 10:48:05 install libnl-3-200:amd64 <none> 3.7.0-0.3build1
2024-04-24 10:48:05 status half-installed libnl-3-200:amd64 3.7.0-0.3build1
2024-04-24 10:48:05 status unpacked libnl-3-200:amd64 3.7.0-0.3build1
2024-04-24 10:48:05 install libnl-route-3-200:amd64 <none> 3.7.0-0.3build1
2024-04-24 10:48:05 status half-installed libnl-route-3-200:amd64 3.7.0-0.3build1
2024-04-24 10:48:05 status unpacked libnl-route-3-200:amd64 3.7.0-0.3build1
2024-04-24 10:48:05 install libibverbs1:amd64 <none> 50.0-2build2
2024-04-24 10:48:05 status half-installed libibverbs1:amd64 50.0-2build2
2024-04-24 10:48:05 status unpacked libibverbs1:amd64 50.0-2build2
2024-04-24 10:48:05 install ibverbs-providers:amd64 <none> 50.0-2build2
2024-04-24 10:48:05 status half-installed ibverbs-providers:amd64 50.0-2build2
2024-04-24 10:48:05 status unpacked ibverbs-providers:amd64 50.0-2build2
2024-04-24 10:48:05 install inetutils-telnet:amd64 <none> 2:2.5-3ubuntu4
2024-04-24 10:48:05 status half-installed inetutils-telnet:amd64 2:2.5-3ubuntu4
2024-04-24 10:48:05 status unpacked inetutils-telnet:amd64 2:2.5-3ubuntu4
2024-04-24 10:48:05 install info:amd64 <none> 7.1-3build2
2024-04-24 10:48:05 status half-installed info:amd64 7.1-3build2
2024-04-24 10:48:05 status unpacked info:amd64 7.1-3build2
2024-04-24 10:48:05 install libip4tc2:amd64 <none> 1.8.10-3ubuntu2
2024-04-24 10:48:05 status half-installed libip4tc2:amd64 1.8.10-3ubuntu2
2024-04-24 10:48:05 status unpacked libip4tc2:amd64 1.8.10-3ubuntu2
2024-04-24 10:48:05 install libip6tc2:amd64 <none> 1.8.10-3ubuntu2
2024-04-24 10:48:05 status half-installed libip6tc2:amd64 1.8.10-3ubuntu2
2024-04-24 10:48:05 status unpacked libip6tc2:amd64 1.8.10-3ubuntu2
2024-04-24 10:48:06 install libnfnetlink0:amd64 <none> 1.0.2-2build1
2024-04-24 10:48:06 status half-installed libnfnetlink0:amd64 1.0.2-2build1
2024-04-24 10:48:06 status unpacked libnfnetlink0:amd64 1.0.2-2build1
2024-04-24 10:48:06 install libnetfilter-conntrack3:amd64 <none> 1.0.9-6build1
2024-04-24 10:48:06 status half-installed libnetfilter-conntrack3:amd64 1.0.9-6build1
2024-04-24 10:48:06 status unpacked libnetfilter-conntrack3:amd64 1.0.9-6build1
2024-04-24 10:48:06 install libnftnl11:amd64 <none> 1.2.6-2build1
2024-04-24 10:48:06 status half-installed libnftnl11:amd64 1.2.6-2build1
2024-04-24 10:48:06 status unpacked libnftnl11:amd64 1.2.6-2build1
2024-04-24 10:48:06 install iptables:amd64 <none> 1.8.10-3ubuntu2
2024-04-24 10:48:06 status half-installed iptables:amd64 1.8.10-3ubuntu2
2024-04-24 10:48:06 status unpacked iptables:amd64 1.8.10-3ubuntu2
2024-04-24 10:48:06 install iputils-tracepath:amd64 <none> 3:20240117-1build1
2024-04-24 10:48:06 status half-installed iputils-tracepath:amd64 3:20240117-1build1
2024-04-24 10:48:06 status unpacked iputils-tracepath:amd64 3:20240117-1build1
2024-04-24 10:48:06 install libevdev2:amd64 <none> 1.13.1+dfsg-1build1
2024-04-24 10:48:06 status half-installed libevdev2:amd64 1.13.1+dfsg-1build1
2024-04-24 10:48:06 status unpacked libevdev2:amd64 1.13.1+dfsg-1build1
2024-04-24 10:48:06 install libjansson4:amd64 <none> 2.14-2build2
2024-04-24 10:48:06 status half-installed libjansson4:amd64 2.14-2build2
2024-04-24 10:48:06 status unpacked libjansson4:amd64 2.14-2build2
2024-04-24 10:48:06 install libncurses6:amd64 <none> 6.4+20240113-1ubuntu2
2024-04-24 10:48:06 status half-installed libncurses6:amd64 6.4+20240113-1ubuntu2
2024-04-24 10:48:06 status unpacked libncurses6:amd64 6.4+20240113-1ubuntu2
2024-04-24 10:48:06 install libnftables1:amd64 <none> 1.0.9-1build1
2024-04-24 10:48:06 status half-installed libnftables1:amd64 1.0.9-1build1
2024-04-24 10:48:06 status unpacked libnftables1:amd64 1.0.9-1build1
2024-04-24 10:48:06 install libnuma1:amd64 <none> 2.0.18-1build1
2024-04-24 10:48:06 status half-installed libnuma1:amd64 2.0.18-1build1
2024-04-24 10:48:06 status unpacked libnuma1:amd64 2.0.18-1build1
2024-04-24 10:48:06 install libparted2t64:amd64 <none> 3.6-4build1
2024-04-24 10:48:06 status half-installed libparted2t64:amd64 3.6-4build1
2024-04-24 10:48:06 status unpacked libparted2t64:amd64 3.6-4build1
2024-04-24 10:48:06 install libpcap0.8t64:amd64 <none> 1.10.4-4.1ubuntu3
2024-04-24 10:48:06 status half-installed libpcap0.8t64:amd64 1.10.4-4.1ubuntu3
2024-04-24 10:48:06 status unpacked libpcap0.8t64:amd64 1.10.4-4.1ubuntu3
2024-04-24 10:48:06 install libpipeline1:amd64 <none> 1.5.7-2
2024-04-24 10:48:06 status half-installed libpipeline1:amd64 1.5.7-2
2024-04-24 10:48:06 status unpacked libpipeline1:amd64 1.5.7-2
2024-04-24 10:48:06 install libplymouth5:amd64 <none> 24.004.60-1ubuntu7
2024-04-24 10:48:06 status half-installed libplymouth5:amd64 24.004.60-1ubuntu7
2024-04-24 10:48:06 status unpacked libplymouth5:amd64 24.004.60-1ubuntu7
2024-04-24 10:48:06 install libtraceevent1:amd64 <none> 1:1.8.2-1ubuntu2
2024-04-24 10:48:06 status half-installed libtraceevent1:amd64 1:1.8.2-1ubuntu2
2024-04-24 10:48:06 status unpacked libtraceevent1:amd64 1:1.8.2-1ubuntu2
2024-04-24 10:48:06 install libtraceevent1-plugin:amd64 <none> 1:1.8.2-1ubuntu2
2024-04-24 10:48:06 status half-installed libtraceevent1-plugin:amd64 1:1.8.2-1ubuntu2
2024-04-24 10:48:06 status unpacked libtraceevent1-plugin:amd64 1:1.8.2-1ubuntu2
2024-04-24 10:48:06 install libtracefs1:amd64 <none> 1.8.0-1ubuntu1
2024-04-24 10:48:06 status half-installed libtracefs1:amd64 1.8.0-1ubuntu1
2024-04-24 10:48:06 status unpacked libtracefs1:amd64 1.8.0-1ubuntu1
2024-04-24 10:48:06 install libxmuu1:amd64 <none> 2:1.1.3-3build2
2024-04-24 10:48:06 status half-installed libxmuu1:amd64 2:1.1.3-3build2
2024-04-24 10:48:06 status unpacked libxmuu1:amd64 2:1.1.3-3build2
2024-04-24 10:48:06 install lshw:amd64 <none> 02.19.git.2021.06.19.996aaad9c7-2build3
2024-04-24 10:48:06 status half-installed lshw:amd64 02.19.git.2021.06.19.996aaad9c7-2build3
2024-04-24 10:48:06 status unpacked lshw:amd64 02.19.git.2021.06.19.996aaad9c7-2build3
2024-04-24 10:48:06 install lsof:amd64 <none> 4.95.0-1build3
2024-04-24 10:48:06 status half-installed lsof:amd64 4.95.0-1build3
2024-04-24 10:48:06 status unpacked lsof:amd64 4.95.0-1build3
2024-04-24 10:48:06 install man-db:amd64 <none> 2.12.0-4build2
2024-04-24 10:48:06 status half-installed man-db:amd64 2.12.0-4build2
2024-04-24 10:48:06 status unpacked man-db:amd64 2.12.0-4build2
2024-04-24 10:48:06 install manpages:all <none> 6.7-2
2024-04-24 10:48:06 status half-installed manpages:all 6.7-2
2024-04-24 10:48:06 status unpacked manpages:all 6.7-2
2024-04-24 10:48:06 install mtr-tiny:amd64 <none> 0.95-1.1build2
2024-04-24 10:48:06 status half-installed mtr-tiny:amd64 0.95-1.1build2
2024-04-24 10:48:06 status unpacked mtr-tiny:amd64 0.95-1.1build2
2024-04-24 10:48:06 install nano:amd64 <none> 7.2-2build1
2024-04-24 10:48:06 status half-installed nano:amd64 7.2-2build1
2024-04-24 10:48:06 status unpacked nano:amd64 7.2-2build1
2024-04-24 10:48:06 install nftables:amd64 <none> 1.0.9-1build1
2024-04-24 10:48:06 status half-installed nftables:amd64 1.0.9-1build1
2024-04-24 10:48:06 status unpacked nftables:amd64 1.0.9-1build1
2024-04-24 10:48:06 install numactl:amd64 <none> 2.0.18-1build1
2024-04-24 10:48:06 status half-installed numactl:amd64 2.0.18-1build1
2024-04-24 10:48:06 status unpacked numactl:amd64 2.0.18-1build1
2024-04-24 10:48:06 install parted:amd64 <none> 3.6-4build1
2024-04-24 10:48:06 status half-installed parted:amd64 3.6-4build1
2024-04-24 10:48:06 status unpacked parted:amd64 3.6-4build1
2024-04-24 10:48:06 install plymouth:amd64 <none> 24.004.60-1ubuntu7
2024-04-24 10:48:06 status half-installed plymouth:amd64 24.004.60-1ubuntu7
2024-04-24 10:48:06 status unpacked plymouth:amd64 24.004.60-1ubuntu7
2024-04-24 10:48:06 install plymouth-theme-ubuntu-text:amd64 <none> 24.004.60-1ubuntu7
2024-04-24 10:48:06 status half-installed plymouth-theme-ubuntu-text:amd64 24.004.60-1ubuntu7
2024-04-24 10:48:06 status unpacked plymouth-theme-ubuntu-text:amd64 24.004.60-1ubuntu7
2024-04-24 10:48:06 install powermgmt-base:all <none> 1.37
2024-04-24 10:48:06 status half-installed powermgmt-base:all 1.37
2024-04-24 10:48:06 status unpacked powermgmt-base:all 1.37
2024-04-24 10:48:06 install publicsuffix:all <none> 20231001.0357-0.1
2024-04-24 10:48:06 status half-installed publicsuffix:all 20231001.0357-0.1
2024-04-24 10:48:06 status unpacked publicsuffix:all 20231001.0357-0.1
2024-04-24 10:48:06 install libunwind8:amd64 <none> 1.6.2-3build1
2024-04-24 10:48:06 status half-installed libunwind8:amd64 1.6.2-3build1
2024-04-24 10:48:06 status unpacked libunwind8:amd64 1.6.2-3build1
2024-04-24 10:48:06 install strace:amd64 <none> 6.8-0ubuntu2
2024-04-24 10:48:06 status half-installed strace:amd64 6.8-0ubuntu2
2024-04-24 10:48:06 status unpacked strace:amd64 6.8-0ubuntu2
2024-04-24 10:48:06 install xz-utils:amd64 <none> 5.6.1+really5.4.5-1
2024-04-24 10:48:06 status half-installed xz-utils:amd64 5.6.1+really5.4.5-1
2024-04-24 10:48:06 status unpacked xz-utils:amd64 5.6.1+really5.4.5-1
2024-04-24 10:48:07 install sysstat:amd64 <none> 12.6.1-2
2024-04-24 10:48:07 status half-installed sysstat:amd64 12.6.1-2
2024-04-24 10:48:07 status unpacked sysstat:amd64 12.6.1-2
2024-04-24 10:48:07 install tcpdump:amd64 <none> 4.99.4-3ubuntu4
2024-04-24 10:48:07 status half-installed tcpdump:amd64 4.99.4-3ubuntu4
2024-04-24 10:48:07 status unpacked tcpdump:amd64 4.99.4-3ubuntu4
2024-04-24 10:48:07 install telnet:all <none> 0.17+2.5-3ubuntu4
2024-04-24 10:48:07 status half-installed telnet:all 0.17+2.5-3ubuntu4
2024-04-24 10:48:07 status unpacked telnet:all 0.17+2.5-3ubuntu4
2024-04-24 10:48:07 install time:amd64 <none> 1.9-0.2build1
2024-04-24 10:48:07 status half-installed time:amd64 1.9-0.2build1
2024-04-24 10:48:07 status unpacked time:amd64 1.9-0.2build1
2024-04-24 10:48:07 install trace-cmd:amd64 <none> 3.2-1ubuntu2
2024-04-24 10:48:07 status half-installed trace-cmd:amd64 3.2-1ubuntu2
2024-04-24 10:48:07 status unpacked trace-cmd:amd64 3.2-1ubuntu2
2024-04-24 10:48:07 install wget:amd64 <none> 1.21.4-1ubuntu4
2024-04-24 10:48:07 status half-installed wget:amd64 1.21.4-1ubuntu4
2024-04-24 10:48:07 status unpacked wget:amd64 1.21.4-1ubuntu4
2024-04-24 10:48:07 install ubuntu-standard:amd64 <none> 1.539
2024-04-24 10:48:07 status half-installed ubuntu-standard:amd64 1.539
2024-04-24 10:48:07 status unpacked ubuntu-standard:amd64 1.539
2024-04-24 10:48:07 install ufw:all <none> 0.36.2-6
2024-04-24 10:48:07 status half-installed ufw:all 0.36.2-6
2024-04-24 10:48:07 status triggers-pending rsyslog:amd64 8.2312.0-3ubuntu9
2024-04-24 10:48:07 status unpacked ufw:all 0.36.2-6
2024-04-24 10:48:07 install usb.ids:all <none> 2024.03.18-1
2024-04-24 10:48:07 status half-installed usb.ids:all 2024.03.18-1
2024-04-24 10:48:07 status unpacked usb.ids:all 2024.03.18-1
2024-04-24 10:48:07 install xauth:amd64 <none> 1:1.1.2-1build1
2024-04-24 10:48:07 status half-installed xauth:amd64 1:1.1.2-1build1
2024-04-24 10:48:07 status unpacked xauth:amd64 1:1.1.2-1build1
2024-04-24 10:48:07 install linux-sound-base:all <none> 1.0.25+dfsg-0ubuntu7
2024-04-24 10:48:07 status half-installed linux-sound-base:all 1.0.25+dfsg-0ubuntu7
2024-04-24 10:48:07 status unpacked linux-sound-base:all 1.0.25+dfsg-0ubuntu7
2024-04-24 10:48:07 install alsa-base:all <none> 1.0.25+dfsg-0ubuntu7
2024-04-24 10:48:07 status half-installed alsa-base:all 1.0.25+dfsg-0ubuntu7
2024-04-24 10:48:07 status unpacked alsa-base:all 1.0.25+dfsg-0ubuntu7
2024-04-24 10:48:07 install alsa-topology-conf:all <none> 1.2.5.1-2
2024-04-24 10:48:07 status half-installed alsa-topology-conf:all 1.2.5.1-2
2024-04-24 10:48:07 status unpacked alsa-topology-conf:all 1.2.5.1-2
2024-04-24 10:48:07 install alsa-ucm-conf:all <none> 1.2.10-1ubuntu5
2024-04-24 10:48:07 status half-installed alsa-ucm-conf:all 1.2.10-1ubuntu5
2024-04-24 10:48:07 status unpacked alsa-ucm-conf:all 1.2.10-1ubuntu5
2024-04-24 10:48:07 install libatopology2t64:amd64 <none> 1.2.11-1build2
2024-04-24 10:48:07 status half-installed libatopology2t64:amd64 1.2.11-1build2
2024-04-24 10:48:07 status unpacked libatopology2t64:amd64 1.2.11-1build2
2024-04-24 10:48:07 install libgomp1:amd64 <none> 14-20240412-0ubuntu1
2024-04-24 10:48:07 status half-installed libgomp1:amd64 14-20240412-0ubuntu1
2024-04-24 10:48:07 status unpacked libgomp1:amd64 14-20240412-0ubuntu1
2024-04-24 10:48:07 install libfftw3-single3:amd64 <none> 3.3.10-1ubuntu3
2024-04-24 10:48:07 status half-installed libfftw3-single3:amd64 3.3.10-1ubuntu3
2024-04-24 10:48:07 status unpacked libfftw3-single3:amd64 3.3.10-1ubuntu3
2024-04-24 10:48:07 install libsamplerate0:amd64 <none> 0.2.2-4build1
2024-04-24 10:48:07 status half-installed libsamplerate0:amd64 0.2.2-4build1
2024-04-24 10:48:07 status unpacked libsamplerate0:amd64 0.2.2-4build1
2024-04-24 10:48:07 install alsa-utils:amd64 <none> 1.2.9-1ubuntu5
2024-04-24 10:48:07 status half-installed alsa-utils:amd64 1.2.9-1ubuntu5
2024-04-24 10:48:07 status unpacked alsa-utils:amd64 1.2.9-1ubuntu5
2024-04-24 10:48:07 install anacron:amd64 <none> 2.3-39ubuntu2
2024-04-24 10:48:07 status half-installed anacron:amd64 2.3-39ubuntu2
2024-04-24 10:48:07 status unpacked anacron:amd64 2.3-39ubuntu2
2024-04-24 10:48:07 install apg:amd64 <none> 2.2.3.dfsg.1-5build3
2024-04-24 10:48:07 status half-installed apg:amd64 2.2.3.dfsg.1-5build3
2024-04-24 10:48:07 status unpacked apg:amd64 2.2.3.dfsg.1-5build3
2024-04-24 10:48:07 install gir1.2-atk-1.0:amd64 <none> 2.52.0-1build1
2024-04-24 10:48:07 status half-installed gir1.2-atk-1.0:amd64 2.52.0-1build1
2024-04-24 10:48:07 status unpacked gir1.2-atk-1.0:amd64 2.52.0-1build1
2024-04-24 10:48:07 install gir1.2-freedesktop:amd64 <none> 1.80.1-1
2024-04-24 10:48:07 status half-installed gir1.2-freedesktop:amd64 1.80.1-1
2024-04-24 10:48:07 status unpacked gir1.2-freedesktop:amd64 1.80.1-1
2024-04-24 10:48:07 install gir1.2-gdkpixbuf-2.0:amd64 <none> 2.42.10+dfsg-3ubuntu3
2024-04-24 10:48:07 status half-installed gir1.2-gdkpixbuf-2.0:amd64 2.42.10+dfsg-3ubuntu3
2024-04-24 10:48:07 status unpacked gir1.2-gdkpixbuf-2.0:amd64 2.42.10+dfsg-3ubuntu3
2024-04-24 10:48:07 install libharfbuzz-gobject0:amd64 <none> 8.3.0-2build2
2024-04-24 10:48:07 status half-installed libharfbuzz-gobject0:amd64 8.3.0-2build2
2024-04-24 10:48:07 status unpacked libharfbuzz-gobject0:amd64 8.3.0-2build2
2024-04-24 10:48:07 install gir1.2-harfbuzz-0.0:amd64 <none> 8.3.0-2build2
2024-04-24 10:48:07 status half-installed gir1.2-harfbuzz-0.0:amd64 8.3.0-2build2
2024-04-24 10:48:07 status unpacked gir1.2-harfbuzz-0.0:amd64 8.3.0-2build2
2024-04-24 10:48:07 install libxft2:amd64 <none> 2.3.6-1build1
2024-04-24 10:48:07 status half-installed libxft2:amd64 2.3.6-1build1
2024-04-24 10:48:07 status unpacked libxft2:amd64 2.3.6-1build1
2024-04-24 10:48:07 install libpangoxft-1.0-0:amd64 <none> 1.52.1+ds-1build1
2024-04-24 10:48:07 status half-installed libpangoxft-1.0-0:amd64 1.52.1+ds-1build1
2024-04-24 10:48:07 status unpacked libpangoxft-1.0-0:amd64 1.52.1+ds-1build1
2024-04-24 10:48:07 install gir1.2-pango-1.0:amd64 <none> 1.52.1+ds-1build1
2024-04-24 10:48:07 status half-installed gir1.2-pango-1.0:amd64 1.52.1+ds-1build1
2024-04-24 10:48:07 status unpacked gir1.2-pango-1.0:amd64 1.52.1+ds-1build1
2024-04-24 10:48:07 install gir1.2-gtk-3.0:amd64 <none> 3.24.41-4ubuntu1
2024-04-24 10:48:07 status half-installed gir1.2-gtk-3.0:amd64 3.24.41-4ubuntu1
2024-04-24 10:48:07 status unpacked gir1.2-gtk-3.0:amd64 3.24.41-4ubuntu1
2024-04-24 10:48:07 install libx11-xcb1:amd64 <none> 2:1.8.7-1build1
2024-04-24 10:48:07 status half-installed libx11-xcb1:amd64 2:1.8.7-1build1
2024-04-24 10:48:07 status unpacked libx11-xcb1:amd64 2:1.8.7-1build1
2024-04-24 10:48:07 install libxcb-util1:amd64 <none> 0.4.0-1build3
2024-04-24 10:48:07 status half-installed libxcb-util1:amd64 0.4.0-1build3
2024-04-24 10:48:07 status unpacked libxcb-util1:amd64 0.4.0-1build3
2024-04-24 10:48:08 install libstartup-notification0:amd64 <none> 0.12-6build3
2024-04-24 10:48:08 status half-installed libstartup-notification0:amd64 0.12-6build3
2024-04-24 10:48:08 status unpacked libstartup-notification0:amd64 0.12-6build3
2024-04-24 10:48:08 install libxres1:amd64 <none> 2:1.2.1-1build1
2024-04-24 10:48:08 status half-installed libxres1:amd64 2:1.2.1-1build1
2024-04-24 10:48:08 status unpacked libxres1:amd64 2:1.2.1-1build1
2024-04-24 10:48:08 install libwnck-3-common:all <none> 43.0-3build4
2024-04-24 10:48:08 status half-installed libwnck-3-common:all 43.0-3build4
2024-04-24 10:48:08 status unpacked libwnck-3-common:all 43.0-3build4
2024-04-24 10:48:08 install libwnck-3-0:amd64 <none> 43.0-3build4
2024-04-24 10:48:08 status half-installed libwnck-3-0:amd64 43.0-3build4
2024-04-24 10:48:08 status unpacked libwnck-3-0:amd64 43.0-3build4
2024-04-24 10:48:08 install gir1.2-wnck-3.0:amd64 <none> 43.0-3build4
2024-04-24 10:48:08 status half-installed gir1.2-wnck-3.0:amd64 43.0-3build4
2024-04-24 10:48:08 status unpacked gir1.2-wnck-3.0:amd64 43.0-3build4
2024-04-24 10:48:08 install gnome-terminal-data:all <none> 3.52.0-1ubuntu2
2024-04-24 10:48:08 status half-installed gnome-terminal-data:all 3.52.0-1ubuntu2
2024-04-24 10:48:08 status unpacked gnome-terminal-data:all 3.52.0-1ubuntu2
2024-04-24 10:48:08 install libhandy-1-0:amd64 <none> 1.8.3-1build2
2024-04-24 10:48:08 status half-installed libhandy-1-0:amd64 1.8.3-1build2
2024-04-24 10:48:08 status unpacked libhandy-1-0:amd64 1.8.3-1build2
2024-04-24 10:48:08 install libvte-2.91-common:amd64 <none> 0.76.0-1
2024-04-24 10:48:08 status half-installed libvte-2.91-common:amd64 0.76.0-1
2024-04-24 10:48:08 status unpacked libvte-2.91-common:amd64 0.76.0-1
2024-04-24 10:48:08 install libvte-2.91-0:amd64 <none> 0.76.0-1
2024-04-24 10:48:08 status half-installed libvte-2.91-0:amd64 0.76.0-1
2024-04-24 10:48:08 status unpacked libvte-2.91-0:amd64 0.76.0-1
2024-04-24 10:48:08 install gnome-terminal:amd64 <none> 3.52.0-1ubuntu2
2024-04-24 10:48:08 status half-installed gnome-terminal:amd64 3.52.0-1ubuntu2
2024-04-24 10:48:08 status unpacked gnome-terminal:amd64 3.52.0-1ubuntu2
2024-04-24 10:48:08 install libwhoopsie-preferences0:amd64 <none> 23build3
2024-04-24 10:48:08 status half-installed libwhoopsie-preferences0:amd64 23build3
2024-04-24 10:48:08 status unpacked libwhoopsie-preferences0:amd64 23build3
2024-04-24 10:48:08 install whoopsie-preferences:amd64 <none> 23build3
2024-04-24 10:48:08 status half-installed whoopsie-preferences:amd64 23build3
2024-04-24 10:48:08 status unpacked whoopsie-preferences:amd64 23build3
2024-04-24 10:48:08 install apport-gtk:all <none> 2.28.1-0ubuntu2
2024-04-24 10:48:08 status half-installed apport-gtk:all 2.28.1-0ubuntu2
2024-04-24 10:48:08 status unpacked apport-gtk:all 2.28.1-0ubuntu2
2024-04-24 10:48:08 install apport-symptoms:all <none> 0.25
2024-04-24 10:48:08 status half-installed apport-symptoms:all 0.25
2024-04-24 10:48:08 status unpacked apport-symptoms:all 0.25
2024-04-24 10:48:08 install libstemmer0d:amd64 <none> 2.2.0-4build1
2024-04-24 10:48:08 status half-installed libstemmer0d:amd64 2.2.0-4build1
2024-04-24 10:48:08 status unpacked libstemmer0d:amd64 2.2.0-4build1
2024-04-24 10:48:08 install libxmlb2:amd64 <none> 0.3.18-1
2024-04-24 10:48:08 status half-installed libxmlb2:amd64 0.3.18-1
2024-04-24 10:48:08 status unpacked libxmlb2:amd64 0.3.18-1
2024-04-24 10:48:08 install libappstream5:amd64 <none> 1.0.2-1build6
2024-04-24 10:48:08 status half-installed libappstream5:amd64 1.0.2-1build6
2024-04-24 10:48:08 status unpacked libappstream5:amd64 1.0.2-1build6
2024-04-24 10:48:08 install appstream:amd64 <none> 1.0.2-1build6
2024-04-24 10:48:08 status half-installed appstream:amd64 1.0.2-1build6
2024-04-24 10:48:08 status unpacked appstream:amd64 1.0.2-1build6
2024-04-24 10:48:08 install apt-config-icons:all <none> 1.0.2-1build6
2024-04-24 10:48:08 status half-installed apt-config-icons:all 1.0.2-1build6
2024-04-24 10:48:08 status unpacked apt-config-icons:all 1.0.2-1build6
2024-04-24 10:48:08 install apt-config-icons-hidpi:all <none> 1.0.2-1build6
2024-04-24 10:48:08 status half-installed apt-config-icons-hidpi:all 1.0.2-1build6
2024-04-24 10:48:08 status unpacked apt-config-icons-hidpi:all 1.0.2-1build6
2024-04-24 10:48:08 install libaspell15:amd64 <none> 0.60.8.1-1build1
2024-04-24 10:48:08 status half-installed libaspell15:amd64 0.60.8.1-1build1
2024-04-24 10:48:08 status unpacked libaspell15:amd64 0.60.8.1-1build1
2024-04-24 10:48:08 install emacsen-common:all <none> 3.0.5
2024-04-24 10:48:08 status half-installed emacsen-common:all 3.0.5
2024-04-24 10:48:08 status unpacked emacsen-common:all 3.0.5
2024-04-24 10:48:08 install dictionaries-common:all <none> 1.29.7
2024-04-24 10:48:08 status half-installed dictionaries-common:all 1.29.7
2024-04-24 10:48:08 status unpacked dictionaries-common:all 1.29.7
2024-04-24 10:48:08 install aspell:amd64 <none> 0.60.8.1-1build1
2024-04-24 10:48:08 status half-installed aspell:amd64 0.60.8.1-1build1
2024-04-24 10:48:08 status unpacked aspell:amd64 0.60.8.1-1build1
2024-04-24 10:48:08 install aspell-en:all <none> 2020.12.07-0-1
2024-04-24 10:48:08 status half-installed aspell-en:all 2020.12.07-0-1
2024-04-24 10:48:08 status unpacked aspell-en:all 2020.12.07-0-1
2024-04-24 10:48:08 install libxtst6:amd64 <none> 2:1.2.3-1.1build1
2024-04-24 10:48:08 status half-installed libxtst6:amd64 2:1.2.3-1.1build1
2024-04-24 10:48:08 status unpacked libxtst6:amd64 2:1.2.3-1.1build1
2024-04-24 10:48:08 install at-spi2-core:amd64 <none> 2.52.0-1build1
2024-04-24 10:48:08 status half-installed at-spi2-core:amd64 2.52.0-1build1
2024-04-24 10:48:08 status unpacked at-spi2-core:amd64 2.52.0-1build1
2024-04-24 10:48:08 install libavahi-core7:amd64 <none> 0.8-13ubuntu6
2024-04-24 10:48:08 status half-installed libavahi-core7:amd64 0.8-13ubuntu6
2024-04-24 10:48:08 status unpacked libavahi-core7:amd64 0.8-13ubuntu6
2024-04-24 10:48:08 install libdaemon0:amd64 <none> 0.14-7.1ubuntu4
2024-04-24 10:48:08 status half-installed libdaemon0:amd64 0.14-7.1ubuntu4
2024-04-24 10:48:08 status unpacked libdaemon0:amd64 0.14-7.1ubuntu4
2024-04-24 10:48:08 install avahi-daemon:amd64 <none> 0.8-13ubuntu6
2024-04-24 10:48:08 status half-installed avahi-daemon:amd64 0.8-13ubuntu6
2024-04-24 10:48:08 status unpacked avahi-daemon:amd64 0.8-13ubuntu6
2024-04-24 10:48:09 install libgraphene-1.0-0:amd64 <none> 1.10.8-3build2
2024-04-24 10:48:09 status half-installed libgraphene-1.0-0:amd64 1.10.8-3build2
2024-04-24 10:48:09 status unpacked libgraphene-1.0-0:amd64 1.10.8-3build2
2024-04-24 10:48:09 install libcairo-script-interpreter2:amd64 <none> 1.18.0-3build1
2024-04-24 10:48:09 status half-installed libcairo-script-interpreter2:amd64 1.18.0-3build1
2024-04-24 10:48:09 status unpacked libcairo-script-interpreter2:amd64 1.18.0-3build1
2024-04-24 10:48:09 install libvulkan1:amd64 <none> 1.3.275.0-1build1
2024-04-24 10:48:09 status half-installed libvulkan1:amd64 1.3.275.0-1build1
2024-04-24 10:48:09 status unpacked libvulkan1:amd64 1.3.275.0-1build1
2024-04-24 10:48:09 install libgtk-4-common:all <none> 4.14.2+ds-1ubuntu1
2024-04-24 10:48:09 status half-installed libgtk-4-common:all 4.14.2+ds-1ubuntu1
2024-04-24 10:48:09 status unpacked libgtk-4-common:all 4.14.2+ds-1ubuntu1
2024-04-24 10:48:09 install libgtk-4-1:amd64 <none> 4.14.2+ds-1ubuntu1
2024-04-24 10:48:09 status half-installed libgtk-4-1:amd64 4.14.2+ds-1ubuntu1
2024-04-24 10:48:09 status unpacked libgtk-4-1:amd64 4.14.2+ds-1ubuntu1
2024-04-24 10:48:09 install libadwaita-1-0:amd64 <none> 1.5.0-1ubuntu2
2024-04-24 10:48:09 status half-installed libadwaita-1-0:amd64 1.5.0-1ubuntu2
2024-04-24 10:48:09 status unpacked libadwaita-1-0:amd64 1.5.0-1ubuntu2
2024-04-24 10:48:09 install baobab:amd64 <none> 46.0-1build1
2024-04-24 10:48:09 status half-installed baobab:amd64 46.0-1build1
2024-04-24 10:48:09 status unpacked baobab:amd64 46.0-1build1
2024-04-24 10:48:09 install cups-common:all <none> 2.4.7-1.2ubuntu7
2024-04-24 10:48:09 status half-installed cups-common:all 2.4.7-1.2ubuntu7
2024-04-24 10:48:09 status unpacked cups-common:all 2.4.7-1.2ubuntu7
2024-04-24 10:48:09 install cups-client:amd64 <none> 2.4.7-1.2ubuntu7
2024-04-24 10:48:09 status half-installed cups-client:amd64 2.4.7-1.2ubuntu7
2024-04-24 10:48:09 status unpacked cups-client:amd64 2.4.7-1.2ubuntu7
2024-04-24 10:48:09 install cups-ipp-utils:amd64 <none> 2.4.7-1.2ubuntu7
2024-04-24 10:48:09 status half-installed cups-ipp-utils:amd64 2.4.7-1.2ubuntu7
2024-04-24 10:48:09 status unpacked cups-ipp-utils:amd64 2.4.7-1.2ubuntu7
2024-04-24 10:48:09 install poppler-utils:amd64 <none> 24.02.0-1ubuntu9
2024-04-24 10:48:09 status half-installed poppler-utils:amd64 24.02.0-1ubuntu9
2024-04-24 10:48:09 status unpacked poppler-utils:amd64 24.02.0-1ubuntu9
2024-04-24 10:48:09 install libpoppler-cpp0t64:amd64 <none> 24.02.0-1ubuntu9
2024-04-24 10:48:09 status half-installed libpoppler-cpp0t64:amd64 24.02.0-1ubuntu9
2024-04-24 10:48:09 status unpacked libpoppler-cpp0t64:amd64 24.02.0-1ubuntu9
2024-04-24 10:48:09 install libqpdf29t64:amd64 <none> 11.9.0-1.1build1
2024-04-24 10:48:09 status half-installed libqpdf29t64:amd64 11.9.0-1.1build1
2024-04-24 10:48:09 status unpacked libqpdf29t64:amd64 11.9.0-1.1build1
2024-04-24 10:48:09 install libcupsfilters2-common:all <none> 2.0.0-0ubuntu7
2024-04-24 10:48:09 status half-installed libcupsfilters2-common:all 2.0.0-0ubuntu7
2024-04-24 10:48:09 status unpacked libcupsfilters2-common:all 2.0.0-0ubuntu7
2024-04-24 10:48:09 install libcupsfilters2t64:amd64 <none> 2.0.0-0ubuntu7
2024-04-24 10:48:09 status half-installed libcupsfilters2t64:amd64 2.0.0-0ubuntu7
2024-04-24 10:48:09 status unpacked libcupsfilters2t64:amd64 2.0.0-0ubuntu7
2024-04-24 10:48:09 install libppd2-common:all <none> 2:2.0.0-0ubuntu4
2024-04-24 10:48:09 status half-installed libppd2-common:all 2:2.0.0-0ubuntu4
2024-04-24 10:48:09 status unpacked libppd2-common:all 2:2.0.0-0ubuntu4
2024-04-24 10:48:09 install libppd2:amd64 <none> 2:2.0.0-0ubuntu4
2024-04-24 10:48:09 status half-installed libppd2:amd64 2:2.0.0-0ubuntu4
2024-04-24 10:48:09 status unpacked libppd2:amd64 2:2.0.0-0ubuntu4
2024-04-24 10:48:09 install cups-filters-core-drivers:amd64 <none> 2.0.0-0ubuntu4
2024-04-24 10:48:09 status half-installed cups-filters-core-drivers:amd64 2.0.0-0ubuntu4
2024-04-24 10:48:09 status unpacked cups-filters-core-drivers:amd64 2.0.0-0ubuntu4
2024-04-24 10:48:09 install cups-core-drivers:amd64 <none> 2.4.7-1.2ubuntu7
2024-04-24 10:48:09 status half-installed cups-core-drivers:amd64 2.4.7-1.2ubuntu7
2024-04-24 10:48:09 status unpacked cups-core-drivers:amd64 2.4.7-1.2ubuntu7
2024-04-24 10:48:09 install libgs-common:all <none> 10.02.1~dfsg1-0ubuntu7
2024-04-24 10:48:09 status half-installed libgs-common:all 10.02.1~dfsg1-0ubuntu7
2024-04-24 10:48:09 status unpacked libgs-common:all 10.02.1~dfsg1-0ubuntu7
2024-04-24 10:48:09 install libgs10-common:all <none> 10.02.1~dfsg1-0ubuntu7
2024-04-24 10:48:09 status half-installed libgs10-common:all 10.02.1~dfsg1-0ubuntu7
2024-04-24 10:48:10 status unpacked libgs10-common:all 10.02.1~dfsg1-0ubuntu7
2024-04-24 10:48:10 install libidn12:amd64 <none> 1.42-1build1
2024-04-24 10:48:10 status half-installed libidn12:amd64 1.42-1build1
2024-04-24 10:48:10 status unpacked libidn12:amd64 1.42-1build1
2024-04-24 10:48:10 install libijs-0.35:amd64 <none> 0.35-15.1build1
2024-04-24 10:48:10 status half-installed libijs-0.35:amd64 0.35-15.1build1
2024-04-24 10:48:10 status unpacked libijs-0.35:amd64 0.35-15.1build1
2024-04-24 10:48:10 install libjbig2dec0:amd64 <none> 0.20-1build3
2024-04-24 10:48:10 status half-installed libjbig2dec0:amd64 0.20-1build3
2024-04-24 10:48:10 status unpacked libjbig2dec0:amd64 0.20-1build3
2024-04-24 10:48:10 install libice6:amd64 <none> 2:1.0.10-1build3
2024-04-24 10:48:10 status half-installed libice6:amd64 2:1.0.10-1build3
2024-04-24 10:48:10 status unpacked libice6:amd64 2:1.0.10-1build3
2024-04-24 10:48:10 install libsm6:amd64 <none> 2:1.2.3-1build3
2024-04-24 10:48:10 status half-installed libsm6:amd64 2:1.2.3-1build3
2024-04-24 10:48:10 status unpacked libsm6:amd64 2:1.2.3-1build3
2024-04-24 10:48:10 install libxt6t64:amd64 <none> 1:1.2.1-1.2build1
2024-04-24 10:48:10 status half-installed libxt6t64:amd64 1:1.2.1-1.2build1
2024-04-24 10:48:10 status unpacked libxt6t64:amd64 1:1.2.1-1.2build1
2024-04-24 10:48:10 install libgs10:amd64 <none> 10.02.1~dfsg1-0ubuntu7
2024-04-24 10:48:10 status half-installed libgs10:amd64 10.02.1~dfsg1-0ubuntu7
2024-04-24 10:48:10 status unpacked libgs10:amd64 10.02.1~dfsg1-0ubuntu7
2024-04-24 10:48:10 install ghostscript:amd64 <none> 10.02.1~dfsg1-0ubuntu7
2024-04-24 10:48:10 status half-installed ghostscript:amd64 10.02.1~dfsg1-0ubuntu7
2024-04-24 10:48:10 status unpacked ghostscript:amd64 10.02.1~dfsg1-0ubuntu7
2024-04-24 10:48:10 install cups-filters:amd64 <none> 2.0.0-0ubuntu4
2024-04-24 10:48:10 status half-installed cups-filters:amd64 2.0.0-0ubuntu4
2024-04-24 10:48:10 status unpacked cups-filters:amd64 2.0.0-0ubuntu4
2024-04-24 10:48:10 install cups-ppdc:amd64 <none> 2.4.7-1.2ubuntu7
2024-04-24 10:48:10 status half-installed cups-ppdc:amd64 2.4.7-1.2ubuntu7
2024-04-24 10:48:10 status unpacked cups-ppdc:amd64 2.4.7-1.2ubuntu7
2024-04-24 10:48:10 install cups-server-common:all <none> 2.4.7-1.2ubuntu7
2024-04-24 10:48:10 status half-installed cups-server-common:all 2.4.7-1.2ubuntu7
2024-04-24 10:48:10 status unpacked cups-server-common:all 2.4.7-1.2ubuntu7
2024-04-24 10:48:10 install cups:amd64 <none> 2.4.7-1.2ubuntu7
2024-04-24 10:48:10 status half-installed cups:amd64 2.4.7-1.2ubuntu7
2024-04-24 10:48:10 status unpacked cups:amd64 2.4.7-1.2ubuntu7
2024-04-24 10:48:10 install bluez-cups:amd64 <none> 5.72-0ubuntu5
2024-04-24 10:48:10 status half-installed bluez-cups:amd64 5.72-0ubuntu5
2024-04-24 10:48:10 status unpacked bluez-cups:amd64 5.72-0ubuntu5
2024-04-24 10:48:10 install libical3t64:amd64 <none> 3.0.17-1.1build3
2024-04-24 10:48:10 status half-installed libical3t64:amd64 3.0.17-1.1build3
2024-04-24 10:48:10 status unpacked libical3t64:amd64 3.0.17-1.1build3
2024-04-24 10:48:10 install bluez-obexd:amd64 <none> 5.72-0ubuntu5
2024-04-24 10:48:10 status half-installed bluez-obexd:amd64 5.72-0ubuntu5
2024-04-24 10:48:10 status unpacked bluez-obexd:amd64 5.72-0ubuntu5
2024-04-24 10:48:10 install bolt:amd64 <none> 0.9.7-1
2024-04-24 10:48:10 status half-installed bolt:amd64 0.9.7-1
2024-04-24 10:48:10 status unpacked bolt:amd64 0.9.7-1
2024-04-24 10:48:10 install bubblewrap:amd64 <none> 0.9.0-1build1
2024-04-24 10:48:10 status half-installed bubblewrap:amd64 0.9.0-1build1
2024-04-24 10:48:10 status unpacked bubblewrap:amd64 0.9.0-1build1
2024-04-24 10:48:10 install busybox-initramfs:amd64 <none> 1:1.36.1-6ubuntu3
2024-04-24 10:48:10 status half-installed busybox-initramfs:amd64 1:1.36.1-6ubuntu3
2024-04-24 10:48:10 status unpacked busybox-initramfs:amd64 1:1.36.1-6ubuntu3
2024-04-24 10:48:11 install colord-data:all <none> 1.4.7-1build2
2024-04-24 10:48:11 status half-installed colord-data:all 1.4.7-1build2
2024-04-24 10:48:11 status unpacked colord-data:all 1.4.7-1build2
2024-04-24 10:48:11 install xml-core:all <none> 0.19
2024-04-24 10:48:11 status half-installed xml-core:all 0.19
2024-04-24 10:48:11 status unpacked xml-core:all 0.19
2024-04-24 10:48:11 install libpolkit-agent-1-0:amd64 <none> 124-2ubuntu1
2024-04-24 10:48:11 status half-installed libpolkit-agent-1-0:amd64 124-2ubuntu1
2024-04-24 10:48:11 status unpacked libpolkit-agent-1-0:amd64 124-2ubuntu1
2024-04-24 10:48:11 install polkitd:amd64 <none> 124-2ubuntu1
2024-04-24 10:48:11 status half-installed polkitd:amd64 124-2ubuntu1
2024-04-24 10:48:11 status unpacked polkitd:amd64 124-2ubuntu1
2024-04-24 10:48:11 install libgusb2:amd64 <none> 0.4.8-1build2
2024-04-24 10:48:11 status half-installed libgusb2:amd64 0.4.8-1build2
2024-04-24 10:48:11 status unpacked libgusb2:amd64 0.4.8-1build2
2024-04-24 10:48:11 install libcolorhug2:amd64 <none> 1.4.7-1build2
2024-04-24 10:48:11 status half-installed libcolorhug2:amd64 1.4.7-1build2
2024-04-24 10:48:11 status unpacked libcolorhug2:amd64 1.4.7-1build2
2024-04-24 10:48:11 install libgudev-1.0-0:amd64 <none> 1:238-5ubuntu1
2024-04-24 10:48:11 status half-installed libgudev-1.0-0:amd64 1:238-5ubuntu1
2024-04-24 10:48:11 status unpacked libgudev-1.0-0:amd64 1:238-5ubuntu1
2024-04-24 10:48:11 install colord:amd64 <none> 1.4.7-1build2
2024-04-24 10:48:11 status half-installed colord:amd64 1.4.7-1build2
2024-04-24 10:48:11 status unpacked colord:amd64 1.4.7-1build2
2024-04-24 10:48:11 install gcc-13-base:amd64 <none> 13.2.0-23ubuntu4
2024-04-24 10:48:11 status half-installed gcc-13-base:amd64 13.2.0-23ubuntu4
2024-04-24 10:48:11 status unpacked gcc-13-base:amd64 13.2.0-23ubuntu4
2024-04-24 10:48:11 install libisl23:amd64 <none> 0.26-3build1
2024-04-24 10:48:11 status half-installed libisl23:amd64 0.26-3build1
2024-04-24 10:48:11 status unpacked libisl23:amd64 0.26-3build1
2024-04-24 10:48:11 install libmpfr6:amd64 <none> 4.2.1-1build1
2024-04-24 10:48:11 status half-installed libmpfr6:amd64 4.2.1-1build1
2024-04-24 10:48:11 status unpacked libmpfr6:amd64 4.2.1-1build1
2024-04-24 10:48:11 install libmpc3:amd64 <none> 1.3.1-1build1
2024-04-24 10:48:11 status half-installed libmpc3:amd64 1.3.1-1build1
2024-04-24 10:48:11 status unpacked libmpc3:amd64 1.3.1-1build1
2024-04-24 10:48:11 install cpp-13-x86-64-linux-gnu:amd64 <none> 13.2.0-23ubuntu4
2024-04-24 10:48:11 status half-installed cpp-13-x86-64-linux-gnu:amd64 13.2.0-23ubuntu4
2024-04-24 10:48:11 status unpacked cpp-13-x86-64-linux-gnu:amd64 13.2.0-23ubuntu4
2024-04-24 10:48:11 install cpp-13:amd64 <none> 13.2.0-23ubuntu4
2024-04-24 10:48:11 status half-installed cpp-13:amd64 13.2.0-23ubuntu4
2024-04-24 10:48:11 status unpacked cpp-13:amd64 13.2.0-23ubuntu4
2024-04-24 10:48:11 install cpp-x86-64-linux-gnu:amd64 <none> 4:13.2.0-7ubuntu1
2024-04-24 10:48:11 status half-installed cpp-x86-64-linux-gnu:amd64 4:13.2.0-7ubuntu1
2024-04-24 10:48:11 status unpacked cpp-x86-64-linux-gnu:amd64 4:13.2.0-7ubuntu1
2024-04-24 10:48:11 install cpp:amd64 <none> 4:13.2.0-7ubuntu1
2024-04-24 10:48:11 status half-installed cpp:amd64 4:13.2.0-7ubuntu1
2024-04-24 10:48:11 status unpacked cpp:amd64 4:13.2.0-7ubuntu1
2024-04-24 10:48:11 install libcrack2:amd64 <none> 2.9.6-5.1build2
2024-04-24 10:48:11 status half-installed libcrack2:amd64 2.9.6-5.1build2
2024-04-24 10:48:11 status unpacked libcrack2:amd64 2.9.6-5.1build2
2024-04-24 10:48:11 install cracklib-runtime:amd64 <none> 2.9.6-5.1build2
2024-04-24 10:48:11 status half-installed cracklib-runtime:amd64 2.9.6-5.1build2
2024-04-24 10:48:11 status unpacked cracklib-runtime:amd64 2.9.6-5.1build2
2024-04-24 10:48:11 install libavahi-glib1:amd64 <none> 0.8-13ubuntu6
2024-04-24 10:48:11 status half-installed libavahi-glib1:amd64 0.8-13ubuntu6
2024-04-24 10:48:11 status unpacked libavahi-glib1:amd64 0.8-13ubuntu6
2024-04-24 10:48:11 install cups-browsed:amd64 <none> 2.0.0-0ubuntu10
2024-04-24 10:48:11 status half-installed cups-browsed:amd64 2.0.0-0ubuntu10
2024-04-24 10:48:11 status unpacked cups-browsed:amd64 2.0.0-0ubuntu10
2024-04-24 10:48:11 install dc:amd64 <none> 1.07.1-3ubuntu4
2024-04-24 10:48:11 status half-installed dc:amd64 1.07.1-3ubuntu4
2024-04-24 10:48:11 status unpacked dc:amd64 1.07.1-3ubuntu4
2024-04-24 10:48:11 install dconf-cli:amd64 <none> 0.40.0-4build2
2024-04-24 10:48:11 status half-installed dconf-cli:amd64 0.40.0-4build2
2024-04-24 10:48:11 status unpacked dconf-cli:amd64 0.40.0-4build2
2024-04-24 10:48:11 install desktop-file-utils:amd64 <none> 0.27-2build1
2024-04-24 10:48:11 status half-installed desktop-file-utils:amd64 0.27-2build1
2024-04-24 10:48:11 status unpacked desktop-file-utils:amd64 0.27-2build1
2024-04-24 10:48:11 install gpgconf:amd64 <none> 2.4.4-2ubuntu17
2024-04-24 10:48:11 status half-installed gpgconf:amd64 2.4.4-2ubuntu17
2024-04-24 10:48:11 status unpacked gpgconf:amd64 2.4.4-2ubuntu17
2024-04-24 10:48:11 install libksba8:amd64 <none> 1.6.6-1build1
2024-04-24 10:48:11 status half-installed libksba8:amd64 1.6.6-1build1
2024-04-24 10:48:11 status unpacked libksba8:amd64 1.6.6-1build1
2024-04-24 10:48:11 install dirmngr:amd64 <none> 2.4.4-2ubuntu17
2024-04-24 10:48:11 status half-installed dirmngr:amd64 2.4.4-2ubuntu17
2024-04-24 10:48:12 status unpacked dirmngr:amd64 2.4.4-2ubuntu17
2024-04-24 10:48:12 install dmz-cursor-theme:all <none> 0.4.5ubuntu1
2024-04-24 10:48:12 status half-installed dmz-cursor-theme:all 0.4.5ubuntu1
2024-04-24 10:48:12 status unpacked dmz-cursor-theme:all 0.4.5ubuntu1
2024-04-24 10:48:12 install dns-root-data:all <none> 2023112702~willsync1
2024-04-24 10:48:12 status half-installed dns-root-data:all 2023112702~willsync1
2024-04-24 10:48:12 status unpacked dns-root-data:all 2023112702~willsync1
2024-04-24 10:48:12 install dnsmasq-base:amd64 <none> 2.90-2build2
2024-04-24 10:48:12 status half-installed dnsmasq-base:amd64 2.90-2build2
2024-04-24 10:48:12 status unpacked dnsmasq-base:amd64 2.90-2build2
2024-04-24 10:48:12 install sgml-data:all <none> 2.0.11+nmu1
2024-04-24 10:48:12 status half-installed sgml-data:all 2.0.11+nmu1
2024-04-24 10:48:12 status unpacked sgml-data:all 2.0.11+nmu1
2024-04-24 10:48:12 install docbook-xml:all <none> 4.5-12
2024-04-24 10:48:12 status half-installed docbook-xml:all 4.5-12
2024-04-24 10:48:12 status unpacked docbook-xml:all 4.5-12
2024-04-24 10:48:12 install dracut-install:amd64 <none> 060+5-1ubuntu3
2024-04-24 10:48:12 status half-installed dracut-install:amd64 060+5-1ubuntu3
2024-04-24 10:48:12 status unpacked dracut-install:amd64 060+5-1ubuntu3
2024-04-24 10:48:12 install libeatmydata1:amd64 <none> 131-1ubuntu1
2024-04-24 10:48:12 status half-installed libeatmydata1:amd64 131-1ubuntu1
2024-04-24 10:48:12 status unpacked libeatmydata1:amd64 131-1ubuntu1
2024-04-24 10:48:12 install eatmydata:all <none> 131-1ubuntu1
2024-04-24 10:48:12 status half-installed eatmydata:all 131-1ubuntu1
2024-04-24 10:48:12 status unpacked eatmydata:all 131-1ubuntu1
2024-04-24 10:48:12 install hunspell-en-us:all <none> 1:2020.12.07-2
2024-04-24 10:48:12 status half-installed hunspell-en-us:all 1:2020.12.07-2
2024-04-24 10:48:12 status unpacked hunspell-en-us:all 1:2020.12.07-2
2024-04-24 10:48:12 install libhunspell-1.7-0:amd64 <none> 1.7.2+really1.7.2-10build3
2024-04-24 10:48:12 status half-installed libhunspell-1.7-0:amd64 1.7.2+really1.7.2-10build3
2024-04-24 10:48:12 status unpacked libhunspell-1.7-0:amd64 1.7.2+really1.7.2-10build3
2024-04-24 10:48:12 install libenchant-2-2:amd64 <none> 2.3.3-2build2
2024-04-24 10:48:12 status half-installed libenchant-2-2:amd64 2.3.3-2build2
2024-04-24 10:48:12 status unpacked libenchant-2-2:amd64 2.3.3-2build2
2024-04-24 10:48:12 install enchant-2:amd64 <none> 2.3.3-2build2
2024-04-24 10:48:12 status half-installed enchant-2:amd64 2.3.3-2build2
2024-04-24 10:48:12 status unpacked enchant-2:amd64 2.3.3-2build2
2024-04-24 10:48:12 install libexempi8:amd64 <none> 2.6.5-1build1
2024-04-24 10:48:12 status half-installed libexempi8:amd64 2.6.5-1build1
2024-04-24 10:48:12 status unpacked libexempi8:amd64 2.6.5-1build1
2024-04-24 10:48:12 install gnome-desktop3-data:all <none> 44.0-5build2
2024-04-24 10:48:12 status half-installed gnome-desktop3-data:all 44.0-5build2
2024-04-24 10:48:12 status unpacked gnome-desktop3-data:all 44.0-5build2
2024-04-24 10:48:12 install libxkbregistry0:amd64 <none> 1.6.0-1build1
2024-04-24 10:48:12 status half-installed libxkbregistry0:amd64 1.6.0-1build1
2024-04-24 10:48:12 status unpacked libxkbregistry0:amd64 1.6.0-1build1
2024-04-24 10:48:12 install libgnome-desktop-3-20t64:amd64 <none> 44.0-5build2
2024-04-24 10:48:12 status half-installed libgnome-desktop-3-20t64:amd64 44.0-5build2
2024-04-24 10:48:12 status unpacked libgnome-desktop-3-20t64:amd64 44.0-5build2
2024-04-24 10:48:12 install libpeas-common:all <none> 1.36.0-3build4
2024-04-24 10:48:12 status half-installed libpeas-common:all 1.36.0-3build4
2024-04-24 10:48:12 status unpacked libpeas-common:all 1.36.0-3build4
2024-04-24 10:48:12 install libpython3.12t64:amd64 <none> 3.12.3-1
2024-04-24 10:48:12 status half-installed libpython3.12t64:amd64 3.12.3-1
2024-04-24 10:48:12 status unpacked libpython3.12t64:amd64 3.12.3-1
2024-04-24 10:48:12 install libpeas-1.0-0:amd64 <none> 1.36.0-3build4
2024-04-24 10:48:12 status half-installed libpeas-1.0-0:amd64 1.36.0-3build4
2024-04-24 10:48:12 status unpacked libpeas-1.0-0:amd64 1.36.0-3build4
2024-04-24 10:48:12 install librsvg2-2:amd64 <none> 2.58.0+dfsg-1build1
2024-04-24 10:48:12 status half-installed librsvg2-2:amd64 2.58.0+dfsg-1build1
2024-04-24 10:48:12 status unpacked librsvg2-2:amd64 2.58.0+dfsg-1build1
2024-04-24 10:48:12 install gir1.2-peas-1.0:amd64 <none> 1.36.0-3build4
2024-04-24 10:48:12 status half-installed gir1.2-peas-1.0:amd64 1.36.0-3build4
2024-04-24 10:48:12 status unpacked gir1.2-peas-1.0:amd64 1.36.0-3build4
2024-04-24 10:48:12 install librsvg2-common:amd64 <none> 2.58.0+dfsg-1build1
2024-04-24 10:48:12 status half-installed librsvg2-common:amd64 2.58.0+dfsg-1build1
2024-04-24 10:48:12 status unpacked librsvg2-common:amd64 2.58.0+dfsg-1build1
2024-04-24 10:48:12 install libwebpdemux2:amd64 <none> 1.3.2-0.4build3
2024-04-24 10:48:12 status half-installed libwebpdemux2:amd64 1.3.2-0.4build3
2024-04-24 10:48:12 status unpacked libwebpdemux2:amd64 1.3.2-0.4build3
2024-04-24 10:48:12 install libwebpmux3:amd64 <none> 1.3.2-0.4build3
2024-04-24 10:48:12 status half-installed libwebpmux3:amd64 1.3.2-0.4build3
2024-04-24 10:48:12 status unpacked libwebpmux3:amd64 1.3.2-0.4build3
2024-04-24 10:48:12 install webp-pixbuf-loader:amd64 <none> 0.2.4-2build2
2024-04-24 10:48:12 status half-installed webp-pixbuf-loader:amd64 0.2.4-2build2
2024-04-24 10:48:12 status unpacked webp-pixbuf-loader:amd64 0.2.4-2build2
2024-04-24 10:48:12 install eog:amd64 <none> 45.3-1ubuntu2
2024-04-24 10:48:12 status half-installed eog:amd64 45.3-1ubuntu2
2024-04-24 10:48:12 status unpacked eog:amd64 45.3-1ubuntu2
2024-04-24 10:48:12 install espeak-ng-data:amd64 <none> 1.51+dfsg-12build1
2024-04-24 10:48:12 status half-installed espeak-ng-data:amd64 1.51+dfsg-12build1
2024-04-24 10:48:13 status unpacked espeak-ng-data:amd64 1.51+dfsg-12build1
2024-04-24 10:48:13 install evince-common:all <none> 46.0-1build1
2024-04-24 10:48:13 status half-installed evince-common:all 46.0-1build1
2024-04-24 10:48:13 status unpacked evince-common:all 46.0-1build1
2024-04-24 10:48:13 install libarchive13t64:amd64 <none> 3.7.2-2
2024-04-24 10:48:13 status half-installed libarchive13t64:amd64 3.7.2-2
2024-04-24 10:48:13 status unpacked libarchive13t64:amd64 3.7.2-2
2024-04-24 10:48:13 install libdjvulibre-text:all <none> 3.5.28-2build4
2024-04-24 10:48:13 status half-installed libdjvulibre-text:all 3.5.28-2build4
2024-04-24 10:48:13 status unpacked libdjvulibre-text:all 3.5.28-2build4
2024-04-24 10:48:13 install libdjvulibre21:amd64 <none> 3.5.28-2build4
2024-04-24 10:48:13 status half-installed libdjvulibre21:amd64 3.5.28-2build4
2024-04-24 10:48:13 status unpacked libdjvulibre21:amd64 3.5.28-2build4
2024-04-24 10:48:13 install libgxps2t64:amd64 <none> 0.3.2-4build3
2024-04-24 10:48:13 status half-installed libgxps2t64:amd64 0.3.2-4build3
2024-04-24 10:48:13 status unpacked libgxps2t64:amd64 0.3.2-4build3
2024-04-24 10:48:13 install libkpathsea6:amd64 <none> 2023.20230311.66589-9build3
2024-04-24 10:48:13 status half-installed libkpathsea6:amd64 2023.20230311.66589-9build3
2024-04-24 10:48:13 status unpacked libkpathsea6:amd64 2023.20230311.66589-9build3
2024-04-24 10:48:13 install libspectre1:amd64 <none> 0.2.12-1build2
2024-04-24 10:48:13 status half-installed libspectre1:amd64 0.2.12-1build2
2024-04-24 10:48:13 status unpacked libspectre1:amd64 0.2.12-1build2
2024-04-24 10:48:13 install libsynctex2:amd64 <none> 2023.20230311.66589-9build3
2024-04-24 10:48:13 status half-installed libsynctex2:amd64 2023.20230311.66589-9build3
2024-04-24 10:48:13 status unpacked libsynctex2:amd64 2023.20230311.66589-9build3
2024-04-24 10:48:13 install libevdocument3-4t64:amd64 <none> 46.0-1build1
2024-04-24 10:48:13 status half-installed libevdocument3-4t64:amd64 46.0-1build1
2024-04-24 10:48:13 status unpacked libevdocument3-4t64:amd64 46.0-1build1
2024-04-24 10:48:13 install libcdparanoia0:amd64 <none> 3.10.2+debian-14build3
2024-04-24 10:48:13 status half-installed libcdparanoia0:amd64 3.10.2+debian-14build3
2024-04-24 10:48:13 status unpacked libcdparanoia0:amd64 3.10.2+debian-14build3
2024-04-24 10:48:13 install libgstreamer1.0-0:amd64 <none> 1.24.2-1
2024-04-24 10:48:13 status half-installed libgstreamer1.0-0:amd64 1.24.2-1
2024-04-24 10:48:13 status unpacked libgstreamer1.0-0:amd64 1.24.2-1
2024-04-24 10:48:13 install liborc-0.4-0t64:amd64 <none> 1:0.4.38-1build1
2024-04-24 10:48:13 status half-installed liborc-0.4-0t64:amd64 1:0.4.38-1build1
2024-04-24 10:48:13 status unpacked liborc-0.4-0t64:amd64 1:0.4.38-1build1
2024-04-24 10:48:13 install libgstreamer-plugins-base1.0-0:amd64 <none> 1.24.2-1
2024-04-24 10:48:13 status half-installed libgstreamer-plugins-base1.0-0:amd64 1.24.2-1
2024-04-24 10:48:13 status unpacked libgstreamer-plugins-base1.0-0:amd64 1.24.2-1
2024-04-24 10:48:13 install libogg0:amd64 <none> 1.3.5-3build1
2024-04-24 10:48:13 status half-installed libogg0:amd64 1.3.5-3build1
2024-04-24 10:48:13 status unpacked libogg0:amd64 1.3.5-3build1
2024-04-24 10:48:13 install libopus0:amd64 <none> 1.4-1build1
2024-04-24 10:48:13 status half-installed libopus0:amd64 1.4-1build1
2024-04-24 10:48:13 status unpacked libopus0:amd64 1.4-1build1
2024-04-24 10:48:13 install libtheora0:amd64 <none> 1.1.1+dfsg.1-16.1build3
2024-04-24 10:48:13 status half-installed libtheora0:amd64 1.1.1+dfsg.1-16.1build3
2024-04-24 10:48:13 status unpacked libtheora0:amd64 1.1.1+dfsg.1-16.1build3
2024-04-24 10:48:13 install libvisual-0.4-0:amd64 <none> 0.4.2-2build1
2024-04-24 10:48:13 status half-installed libvisual-0.4-0:amd64 0.4.2-2build1
2024-04-24 10:48:13 status unpacked libvisual-0.4-0:amd64 0.4.2-2build1
2024-04-24 10:48:13 install libvorbis0a:amd64 <none> 1.3.7-1build3
2024-04-24 10:48:13 status half-installed libvorbis0a:amd64 1.3.7-1build3
2024-04-24 10:48:13 status unpacked libvorbis0a:amd64 1.3.7-1build3
2024-04-24 10:48:13 install libvorbisenc2:amd64 <none> 1.3.7-1build3
2024-04-24 10:48:13 status half-installed libvorbisenc2:amd64 1.3.7-1build3
2024-04-24 10:48:13 status unpacked libvorbisenc2:amd64 1.3.7-1build3
2024-04-24 10:48:13 install gstreamer1.0-plugins-base:amd64 <none> 1.24.2-1
2024-04-24 10:48:13 status half-installed gstreamer1.0-plugins-base:amd64 1.24.2-1
2024-04-24 10:48:13 status unpacked gstreamer1.0-plugins-base:amd64 1.24.2-1
2024-04-24 10:48:13 install libgspell-1-common:all <none> 1.12.2-1build4
2024-04-24 10:48:13 status half-installed libgspell-1-common:all 1.12.2-1build4
2024-04-24 10:48:13 status unpacked libgspell-1-common:all 1.12.2-1build4
2024-04-24 10:48:13 install libgspell-1-2:amd64 <none> 1.12.2-1build4
2024-04-24 10:48:13 status half-installed libgspell-1-2:amd64 1.12.2-1build4
2024-04-24 10:48:13 status unpacked libgspell-1-2:amd64 1.12.2-1build4
2024-04-24 10:48:13 install libevview3-3t64:amd64 <none> 46.0-1build1
2024-04-24 10:48:13 status half-installed libevview3-3t64:amd64 46.0-1build1
2024-04-24 10:48:13 status unpacked libevview3-3t64:amd64 46.0-1build1
2024-04-24 10:48:13 install libsecret-common:all <none> 0.21.4-1build3
2024-04-24 10:48:13 status half-installed libsecret-common:all 0.21.4-1build3
2024-04-24 10:48:13 status unpacked libsecret-common:all 0.21.4-1build3
2024-04-24 10:48:13 install libsecret-1-0:amd64 <none> 0.21.4-1build3
2024-04-24 10:48:13 status half-installed libsecret-1-0:amd64 0.21.4-1build3
2024-04-24 10:48:14 status unpacked libsecret-1-0:amd64 0.21.4-1build3
2024-04-24 10:48:14 install evince:amd64 <none> 46.0-1build1
2024-04-24 10:48:14 status half-installed evince:amd64 46.0-1build1
2024-04-24 10:48:14 status unpacked evince:amd64 46.0-1build1
2024-04-24 10:48:14 install libcamel-1.2-64t64:amd64 <none> 3.52.0-1build3
2024-04-24 10:48:14 status half-installed libcamel-1.2-64t64:amd64 3.52.0-1build3
2024-04-24 10:48:14 status unpacked libcamel-1.2-64t64:amd64 3.52.0-1build3
2024-04-24 10:48:14 install libtdb1:amd64 <none> 1.4.10-1build1
2024-04-24 10:48:14 status half-installed libtdb1:amd64 1.4.10-1build1
2024-04-24 10:48:14 status unpacked libtdb1:amd64 1.4.10-1build1
2024-04-24 10:48:14 install libvorbisfile3:amd64 <none> 1.3.7-1build3
2024-04-24 10:48:14 status half-installed libvorbisfile3:amd64 1.3.7-1build3
2024-04-24 10:48:14 status unpacked libvorbisfile3:amd64 1.3.7-1build3
2024-04-24 10:48:14 install sound-theme-freedesktop:all <none> 0.8-2ubuntu1
2024-04-24 10:48:14 status half-installed sound-theme-freedesktop:all 0.8-2ubuntu1
2024-04-24 10:48:14 status unpacked sound-theme-freedesktop:all 0.8-2ubuntu1
2024-04-24 10:48:14 install libcanberra0t64:amd64 <none> 0.30-10ubuntu10
2024-04-24 10:48:14 status half-installed libcanberra0t64:amd64 0.30-10ubuntu10
2024-04-24 10:48:14 status unpacked libcanberra0t64:amd64 0.30-10ubuntu10
2024-04-24 10:48:14 install libcanberra-gtk3-0t64:amd64 <none> 0.30-10ubuntu10
2024-04-24 10:48:14 status half-installed libcanberra-gtk3-0t64:amd64 0.30-10ubuntu10
2024-04-24 10:48:14 status unpacked libcanberra-gtk3-0t64:amd64 0.30-10ubuntu10
2024-04-24 10:48:14 install evolution-data-server-common:all <none> 3.52.0-1build3
2024-04-24 10:48:14 status half-installed evolution-data-server-common:all 3.52.0-1build3
2024-04-24 10:48:14 status unpacked evolution-data-server-common:all 3.52.0-1build3
2024-04-24 10:48:14 install libedataserver-1.2-27t64:amd64 <none> 3.52.0-1build3
2024-04-24 10:48:14 status half-installed libedataserver-1.2-27t64:amd64 3.52.0-1build3
2024-04-24 10:48:14 status unpacked libedataserver-1.2-27t64:amd64 3.52.0-1build3
2024-04-24 10:48:14 install libebackend-1.2-11t64:amd64 <none> 3.52.0-1build3
2024-04-24 10:48:14 status half-installed libebackend-1.2-11t64:amd64 3.52.0-1build3
2024-04-24 10:48:14 status unpacked libebackend-1.2-11t64:amd64 3.52.0-1build3
2024-04-24 10:48:14 install libabsl20220623t64:amd64 <none> 20220623.1-3.1ubuntu3
2024-04-24 10:48:14 status half-installed libabsl20220623t64:amd64 20220623.1-3.1ubuntu3
2024-04-24 10:48:14 status unpacked libabsl20220623t64:amd64 20220623.1-3.1ubuntu3
2024-04-24 10:48:14 install libprotobuf32t64:amd64 <none> 3.21.12-8.2build1
2024-04-24 10:48:14 status half-installed libprotobuf32t64:amd64 3.21.12-8.2build1
2024-04-24 10:48:14 status unpacked libprotobuf32t64:amd64 3.21.12-8.2build1
2024-04-24 10:48:14 install libphonenumber8:amd64 <none> 8.12.57+ds-4.2build3
2024-04-24 10:48:14 status half-installed libphonenumber8:amd64 8.12.57+ds-4.2build3
2024-04-24 10:48:14 status unpacked libphonenumber8:amd64 8.12.57+ds-4.2build3
2024-04-24 10:48:14 install libebook-contacts-1.2-4t64:amd64 <none> 3.52.0-1build3
2024-04-24 10:48:14 status half-installed libebook-contacts-1.2-4t64:amd64 3.52.0-1build3
2024-04-24 10:48:14 status unpacked libebook-contacts-1.2-4t64:amd64 3.52.0-1build3
2024-04-24 10:48:14 install libedata-book-1.2-27t64:amd64 <none> 3.52.0-1build3
2024-04-24 10:48:14 status half-installed libedata-book-1.2-27t64:amd64 3.52.0-1build3
2024-04-24 10:48:14 status unpacked libedata-book-1.2-27t64:amd64 3.52.0-1build3
2024-04-24 10:48:14 install libebook-1.2-21t64:amd64 <none> 3.52.0-1build3
2024-04-24 10:48:14 status half-installed libebook-1.2-21t64:amd64 3.52.0-1build3
2024-04-24 10:48:14 status unpacked libebook-1.2-21t64:amd64 3.52.0-1build3
2024-04-24 10:48:14 install libecal-2.0-3:amd64 <none> 3.52.0-1build3
2024-04-24 10:48:14 status half-installed libecal-2.0-3:amd64 3.52.0-1build3
2024-04-24 10:48:14 status unpacked libecal-2.0-3:amd64 3.52.0-1build3
2024-04-24 10:48:14 install libedata-cal-2.0-2t64:amd64 <none> 3.52.0-1build3
2024-04-24 10:48:14 status half-installed libedata-cal-2.0-2t64:amd64 3.52.0-1build3
2024-04-24 10:48:14 status unpacked libedata-cal-2.0-2t64:amd64 3.52.0-1build3
2024-04-24 10:48:14 install libatomic1:amd64 <none> 14-20240412-0ubuntu1
2024-04-24 10:48:14 status half-installed libatomic1:amd64 14-20240412-0ubuntu1
2024-04-24 10:48:14 status unpacked libatomic1:amd64 14-20240412-0ubuntu1
2024-04-24 10:48:14 install libjavascriptcoregtk-4.1-0:amd64 <none> 2.44.0-2
2024-04-24 10:48:14 status half-installed libjavascriptcoregtk-4.1-0:amd64 2.44.0-2
2024-04-24 10:48:14 status unpacked libjavascriptcoregtk-4.1-0:amd64 2.44.0-2
2024-04-24 10:48:14 install libaa1:amd64 <none> 1.4p5-51.1
2024-04-24 10:48:14 status half-installed libaa1:amd64 1.4p5-51.1
2024-04-24 10:48:14 status unpacked libaa1:amd64 1.4p5-51.1
2024-04-24 10:48:14 install libraw1394-11:amd64 <none> 2.1.2-2build3
2024-04-24 10:48:14 status half-installed libraw1394-11:amd64 2.1.2-2build3
2024-04-24 10:48:14 status unpacked libraw1394-11:amd64 2.1.2-2build3
2024-04-24 10:48:14 install libavc1394-0:amd64 <none> 0.5.4-5build3
2024-04-24 10:48:14 status half-installed libavc1394-0:amd64 0.5.4-5build3
2024-04-24 10:48:14 status unpacked libavc1394-0:amd64 0.5.4-5build3
2024-04-24 10:48:14 install libcaca0:amd64 <none> 0.99.beta20-4build2
2024-04-24 10:48:14 status half-installed libcaca0:amd64 0.99.beta20-4build2
2024-04-24 10:48:15 status unpacked libcaca0:amd64 0.99.beta20-4build2
2024-04-24 10:48:15 install libdv4t64:amd64 <none> 1.0.0-17.1build1
2024-04-24 10:48:15 status half-installed libdv4t64:amd64 1.0.0-17.1build1
2024-04-24 10:48:15 status unpacked libdv4t64:amd64 1.0.0-17.1build1
2024-04-24 10:48:15 install libflac12t64:amd64 <none> 1.4.3+ds-2.1ubuntu2
2024-04-24 10:48:15 status half-installed libflac12t64:amd64 1.4.3+ds-2.1ubuntu2
2024-04-24 10:48:15 status unpacked libflac12t64:amd64 1.4.3+ds-2.1ubuntu2
2024-04-24 10:48:15 install libgstreamer-plugins-good1.0-0:amd64 <none> 1.24.2-1ubuntu1
2024-04-24 10:48:15 status half-installed libgstreamer-plugins-good1.0-0:amd64 1.24.2-1ubuntu1
2024-04-24 10:48:15 status unpacked libgstreamer-plugins-good1.0-0:amd64 1.24.2-1ubuntu1
2024-04-24 10:48:15 install libiec61883-0:amd64 <none> 1.2.0-6build1
2024-04-24 10:48:15 status half-installed libiec61883-0:amd64 1.2.0-6build1
2024-04-24 10:48:15 status unpacked libiec61883-0:amd64 1.2.0-6build1
2024-04-24 10:48:15 install libmp3lame0:amd64 <none> 3.100-6build1
2024-04-24 10:48:15 status half-installed libmp3lame0:amd64 3.100-6build1
2024-04-24 10:48:15 status unpacked libmp3lame0:amd64 3.100-6build1
2024-04-24 10:48:15 install libmpg123-0t64:amd64 <none> 1.32.5-1ubuntu1
2024-04-24 10:48:15 status half-installed libmpg123-0t64:amd64 1.32.5-1ubuntu1
2024-04-24 10:48:15 status unpacked libmpg123-0t64:amd64 1.32.5-1ubuntu1
2024-04-24 10:48:15 install libasyncns0:amd64 <none> 0.8-6build4
2024-04-24 10:48:15 status half-installed libasyncns0:amd64 0.8-6build4
2024-04-24 10:48:15 status unpacked libasyncns0:amd64 0.8-6build4
2024-04-24 10:48:15 install libsndfile1:amd64 <none> 1.2.2-1ubuntu5
2024-04-24 10:48:15 status half-installed libsndfile1:amd64 1.2.2-1ubuntu5
2024-04-24 10:48:15 status unpacked libsndfile1:amd64 1.2.2-1ubuntu5
2024-04-24 10:48:15 install libpulse0:amd64 <none> 1:16.1+dfsg1-2ubuntu10
2024-04-24 10:48:15 status half-installed libpulse0:amd64 1:16.1+dfsg1-2ubuntu10
2024-04-24 10:48:15 status unpacked libpulse0:amd64 1:16.1+dfsg1-2ubuntu10
2024-04-24 10:48:15 install libspeex1:amd64 <none> 1.2.1-2ubuntu2
2024-04-24 10:48:15 status half-installed libspeex1:amd64 1.2.1-2ubuntu2
2024-04-24 10:48:15 status unpacked libspeex1:amd64 1.2.1-2ubuntu2
2024-04-24 10:48:15 install libshout3:amd64 <none> 2.4.6-1build2
2024-04-24 10:48:15 status half-installed libshout3:amd64 2.4.6-1build2
2024-04-24 10:48:15 status unpacked libshout3:amd64 2.4.6-1build2
2024-04-24 10:48:15 install libtag1v5-vanilla:amd64 <none> 1.13.1-1build1
2024-04-24 10:48:15 status half-installed libtag1v5-vanilla:amd64 1.13.1-1build1
2024-04-24 10:48:15 status unpacked libtag1v5-vanilla:amd64 1.13.1-1build1
2024-04-24 10:48:15 install libtag1v5:amd64 <none> 1.13.1-1build1
2024-04-24 10:48:15 status half-installed libtag1v5:amd64 1.13.1-1build1
2024-04-24 10:48:15 status unpacked libtag1v5:amd64 1.13.1-1build1
2024-04-24 10:48:15 install libtwolame0:amd64 <none> 0.4.0-2build3
2024-04-24 10:48:15 status half-installed libtwolame0:amd64 0.4.0-2build3
2024-04-24 10:48:15 status unpacked libtwolame0:amd64 0.4.0-2build3
2024-04-24 10:48:15 install libv4lconvert0t64:amd64 <none> 1.26.1-4build3
2024-04-24 10:48:15 status half-installed libv4lconvert0t64:amd64 1.26.1-4build3
2024-04-24 10:48:15 status unpacked libv4lconvert0t64:amd64 1.26.1-4build3
2024-04-24 10:48:15 install libv4l-0t64:amd64 <none> 1.26.1-4build3
2024-04-24 10:48:15 status half-installed libv4l-0t64:amd64 1.26.1-4build3
2024-04-24 10:48:15 status unpacked libv4l-0t64:amd64 1.26.1-4build3
2024-04-24 10:48:15 install libvpx9:amd64 <none> 1.14.0-1ubuntu2
2024-04-24 10:48:15 status half-installed libvpx9:amd64 1.14.0-1ubuntu2
2024-04-24 10:48:15 status unpacked libvpx9:amd64 1.14.0-1ubuntu2
2024-04-24 10:48:15 install libwavpack1:amd64 <none> 5.6.0-1build1
2024-04-24 10:48:15 status half-installed libwavpack1:amd64 5.6.0-1build1
2024-04-24 10:48:15 status unpacked libwavpack1:amd64 5.6.0-1build1
2024-04-24 10:48:15 install gstreamer1.0-plugins-good:amd64 <none> 1.24.2-1ubuntu1
2024-04-24 10:48:15 status half-installed gstreamer1.0-plugins-good:amd64 1.24.2-1ubuntu1
2024-04-24 10:48:15 status unpacked gstreamer1.0-plugins-good:amd64 1.24.2-1ubuntu1
2024-04-24 10:48:15 install libglvnd0:amd64 <none> 1.7.0-1build1
2024-04-24 10:48:15 status half-installed libglvnd0:amd64 1.7.0-1build1
2024-04-24 10:48:15 status unpacked libglvnd0:amd64 1.7.0-1build1
2024-04-24 10:48:15 install libgles2:amd64 <none> 1.7.0-1build1
2024-04-24 10:48:15 status half-installed libgles2:amd64 1.7.0-1build1
2024-04-24 10:48:15 status unpacked libgles2:amd64 1.7.0-1build1
2024-04-24 10:48:15 install xdg-dbus-proxy:amd64 <none> 0.1.5-1build2
2024-04-24 10:48:15 status half-installed xdg-dbus-proxy:amd64 0.1.5-1build2
2024-04-24 10:48:15 status unpacked xdg-dbus-proxy:amd64 0.1.5-1build2
2024-04-24 10:48:15 install libwayland-server0:amd64 <none> 1.22.0-2.1build1
2024-04-24 10:48:15 status half-installed libwayland-server0:amd64 1.22.0-2.1build1
2024-04-24 10:48:15 status unpacked libwayland-server0:amd64 1.22.0-2.1build1
2024-04-24 10:48:15 install libxcb-randr0:amd64 <none> 1.15-1ubuntu2
2024-04-24 10:48:15 status half-installed libxcb-randr0:amd64 1.15-1ubuntu2
2024-04-24 10:48:15 status unpacked libxcb-randr0:amd64 1.15-1ubuntu2
2024-04-24 10:48:15 install libgbm1:amd64 <none> 24.0.5-1ubuntu1
2024-04-24 10:48:15 status half-installed libgbm1:amd64 24.0.5-1ubuntu1
2024-04-24 10:48:15 status unpacked libgbm1:amd64 24.0.5-1ubuntu1
2024-04-24 10:48:15 install libglapi-mesa:amd64 <none> 24.0.5-1ubuntu1
2024-04-24 10:48:15 status half-installed libglapi-mesa:amd64 24.0.5-1ubuntu1
2024-04-24 10:48:15 status unpacked libglapi-mesa:amd64 24.0.5-1ubuntu1
2024-04-24 10:48:15 install libxcb-dri2-0:amd64 <none> 1.15-1ubuntu2
2024-04-24 10:48:15 status half-installed libxcb-dri2-0:amd64 1.15-1ubuntu2
2024-04-24 10:48:15 status unpacked libxcb-dri2-0:amd64 1.15-1ubuntu2
2024-04-24 10:48:15 install libxcb-dri3-0:amd64 <none> 1.15-1ubuntu2
2024-04-24 10:48:15 status half-installed libxcb-dri3-0:amd64 1.15-1ubuntu2
2024-04-24 10:48:15 status unpacked libxcb-dri3-0:amd64 1.15-1ubuntu2
2024-04-24 10:48:15 install libxcb-present0:amd64 <none> 1.15-1ubuntu2
2024-04-24 10:48:15 status half-installed libxcb-present0:amd64 1.15-1ubuntu2
2024-04-24 10:48:15 status unpacked libxcb-present0:amd64 1.15-1ubuntu2
2024-04-24 10:48:15 install libxcb-sync1:amd64 <none> 1.15-1ubuntu2
2024-04-24 10:48:15 status half-installed libxcb-sync1:amd64 1.15-1ubuntu2
2024-04-24 10:48:15 status unpacked libxcb-sync1:amd64 1.15-1ubuntu2
2024-04-24 10:48:16 install libxcb-xfixes0:amd64 <none> 1.15-1ubuntu2
2024-04-24 10:48:16 status half-installed libxcb-xfixes0:amd64 1.15-1ubuntu2
2024-04-24 10:48:16 status unpacked libxcb-xfixes0:amd64 1.15-1ubuntu2
2024-04-24 10:48:16 install libxshmfence1:amd64 <none> 1.3-1build5
2024-04-24 10:48:16 status half-installed libxshmfence1:amd64 1.3-1build5
2024-04-24 10:48:16 status unpacked libxshmfence1:amd64 1.3-1build5
2024-04-24 10:48:16 install libegl-mesa0:amd64 <none> 24.0.5-1ubuntu1
2024-04-24 10:48:16 status half-installed libegl-mesa0:amd64 24.0.5-1ubuntu1
2024-04-24 10:48:16 status unpacked libegl-mesa0:amd64 24.0.5-1ubuntu1
2024-04-24 10:48:16 install libegl1:amd64 <none> 1.7.0-1build1
2024-04-24 10:48:16 status half-installed libegl1:amd64 1.7.0-1build1
2024-04-24 10:48:16 status unpacked libegl1:amd64 1.7.0-1build1
2024-04-24 10:48:16 install libxcb-glx0:amd64 <none> 1.15-1ubuntu2
2024-04-24 10:48:16 status half-installed libxcb-glx0:amd64 1.15-1ubuntu2
2024-04-24 10:48:16 status unpacked libxcb-glx0:amd64 1.15-1ubuntu2
2024-04-24 10:48:16 install libxxf86vm1:amd64 <none> 1:1.1.4-1build4
2024-04-24 10:48:16 status half-installed libxxf86vm1:amd64 1:1.1.4-1build4
2024-04-24 10:48:16 status unpacked libxxf86vm1:amd64 1:1.1.4-1build4
2024-04-24 10:48:16 install libdrm-amdgpu1:amd64 <none> 2.4.120-2build1
2024-04-24 10:48:16 status half-installed libdrm-amdgpu1:amd64 2.4.120-2build1
2024-04-24 10:48:16 status unpacked libdrm-amdgpu1:amd64 2.4.120-2build1
2024-04-24 10:48:16 install libdrm-intel1:amd64 <none> 2.4.120-2build1
2024-04-24 10:48:16 status half-installed libdrm-intel1:amd64 2.4.120-2build1
2024-04-24 10:48:16 status unpacked libdrm-intel1:amd64 2.4.120-2build1
2024-04-24 10:48:16 install libdrm-nouveau2:amd64 <none> 2.4.120-2build1
2024-04-24 10:48:16 status half-installed libdrm-nouveau2:amd64 2.4.120-2build1
2024-04-24 10:48:16 status unpacked libdrm-nouveau2:amd64 2.4.120-2build1
2024-04-24 10:48:16 install libdrm-radeon1:amd64 <none> 2.4.120-2build1
2024-04-24 10:48:16 status half-installed libdrm-radeon1:amd64 2.4.120-2build1
2024-04-24 10:48:16 status unpacked libdrm-radeon1:amd64 2.4.120-2build1
2024-04-24 10:48:16 install libllvm17t64:amd64 <none> 1:17.0.6-9ubuntu1
2024-04-24 10:48:16 status half-installed libllvm17t64:amd64 1:17.0.6-9ubuntu1
2024-04-24 10:48:16 status unpacked libllvm17t64:amd64 1:17.0.6-9ubuntu1
2024-04-24 10:48:16 install libgl1-mesa-dri:amd64 <none> 24.0.5-1ubuntu1
2024-04-24 10:48:16 status half-installed libgl1-mesa-dri:amd64 24.0.5-1ubuntu1
2024-04-24 10:48:17 status unpacked libgl1-mesa-dri:amd64 24.0.5-1ubuntu1
2024-04-24 10:48:17 install libglx-mesa0:amd64 <none> 24.0.5-1ubuntu1
2024-04-24 10:48:17 status half-installed libglx-mesa0:amd64 24.0.5-1ubuntu1
2024-04-24 10:48:17 status unpacked libglx-mesa0:amd64 24.0.5-1ubuntu1
2024-04-24 10:48:17 install libglx0:amd64 <none> 1.7.0-1build1
2024-04-24 10:48:17 status half-installed libglx0:amd64 1.7.0-1build1
2024-04-24 10:48:17 status unpacked libglx0:amd64 1.7.0-1build1
2024-04-24 10:48:17 install libgl1:amd64 <none> 1.7.0-1build1
2024-04-24 10:48:17 status half-installed libgl1:amd64 1.7.0-1build1
2024-04-24 10:48:17 status unpacked libgl1:amd64 1.7.0-1build1
2024-04-24 10:48:17 install libgstreamer-gl1.0-0:amd64 <none> 1.24.2-1
2024-04-24 10:48:17 status half-installed libgstreamer-gl1.0-0:amd64 1.24.2-1
2024-04-24 10:48:17 status unpacked libgstreamer-gl1.0-0:amd64 1.24.2-1
2024-04-24 10:48:17 install libharfbuzz-icu0:amd64 <none> 8.3.0-2build2
2024-04-24 10:48:17 status half-installed libharfbuzz-icu0:amd64 8.3.0-2build2
2024-04-24 10:48:17 status unpacked libharfbuzz-icu0:amd64 8.3.0-2build2
2024-04-24 10:48:17 install libhyphen0:amd64 <none> 2.8.8-7build3
2024-04-24 10:48:17 status half-installed libhyphen0:amd64 2.8.8-7build3
2024-04-24 10:48:17 status unpacked libhyphen0:amd64 2.8.8-7build3
2024-04-24 10:48:17 install libmanette-0.2-0:amd64 <none> 0.2.7-1build2
2024-04-24 10:48:17 status half-installed libmanette-0.2-0:amd64 0.2.7-1build2
2024-04-24 10:48:17 status unpacked libmanette-0.2-0:amd64 0.2.7-1build2
2024-04-24 10:48:17 install libwoff1:amd64 <none> 1.0.2-2build1
2024-04-24 10:48:17 status half-installed libwoff1:amd64 1.0.2-2build1
2024-04-24 10:48:17 status unpacked libwoff1:amd64 1.0.2-2build1
2024-04-24 10:48:17 install libxslt1.1:amd64 <none> 1.1.39-0exp1build1
2024-04-24 10:48:17 status half-installed libxslt1.1:amd64 1.1.39-0exp1build1
2024-04-24 10:48:17 status unpacked libxslt1.1:amd64 1.1.39-0exp1build1
2024-04-24 10:48:17 install libwebkit2gtk-4.1-0:amd64 <none> 2.44.0-2
2024-04-24 10:48:17 status half-installed libwebkit2gtk-4.1-0:amd64 2.44.0-2
2024-04-24 10:48:17 status unpacked libwebkit2gtk-4.1-0:amd64 2.44.0-2
2024-04-24 10:48:17 install libedataserverui-1.2-4t64:amd64 <none> 3.52.0-1build3
2024-04-24 10:48:17 status half-installed libedataserverui-1.2-4t64:amd64 3.52.0-1build3
2024-04-24 10:48:17 status unpacked libedataserverui-1.2-4t64:amd64 3.52.0-1build3
2024-04-24 10:48:17 install libgoa-1.0-common:all <none> 3.50.0-4ubuntu2
2024-04-24 10:48:17 status half-installed libgoa-1.0-common:all 3.50.0-4ubuntu2
2024-04-24 10:48:17 status unpacked libgoa-1.0-common:all 3.50.0-4ubuntu2
2024-04-24 10:48:17 install libgoa-1.0-0b:amd64 <none> 3.50.0-4ubuntu2
2024-04-24 10:48:17 status half-installed libgoa-1.0-0b:amd64 3.50.0-4ubuntu2
2024-04-24 10:48:17 status unpacked libgoa-1.0-0b:amd64 3.50.0-4ubuntu2
2024-04-24 10:48:17 install geocode-glib-common:all <none> 3.26.3-6build3
2024-04-24 10:48:17 status half-installed geocode-glib-common:all 3.26.3-6build3
2024-04-24 10:48:17 status unpacked geocode-glib-common:all 3.26.3-6build3
2024-04-24 10:48:17 install libgeocode-glib-2-0:amd64 <none> 3.26.3-6build3
2024-04-24 10:48:17 status half-installed libgeocode-glib-2-0:amd64 3.26.3-6build3
2024-04-24 10:48:17 status unpacked libgeocode-glib-2-0:amd64 3.26.3-6build3
2024-04-24 10:48:17 install libgweather-4-common:all <none> 4.4.2-1build1
2024-04-24 10:48:17 status half-installed libgweather-4-common:all 4.4.2-1build1
2024-04-24 10:48:17 status unpacked libgweather-4-common:all 4.4.2-1build1
2024-04-24 10:48:17 install libgweather-4-0t64:amd64 <none> 4.4.2-1build1
2024-04-24 10:48:17 status half-installed libgweather-4-0t64:amd64 4.4.2-1build1
2024-04-24 10:48:17 status unpacked libgweather-4-0t64:amd64 4.4.2-1build1
2024-04-24 10:48:17 install libgck-1-0:amd64 <none> 3.41.2-1build3
2024-04-24 10:48:17 status half-installed libgck-1-0:amd64 3.41.2-1build3
2024-04-24 10:48:17 status unpacked libgck-1-0:amd64 3.41.2-1build3
2024-04-24 10:48:17 install libgcr-base-3-1:amd64 <none> 3.41.2-1build3
2024-04-24 10:48:17 status half-installed libgcr-base-3-1:amd64 3.41.2-1build3
2024-04-24 10:48:18 status unpacked libgcr-base-3-1:amd64 3.41.2-1build3
2024-04-24 10:48:18 install libgck-2-2:amd64 <none> 4.2.0-5
2024-04-24 10:48:18 status half-installed libgck-2-2:amd64 4.2.0-5
2024-04-24 10:48:18 status unpacked libgck-2-2:amd64 4.2.0-5
2024-04-24 10:48:18 install libgcr-4-4:amd64 <none> 4.2.0-5
2024-04-24 10:48:18 status half-installed libgcr-4-4:amd64 4.2.0-5
2024-04-24 10:48:18 status unpacked libgcr-4-4:amd64 4.2.0-5
2024-04-24 10:48:18 install gcr4:amd64 <none> 4.2.0-5
2024-04-24 10:48:18 status half-installed gcr4:amd64 4.2.0-5
2024-04-24 10:48:18 status unpacked gcr4:amd64 4.2.0-5
2024-04-24 10:48:18 install libgcr-ui-3-1:amd64 <none> 3.41.2-1build3
2024-04-24 10:48:18 status half-installed libgcr-ui-3-1:amd64 3.41.2-1build3
2024-04-24 10:48:18 status unpacked libgcr-ui-3-1:amd64 3.41.2-1build3
2024-04-24 10:48:18 install gcr:amd64 <none> 3.41.2-1build3
2024-04-24 10:48:18 status half-installed gcr:amd64 3.41.2-1build3
2024-04-24 10:48:18 status triggers-pending shared-mime-info:amd64 2.4-4
2024-04-24 10:48:18 status unpacked gcr:amd64 3.41.2-1build3
2024-04-24 10:48:18 install p11-kit-modules:amd64 <none> 0.25.3-4ubuntu2
2024-04-24 10:48:18 status half-installed p11-kit-modules:amd64 0.25.3-4ubuntu2
2024-04-24 10:48:18 status unpacked p11-kit-modules:amd64 0.25.3-4ubuntu2
2024-04-24 10:48:18 install p11-kit:amd64 <none> 0.25.3-4ubuntu2
2024-04-24 10:48:18 status half-installed p11-kit:amd64 0.25.3-4ubuntu2
2024-04-24 10:48:18 status unpacked p11-kit:amd64 0.25.3-4ubuntu2
2024-04-24 10:48:18 install pinentry-gnome3:amd64 <none> 1.2.1-3ubuntu5
2024-04-24 10:48:18 status half-installed pinentry-gnome3:amd64 1.2.1-3ubuntu5
2024-04-24 10:48:18 status unpacked pinentry-gnome3:amd64 1.2.1-3ubuntu5
2024-04-24 10:48:18 install gnome-keyring:amd64 <none> 46.1-2build1
2024-04-24 10:48:18 status half-installed gnome-keyring:amd64 46.1-2build1
2024-04-24 10:48:18 status unpacked gnome-keyring:amd64 46.1-2build1
2024-04-24 10:48:18 install evolution-data-server:amd64 <none> 3.52.0-1build3
2024-04-24 10:48:18 status half-installed evolution-data-server:amd64 3.52.0-1build3
2024-04-24 10:48:18 status unpacked evolution-data-server:amd64 3.52.0-1build3
2024-04-24 10:48:18 install fdisk:amd64 <none> 2.39.3-9ubuntu6
2024-04-24 10:48:18 status half-installed fdisk:amd64 2.39.3-9ubuntu6
2024-04-24 10:48:18 status unpacked fdisk:amd64 2.39.3-9ubuntu6
2024-04-24 10:48:18 install fonts-arphic-ukai:all <none> 0.2.20080216.2-5
2024-04-24 10:48:18 status half-installed fonts-arphic-ukai:all 0.2.20080216.2-5
2024-04-24 10:48:19 status unpacked fonts-arphic-ukai:all 0.2.20080216.2-5
2024-04-24 10:48:19 install fonts-liberation-sans-narrow:all <none> 1:1.07.6-4
2024-04-24 10:48:19 status half-installed fonts-liberation-sans-narrow:all 1:1.07.6-4
2024-04-24 10:48:19 status unpacked fonts-liberation-sans-narrow:all 1:1.07.6-4
2024-04-24 10:48:19 install fonts-noto-cjk:all <none> 1:20230817+repack1-3
2024-04-24 10:48:19 status half-installed fonts-noto-cjk:all 1:20230817+repack1-3
2024-04-24 10:48:19 status unpacked fonts-noto-cjk:all 1:20230817+repack1-3
2024-04-24 10:48:19 install fonts-noto-color-emoji:all <none> 2.042-1
2024-04-24 10:48:19 status half-installed fonts-noto-color-emoji:all 2.042-1
2024-04-24 10:48:19 status unpacked fonts-noto-color-emoji:all 2.042-1
2024-04-24 10:48:19 install fonts-ubuntu:all <none> 0.869+git20240321-0ubuntu1
2024-04-24 10:48:19 status half-installed fonts-ubuntu:all 0.869+git20240321-0ubuntu1
2024-04-24 10:48:19 status unpacked fonts-ubuntu:all 0.869+git20240321-0ubuntu1
2024-04-24 10:48:19 install foomatic-db-compressed-ppds:all <none> 20230202-1
2024-04-24 10:48:19 status half-installed foomatic-db-compressed-ppds:all 20230202-1
2024-04-24 10:48:19 status unpacked foomatic-db-compressed-ppds:all 20230202-1
2024-04-24 10:48:19 install libftdi1-2:amd64 <none> 1.5-6build5
2024-04-24 10:48:19 status half-installed libftdi1-2:amd64 1.5-6build5
2024-04-24 10:48:19 status unpacked libftdi1-2:amd64 1.5-6build5
2024-04-24 10:48:19 install libflashrom1:amd64 <none> 1.3.0-2.1ubuntu2
2024-04-24 10:48:19 status half-installed libflashrom1:amd64 1.3.0-2.1ubuntu2
2024-04-24 10:48:19 status unpacked libflashrom1:amd64 1.3.0-2.1ubuntu2
2024-04-24 10:48:19 install gnupg-utils:amd64 <none> 2.4.4-2ubuntu17
2024-04-24 10:48:19 status half-installed gnupg-utils:amd64 2.4.4-2ubuntu17
2024-04-24 10:48:19 status unpacked gnupg-utils:amd64 2.4.4-2ubuntu17
2024-04-24 10:48:19 install gpg:amd64 <none> 2.4.4-2ubuntu17
2024-04-24 10:48:19 status half-installed gpg:amd64 2.4.4-2ubuntu17
2024-04-24 10:48:19 status unpacked gpg:amd64 2.4.4-2ubuntu17
2024-04-24 10:48:19 install pinentry-curses:amd64 <none> 1.2.1-3ubuntu5
2024-04-24 10:48:19 status half-installed pinentry-curses:amd64 1.2.1-3ubuntu5
2024-04-24 10:48:19 status unpacked pinentry-curses:amd64 1.2.1-3ubuntu5
2024-04-24 10:48:19 install gpg-agent:amd64 <none> 2.4.4-2ubuntu17
2024-04-24 10:48:19 status half-installed gpg-agent:amd64 2.4.4-2ubuntu17
2024-04-24 10:48:19 status unpacked gpg-agent:amd64 2.4.4-2ubuntu17
2024-04-24 10:48:20 install gpgsm:amd64 <none> 2.4.4-2ubuntu17
2024-04-24 10:48:20 status half-installed gpgsm:amd64 2.4.4-2ubuntu17
2024-04-24 10:48:20 status unpacked gpgsm:amd64 2.4.4-2ubuntu17
2024-04-24 10:48:20 install keyboxd:amd64 <none> 2.4.4-2ubuntu17
2024-04-24 10:48:20 status half-installed keyboxd:amd64 2.4.4-2ubuntu17
2024-04-24 10:48:20 status unpacked keyboxd:amd64 2.4.4-2ubuntu17
2024-04-24 10:48:20 install gnupg:all <none> 2.4.4-2ubuntu17
2024-04-24 10:48:20 status half-installed gnupg:all 2.4.4-2ubuntu17
2024-04-24 10:48:20 status unpacked gnupg:all 2.4.4-2ubuntu17
2024-04-24 10:48:20 install libgpgme11t64:amd64 <none> 1.18.0-4.1ubuntu4
2024-04-24 10:48:20 status half-installed libgpgme11t64:amd64 1.18.0-4.1ubuntu4
2024-04-24 10:48:20 status unpacked libgpgme11t64:amd64 1.18.0-4.1ubuntu4
2024-04-24 10:48:20 install libjcat1:amd64 <none> 0.2.0-2build3
2024-04-24 10:48:20 status half-installed libjcat1:amd64 0.2.0-2build3
2024-04-24 10:48:20 status unpacked libjcat1:amd64 0.2.0-2build3
2024-04-24 10:48:20 install libfwupd2:amd64 <none> 1.9.16-1
2024-04-24 10:48:20 status half-installed libfwupd2:amd64 1.9.16-1
2024-04-24 10:48:20 status unpacked libfwupd2:amd64 1.9.16-1
2024-04-24 10:48:20 install libmbim-glib4:amd64 <none> 1.31.2-0ubuntu3
2024-04-24 10:48:20 status half-installed libmbim-glib4:amd64 1.31.2-0ubuntu3
2024-04-24 10:48:20 status unpacked libmbim-glib4:amd64 1.31.2-0ubuntu3
2024-04-24 10:48:20 install libmbim-proxy:amd64 <none> 1.31.2-0ubuntu3
2024-04-24 10:48:20 status half-installed libmbim-proxy:amd64 1.31.2-0ubuntu3
2024-04-24 10:48:20 status unpacked libmbim-proxy:amd64 1.31.2-0ubuntu3
2024-04-24 10:48:20 install libmm-glib0:amd64 <none> 1.23.4-0ubuntu2
2024-04-24 10:48:20 status half-installed libmm-glib0:amd64 1.23.4-0ubuntu2
2024-04-24 10:48:20 status unpacked libmm-glib0:amd64 1.23.4-0ubuntu2
2024-04-24 10:48:20 install libprotobuf-c1:amd64 <none> 1.4.1-1ubuntu4
2024-04-24 10:48:20 status half-installed libprotobuf-c1:amd64 1.4.1-1ubuntu4
2024-04-24 10:48:20 status unpacked libprotobuf-c1:amd64 1.4.1-1ubuntu4
2024-04-24 10:48:20 install libqrtr-glib0:amd64 <none> 1.2.2-1ubuntu4
2024-04-24 10:48:20 status half-installed libqrtr-glib0:amd64 1.2.2-1ubuntu4
2024-04-24 10:48:20 status unpacked libqrtr-glib0:amd64 1.2.2-1ubuntu4
2024-04-24 10:48:20 install libqmi-glib5:amd64 <none> 1.35.2-0ubuntu2
2024-04-24 10:48:20 status half-installed libqmi-glib5:amd64 1.35.2-0ubuntu2
2024-04-24 10:48:20 status unpacked libqmi-glib5:amd64 1.35.2-0ubuntu2
2024-04-24 10:48:20 install libqmi-proxy:amd64 <none> 1.35.2-0ubuntu2
2024-04-24 10:48:20 status half-installed libqmi-proxy:amd64 1.35.2-0ubuntu2
2024-04-24 10:48:20 status unpacked libqmi-proxy:amd64 1.35.2-0ubuntu2
2024-04-24 10:48:20 install tpm-udev:all <none> 0.6ubuntu1
2024-04-24 10:48:20 status half-installed tpm-udev:all 0.6ubuntu1
2024-04-24 10:48:20 status unpacked tpm-udev:all 0.6ubuntu1
2024-04-24 10:48:20 install libtss2-mu-4.0.1-0t64:amd64 <none> 4.0.1-7.1ubuntu5
2024-04-24 10:48:20 status half-installed libtss2-mu-4.0.1-0t64:amd64 4.0.1-7.1ubuntu5
2024-04-24 10:48:20 status unpacked libtss2-mu-4.0.1-0t64:amd64 4.0.1-7.1ubuntu5
2024-04-24 10:48:20 install libtss2-tcti-cmd0t64:amd64 <none> 4.0.1-7.1ubuntu5
2024-04-24 10:48:20 status half-installed libtss2-tcti-cmd0t64:amd64 4.0.1-7.1ubuntu5
2024-04-24 10:48:20 status unpacked libtss2-tcti-cmd0t64:amd64 4.0.1-7.1ubuntu5
2024-04-24 10:48:20 install libtss2-tcti-device0t64:amd64 <none> 4.0.1-7.1ubuntu5
2024-04-24 10:48:20 status half-installed libtss2-tcti-device0t64:amd64 4.0.1-7.1ubuntu5
2024-04-24 10:48:20 status unpacked libtss2-tcti-device0t64:amd64 4.0.1-7.1ubuntu5
2024-04-24 10:48:20 install libtss2-tcti-mssim0t64:amd64 <none> 4.0.1-7.1ubuntu5
2024-04-24 10:48:20 status half-installed libtss2-tcti-mssim0t64:amd64 4.0.1-7.1ubuntu5
2024-04-24 10:48:20 status unpacked libtss2-tcti-mssim0t64:amd64 4.0.1-7.1ubuntu5
2024-04-24 10:48:20 install libtss2-tcti-swtpm0t64:amd64 <none> 4.0.1-7.1ubuntu5
2024-04-24 10:48:20 status half-installed libtss2-tcti-swtpm0t64:amd64 4.0.1-7.1ubuntu5
2024-04-24 10:48:20 status unpacked libtss2-tcti-swtpm0t64:amd64 4.0.1-7.1ubuntu5
2024-04-24 10:48:20 install libtss2-sys1t64:amd64 <none> 4.0.1-7.1ubuntu5
2024-04-24 10:48:20 status half-installed libtss2-sys1t64:amd64 4.0.1-7.1ubuntu5
2024-04-24 10:48:20 status unpacked libtss2-sys1t64:amd64 4.0.1-7.1ubuntu5
2024-04-24 10:48:20 install libtss2-esys-3.0.2-0t64:amd64 <none> 4.0.1-7.1ubuntu5
2024-04-24 10:48:20 status half-installed libtss2-esys-3.0.2-0t64:amd64 4.0.1-7.1ubuntu5
2024-04-24 10:48:20 status unpacked libtss2-esys-3.0.2-0t64:amd64 4.0.1-7.1ubuntu5
2024-04-24 10:48:20 install fwupd:amd64 <none> 1.9.16-1
2024-04-24 10:48:20 status half-installed fwupd:amd64 1.9.16-1
2024-04-24 10:48:20 status unpacked fwupd:amd64 1.9.16-1
2024-04-24 10:48:20 install fwupd-signed:amd64 <none> 1.52+1.4-1
2024-04-24 10:48:20 status half-installed fwupd-signed:amd64 1.52+1.4-1
2024-04-24 10:48:20 status unpacked fwupd-signed:amd64 1.52+1.4-1
2024-04-24 10:48:20 install libinih1:amd64 <none> 55-1ubuntu2
2024-04-24 10:48:20 status half-installed libinih1:amd64 55-1ubuntu2
2024-04-24 10:48:20 status unpacked libinih1:amd64 55-1ubuntu2
2024-04-24 10:48:20 install pkexec:amd64 <none> 124-2ubuntu1
2024-04-24 10:48:20 status half-installed pkexec:amd64 124-2ubuntu1
2024-04-24 10:48:20 status unpacked pkexec:amd64 124-2ubuntu1
2024-04-24 10:48:20 install gamemode-daemon:amd64 <none> 1.8.1-2build1
2024-04-24 10:48:20 status half-installed gamemode-daemon:amd64 1.8.1-2build1
2024-04-24 10:48:20 status unpacked gamemode-daemon:amd64 1.8.1-2build1
2024-04-24 10:48:20 install libgamemode0:amd64 <none> 1.8.1-2build1
2024-04-24 10:48:20 status half-installed libgamemode0:amd64 1.8.1-2build1
2024-04-24 10:48:20 status unpacked libgamemode0:amd64 1.8.1-2build1
2024-04-24 10:48:20 install libgamemodeauto0:amd64 <none> 1.8.1-2build1
2024-04-24 10:48:20 status half-installed libgamemodeauto0:amd64 1.8.1-2build1
2024-04-24 10:48:20 status unpacked libgamemodeauto0:amd64 1.8.1-2build1
2024-04-24 10:48:20 install gamemode:amd64 <none> 1.8.1-2build1
2024-04-24 10:48:20 status half-installed gamemode:amd64 1.8.1-2build1
2024-04-24 10:48:20 status unpacked gamemode:amd64 1.8.1-2build1
2024-04-24 10:48:20 install libbabeltrace1:amd64 <none> 1.5.11-3build3
2024-04-24 10:48:20 status half-installed libbabeltrace1:amd64 1.5.11-3build3
2024-04-24 10:48:20 status unpacked libbabeltrace1:amd64 1.5.11-3build3
2024-04-24 10:48:21 install libdebuginfod1t64:amd64 <none> 0.190-1.1build4
2024-04-24 10:48:21 status half-installed libdebuginfod1t64:amd64 0.190-1.1build4
2024-04-24 10:48:21 status unpacked libdebuginfod1t64:amd64 0.190-1.1build4
2024-04-24 10:48:21 install libipt2:amd64 <none> 2.0.6-1build1
2024-04-24 10:48:21 status half-installed libipt2:amd64 2.0.6-1build1
2024-04-24 10:48:21 status unpacked libipt2:amd64 2.0.6-1build1
2024-04-24 10:48:21 install libsource-highlight-common:all <none> 3.1.9-4.3build1
2024-04-24 10:48:21 status half-installed libsource-highlight-common:all 3.1.9-4.3build1
2024-04-24 10:48:21 status unpacked libsource-highlight-common:all 3.1.9-4.3build1
2024-04-24 10:48:21 install libsource-highlight4t64:amd64 <none> 3.1.9-4.3build1
2024-04-24 10:48:21 status half-installed libsource-highlight4t64:amd64 3.1.9-4.3build1
2024-04-24 10:48:21 status unpacked libsource-highlight4t64:amd64 3.1.9-4.3build1
2024-04-24 10:48:21 install gdb:amd64 <none> 15.0.50.20240403-0ubuntu1
2024-04-24 10:48:21 status half-installed gdb:amd64 15.0.50.20240403-0ubuntu1
2024-04-24 10:48:21 status unpacked gdb:amd64 15.0.50.20240403-0ubuntu1
2024-04-24 10:48:21 install libgdm1:amd64 <none> 46.0-2ubuntu1
2024-04-24 10:48:21 status half-installed libgdm1:amd64 46.0-2ubuntu1
2024-04-24 10:48:21 status unpacked libgdm1:amd64 46.0-2ubuntu1
2024-04-24 10:48:21 install gir1.2-gdm-1.0:amd64 <none> 46.0-2ubuntu1
2024-04-24 10:48:21 status half-installed gir1.2-gdm-1.0:amd64 46.0-2ubuntu1
2024-04-24 10:48:21 status unpacked gir1.2-gdm-1.0:amd64 46.0-2ubuntu1
2024-04-24 10:48:21 install libupower-glib3:amd64 <none> 1.90.3-1
2024-04-24 10:48:21 status half-installed libupower-glib3:amd64 1.90.3-1
2024-04-24 10:48:21 status unpacked libupower-glib3:amd64 1.90.3-1
2024-04-24 10:48:21 install libplist-2.0-4:amd64 <none> 2.3.0-1~exp2build2
2024-04-24 10:48:21 status half-installed libplist-2.0-4:amd64 2.3.0-1~exp2build2
2024-04-24 10:48:21 status unpacked libplist-2.0-4:amd64 2.3.0-1~exp2build2
2024-04-24 10:48:21 install libusbmuxd6:amd64 <none> 2.0.2-4build3
2024-04-24 10:48:21 status half-installed libusbmuxd6:amd64 2.0.2-4build3
2024-04-24 10:48:21 status unpacked libusbmuxd6:amd64 2.0.2-4build3
2024-04-24 10:48:21 install libimobiledevice6:amd64 <none> 1.3.0-8.1build3
2024-04-24 10:48:21 status half-installed libimobiledevice6:amd64 1.3.0-8.1build3
2024-04-24 10:48:21 status unpacked libimobiledevice6:amd64 1.3.0-8.1build3
2024-04-24 10:48:21 install upower:amd64 <none> 1.90.3-1
2024-04-24 10:48:21 status half-installed upower:amd64 1.90.3-1
2024-04-24 10:48:21 status unpacked upower:amd64 1.90.3-1
2024-04-24 10:48:21 install gnome-session-bin:amd64 <none> 46.0-1ubuntu4
2024-04-24 10:48:21 status half-installed gnome-session-bin:amd64 46.0-1ubuntu4
2024-04-24 10:48:21 status unpacked gnome-session-bin:amd64 46.0-1ubuntu4
2024-04-24 10:48:21 install gnome-session-common:all <none> 46.0-1ubuntu4
2024-04-24 10:48:21 status half-installed gnome-session-common:all 46.0-1ubuntu4
2024-04-24 10:48:21 status unpacked gnome-session-common:all 46.0-1ubuntu4
2024-04-24 10:48:21 install gnome-settings-daemon-common:all <none> 46.0-1ubuntu1
2024-04-24 10:48:21 status half-installed gnome-settings-daemon-common:all 46.0-1ubuntu1
2024-04-24 10:48:21 status unpacked gnome-settings-daemon-common:all 46.0-1ubuntu1
2024-04-24 10:48:21 install libwebrtc-audio-processing1:amd64 <none> 0.3.1-0ubuntu6
2024-04-24 10:48:21 status half-installed libwebrtc-audio-processing1:amd64 0.3.1-0ubuntu6
2024-04-24 10:48:21 status unpacked libwebrtc-audio-processing1:amd64 0.3.1-0ubuntu6
2024-04-24 10:48:21 install libspa-0.2-modules:amd64 <none> 1.0.5-1
2024-04-24 10:48:21 status half-installed libspa-0.2-modules:amd64 1.0.5-1
2024-04-24 10:48:21 status unpacked libspa-0.2-modules:amd64 1.0.5-1
2024-04-24 10:48:21 install libbluetooth3:amd64 <none> 5.72-0ubuntu5
2024-04-24 10:48:21 status half-installed libbluetooth3:amd64 5.72-0ubuntu5
2024-04-24 10:48:21 status unpacked libbluetooth3:amd64 5.72-0ubuntu5
2024-04-24 10:48:21 install libfreeaptx0:amd64 <none> 0.1.1-2build1
2024-04-24 10:48:21 status half-installed libfreeaptx0:amd64 0.1.1-2build1
2024-04-24 10:48:21 status unpacked libfreeaptx0:amd64 0.1.1-2build1
2024-04-24 10:48:21 install liblc3-1:amd64 <none> 1.0.4-3build1
2024-04-24 10:48:21 status half-installed liblc3-1:amd64 1.0.4-3build1
2024-04-24 10:48:21 status unpacked liblc3-1:amd64 1.0.4-3build1
2024-04-24 10:48:21 install libldacbt-enc2:amd64 <none> 2.0.2.3+git20200429+ed310a0-4ubuntu2
2024-04-24 10:48:21 status half-installed libldacbt-enc2:amd64 2.0.2.3+git20200429+ed310a0-4ubuntu2
2024-04-24 10:48:21 status unpacked libldacbt-enc2:amd64 2.0.2.3+git20200429+ed310a0-4ubuntu2
2024-04-24 10:48:21 install libldacbt-abr2:amd64 <none> 2.0.2.3+git20200429+ed310a0-4ubuntu2
2024-04-24 10:48:21 status half-installed libldacbt-abr2:amd64 2.0.2.3+git20200429+ed310a0-4ubuntu2
2024-04-24 10:48:21 status unpacked libldacbt-abr2:amd64 2.0.2.3+git20200429+ed310a0-4ubuntu2
2024-04-24 10:48:21 install libsbc1:amd64 <none> 2.0-1build1
2024-04-24 10:48:21 status half-installed libsbc1:amd64 2.0-1build1
2024-04-24 10:48:21 status unpacked libsbc1:amd64 2.0-1build1
2024-04-24 10:48:21 install libspa-0.2-bluetooth:amd64 <none> 1.0.5-1
2024-04-24 10:48:21 status half-installed libspa-0.2-bluetooth:amd64 1.0.5-1
2024-04-24 10:48:21 status unpacked libspa-0.2-bluetooth:amd64 1.0.5-1
2024-04-24 10:48:21 install libpipewire-0.3-0t64:amd64 <none> 1.0.5-1
2024-04-24 10:48:21 status half-installed libpipewire-0.3-0t64:amd64 1.0.5-1
2024-04-24 10:48:21 status unpacked libpipewire-0.3-0t64:amd64 1.0.5-1
2024-04-24 10:48:21 install libspeexdsp1:amd64 <none> 1.2.1-1ubuntu3
2024-04-24 10:48:21 status half-installed libspeexdsp1:amd64 1.2.1-1ubuntu3
2024-04-24 10:48:21 status unpacked libspeexdsp1:amd64 1.2.1-1ubuntu3
2024-04-24 10:48:21 install libroc0.3:amd64 <none> 0.3.0+dfsg-7ubuntu2
2024-04-24 10:48:21 status half-installed libroc0.3:amd64 0.3.0+dfsg-7ubuntu2
2024-04-24 10:48:21 status unpacked libroc0.3:amd64 0.3.0+dfsg-7ubuntu2
2024-04-24 10:48:21 install libpipewire-0.3-modules:amd64 <none> 1.0.5-1
2024-04-24 10:48:21 status half-installed libpipewire-0.3-modules:amd64 1.0.5-1
2024-04-24 10:48:21 status unpacked libpipewire-0.3-modules:amd64 1.0.5-1
2024-04-24 10:48:21 install pipewire-bin:amd64 <none> 1.0.5-1
2024-04-24 10:48:21 status half-installed pipewire-bin:amd64 1.0.5-1
2024-04-24 10:48:22 status unpacked pipewire-bin:amd64 1.0.5-1
2024-04-24 10:48:22 install pipewire:amd64 <none> 1.0.5-1
2024-04-24 10:48:22 status half-installed pipewire:amd64 1.0.5-1
2024-04-24 10:48:22 status unpacked pipewire:amd64 1.0.5-1
2024-04-24 10:48:22 install pipewire-alsa:amd64 <none> 1.0.5-1
2024-04-24 10:48:22 status half-installed pipewire-alsa:amd64 1.0.5-1
2024-04-24 10:48:22 status unpacked pipewire-alsa:amd64 1.0.5-1
2024-04-24 10:48:22 install pipewire-pulse:amd64 <none> 1.0.5-1
2024-04-24 10:48:22 status half-installed pipewire-pulse:amd64 1.0.5-1
2024-04-24 10:48:22 status unpacked pipewire-pulse:amd64 1.0.5-1
2024-04-24 10:48:22 install liblua5.4-0:amd64 <none> 5.4.6-3build2
2024-04-24 10:48:22 status half-installed liblua5.4-0:amd64 5.4.6-3build2
2024-04-24 10:48:22 status unpacked liblua5.4-0:amd64 5.4.6-3build2
2024-04-24 10:48:22 install libwireplumber-0.4-0:amd64 <none> 0.4.17-1ubuntu4
2024-04-24 10:48:22 status half-installed libwireplumber-0.4-0:amd64 0.4.17-1ubuntu4
2024-04-24 10:48:22 status unpacked libwireplumber-0.4-0:amd64 0.4.17-1ubuntu4
2024-04-24 10:48:22 install wireplumber:amd64 <none> 0.4.17-1ubuntu4
2024-04-24 10:48:22 status half-installed wireplumber:amd64 0.4.17-1ubuntu4
2024-04-24 10:48:22 status unpacked wireplumber:amd64 0.4.17-1ubuntu4
2024-04-24 10:48:22 install pipewire-audio:all <none> 1.0.5-1
2024-04-24 10:48:22 status half-installed pipewire-audio:all 1.0.5-1
2024-04-24 10:48:22 status unpacked pipewire-audio:all 1.0.5-1
2024-04-24 10:48:22 install libnotify4:amd64 <none> 0.8.3-1build2
2024-04-24 10:48:22 status half-installed libnotify4:amd64 0.8.3-1build2
2024-04-24 10:48:22 status unpacked libnotify4:amd64 0.8.3-1build2
2024-04-24 10:48:22 install geoclue-2.0:amd64 <none> 2.7.0-3ubuntu7
2024-04-24 10:48:22 status half-installed geoclue-2.0:amd64 2.7.0-3ubuntu7
2024-04-24 10:48:22 status unpacked geoclue-2.0:amd64 2.7.0-3ubuntu7
2024-04-24 10:48:22 install libgeoclue-2-0:amd64 <none> 2.7.0-3ubuntu7
2024-04-24 10:48:22 status half-installed libgeoclue-2-0:amd64 2.7.0-3ubuntu7
2024-04-24 10:48:22 status unpacked libgeoclue-2-0:amd64 2.7.0-3ubuntu7
2024-04-24 10:48:22 install libnm0:amd64 <none> 1.46.0-1ubuntu2
2024-04-24 10:48:22 status half-installed libnm0:amd64 1.46.0-1ubuntu2
2024-04-24 10:48:22 status unpacked libnm0:amd64 1.46.0-1ubuntu2
2024-04-24 10:48:22 install libpulse-mainloop-glib0:amd64 <none> 1:16.1+dfsg1-2ubuntu10
2024-04-24 10:48:22 status half-installed libpulse-mainloop-glib0:amd64 1:16.1+dfsg1-2ubuntu10
2024-04-24 10:48:22 status unpacked libpulse-mainloop-glib0:amd64 1:16.1+dfsg1-2ubuntu10
2024-04-24 10:48:22 install libwacom-common:all <none> 2.10.0-2
2024-04-24 10:48:22 status half-installed libwacom-common:all 2.10.0-2
2024-04-24 10:48:22 status unpacked libwacom-common:all 2.10.0-2
2024-04-24 10:48:22 install libwacom9:amd64 <none> 2.10.0-2
2024-04-24 10:48:22 status half-installed libwacom9:amd64 2.10.0-2
2024-04-24 10:48:22 status unpacked libwacom9:amd64 2.10.0-2
2024-04-24 10:48:22 install gnome-settings-daemon:amd64 <none> 46.0-1ubuntu1
2024-04-24 10:48:22 status half-installed gnome-settings-daemon:amd64 46.0-1ubuntu1
2024-04-24 10:48:22 status unpacked gnome-settings-daemon:amd64 46.0-1ubuntu1
2024-04-24 10:48:22 install gir1.2-accountsservice-1.0:amd64 <none> 23.13.9-2ubuntu6
2024-04-24 10:48:22 status half-installed gir1.2-accountsservice-1.0:amd64 23.13.9-2ubuntu6
2024-04-24 10:48:22 status unpacked gir1.2-accountsservice-1.0:amd64 23.13.9-2ubuntu6
2024-04-24 10:48:22 install gir1.2-graphene-1.0:amd64 <none> 1.10.8-3build2
2024-04-24 10:48:22 status half-installed gir1.2-graphene-1.0:amd64 1.10.8-3build2
2024-04-24 10:48:22 status unpacked gir1.2-graphene-1.0:amd64 1.10.8-3build2
2024-04-24 10:48:22 install gir1.2-gtk-4.0:amd64 <none> 4.14.2+ds-1ubuntu1
2024-04-24 10:48:22 status half-installed gir1.2-gtk-4.0:amd64 4.14.2+ds-1ubuntu1
2024-04-24 10:48:22 status unpacked gir1.2-gtk-4.0:amd64 4.14.2+ds-1ubuntu1
2024-04-24 10:48:22 install gir1.2-adw-1:amd64 <none> 1.5.0-1ubuntu2
2024-04-24 10:48:22 status half-installed gir1.2-adw-1:amd64 1.5.0-1ubuntu2
2024-04-24 10:48:22 status unpacked gir1.2-adw-1:amd64 1.5.0-1ubuntu2
2024-04-24 10:48:22 install gir1.2-atspi-2.0:amd64 <none> 2.52.0-1build1
2024-04-24 10:48:22 status half-installed gir1.2-atspi-2.0:amd64 2.52.0-1build1
2024-04-24 10:48:22 status unpacked gir1.2-atspi-2.0:amd64 2.52.0-1build1
2024-04-24 10:48:22 install gir1.2-gck-2:amd64 <none> 4.2.0-5
2024-04-24 10:48:22 status half-installed gir1.2-gck-2:amd64 4.2.0-5
2024-04-24 10:48:22 status unpacked gir1.2-gck-2:amd64 4.2.0-5
2024-04-24 10:48:22 install gir1.2-gcr-4:amd64 <none> 4.2.0-5
2024-04-24 10:48:22 status half-installed gir1.2-gcr-4:amd64 4.2.0-5
2024-04-24 10:48:22 status unpacked gir1.2-gcr-4:amd64 4.2.0-5
2024-04-24 10:48:22 install gir1.2-gdesktopenums-3.0:amd64 <none> 46.0-1ubuntu2
2024-04-24 10:48:22 status half-installed gir1.2-gdesktopenums-3.0:amd64 46.0-1ubuntu2
2024-04-24 10:48:22 status unpacked gir1.2-gdesktopenums-3.0:amd64 46.0-1ubuntu2
2024-04-24 10:48:22 install gir1.2-geoclue-2.0:amd64 <none> 2.7.0-3ubuntu7
2024-04-24 10:48:22 status half-installed gir1.2-geoclue-2.0:amd64 2.7.0-3ubuntu7
2024-04-24 10:48:22 status unpacked gir1.2-geoclue-2.0:amd64 2.7.0-3ubuntu7
2024-04-24 10:48:22 install libgnome-desktop-4-2t64:amd64 <none> 44.0-5build2
2024-04-24 10:48:22 status half-installed libgnome-desktop-4-2t64:amd64 44.0-5build2
2024-04-24 10:48:22 status unpacked libgnome-desktop-4-2t64:amd64 44.0-5build2
2024-04-24 10:48:22 install gir1.2-gnomedesktop-4.0:amd64 <none> 44.0-5build2
2024-04-24 10:48:22 status half-installed gir1.2-gnomedesktop-4.0:amd64 44.0-5build2
2024-04-24 10:48:22 status unpacked gir1.2-gnomedesktop-4.0:amd64 44.0-5build2
2024-04-24 10:48:22 install libgnome-bg-4-2t64:amd64 <none> 44.0-5build2
2024-04-24 10:48:22 status half-installed libgnome-bg-4-2t64:amd64 44.0-5build2
2024-04-24 10:48:22 status unpacked libgnome-bg-4-2t64:amd64 44.0-5build2
2024-04-24 10:48:22 install gir1.2-gnomebg-4.0:amd64 <none> 44.0-5build2
2024-04-24 10:48:22 status half-installed gir1.2-gnomebg-4.0:amd64 44.0-5build2
2024-04-24 10:48:22 status unpacked gir1.2-gnomebg-4.0:amd64 44.0-5build2
2024-04-24 10:48:22 install gnome-bluetooth-3-common:all <none> 46.0-1build1
2024-04-24 10:48:22 status half-installed gnome-bluetooth-3-common:all 46.0-1build1
2024-04-24 10:48:22 status unpacked gnome-bluetooth-3-common:all 46.0-1build1
2024-04-24 10:48:22 install libgnome-bluetooth-3.0-13:amd64 <none> 46.0-1build1
2024-04-24 10:48:22 status half-installed libgnome-bluetooth-3.0-13:amd64 46.0-1build1
2024-04-24 10:48:22 status unpacked libgnome-bluetooth-3.0-13:amd64 46.0-1build1
2024-04-24 10:48:22 install gir1.2-gnomebluetooth-3.0:amd64 <none> 46.0-1build1
2024-04-24 10:48:22 status half-installed gir1.2-gnomebluetooth-3.0:amd64 46.0-1build1
2024-04-24 10:48:22 status unpacked gir1.2-gnomebluetooth-3.0:amd64 46.0-1build1
2024-04-24 10:48:22 install gir1.2-gstreamer-1.0:amd64 <none> 1.24.2-1
2024-04-24 10:48:22 status half-installed gir1.2-gstreamer-1.0:amd64 1.24.2-1
2024-04-24 10:48:22 status unpacked gir1.2-gstreamer-1.0:amd64 1.24.2-1
2024-04-24 10:48:22 install gir1.2-gweather-4.0:amd64 <none> 4.4.2-1build1
2024-04-24 10:48:22 status half-installed gir1.2-gweather-4.0:amd64 4.4.2-1build1
2024-04-24 10:48:22 status unpacked gir1.2-gweather-4.0:amd64 4.4.2-1build1
2024-04-24 10:48:23 install libibus-1.0-5:amd64 <none> 1.5.29-2
2024-04-24 10:48:23 status half-installed libibus-1.0-5:amd64 1.5.29-2
2024-04-24 10:48:23 status unpacked libibus-1.0-5:amd64 1.5.29-2
2024-04-24 10:48:23 install gir1.2-ibus-1.0:amd64 <none> 1.5.29-2
2024-04-24 10:48:23 status half-installed gir1.2-ibus-1.0:amd64 1.5.29-2
2024-04-24 10:48:23 status unpacked gir1.2-ibus-1.0:amd64 1.5.29-2
2024-04-24 10:48:23 install mutter-common:all <none> 46.0-1ubuntu9
2024-04-24 10:48:23 status half-installed mutter-common:all 46.0-1ubuntu9
2024-04-24 10:48:23 status unpacked mutter-common:all 46.0-1ubuntu9
2024-04-24 10:48:23 install mutter-common-bin:amd64 <none> 46.0-1ubuntu9
2024-04-24 10:48:23 status half-installed mutter-common-bin:amd64 46.0-1ubuntu9
2024-04-24 10:48:23 status unpacked mutter-common-bin:amd64 46.0-1ubuntu9
2024-04-24 10:48:23 install libeis1:amd64 <none> 1.2.1-1
2024-04-24 10:48:23 status half-installed libeis1:amd64 1.2.1-1
2024-04-24 10:48:23 status unpacked libeis1:amd64 1.2.1-1
2024-04-24 10:48:23 install libmtdev1t64:amd64 <none> 1.1.6-1.1build1
2024-04-24 10:48:23 status half-installed libmtdev1t64:amd64 1.1.6-1.1build1
2024-04-24 10:48:23 status unpacked libmtdev1t64:amd64 1.1.6-1.1build1
2024-04-24 10:48:23 install libinput-bin:amd64 <none> 1.25.0-1ubuntu2
2024-04-24 10:48:23 status half-installed libinput-bin:amd64 1.25.0-1ubuntu2
2024-04-24 10:48:23 status unpacked libinput-bin:amd64 1.25.0-1ubuntu2
2024-04-24 10:48:23 install libinput10:amd64 <none> 1.25.0-1ubuntu2
2024-04-24 10:48:23 status half-installed libinput10:amd64 1.25.0-1ubuntu2
2024-04-24 10:48:23 status unpacked libinput10:amd64 1.25.0-1ubuntu2
2024-04-24 10:48:23 install libxcb-res0:amd64 <none> 1.15-1ubuntu2
2024-04-24 10:48:23 status half-installed libxcb-res0:amd64 1.15-1ubuntu2
2024-04-24 10:48:23 status unpacked libxcb-res0:amd64 1.15-1ubuntu2
2024-04-24 10:48:23 install libxcb-xkb1:amd64 <none> 1.15-1ubuntu2
2024-04-24 10:48:23 status half-installed libxcb-xkb1:amd64 1.15-1ubuntu2
2024-04-24 10:48:23 status unpacked libxcb-xkb1:amd64 1.15-1ubuntu2
2024-04-24 10:48:23 install libxkbcommon-x11-0:amd64 <none> 1.6.0-1build1
2024-04-24 10:48:23 status half-installed libxkbcommon-x11-0:amd64 1.6.0-1build1
2024-04-24 10:48:23 status unpacked libxkbcommon-x11-0:amd64 1.6.0-1build1
2024-04-24 10:48:23 install libxkbfile1:amd64 <none> 1:1.1.0-1build4
2024-04-24 10:48:23 status half-installed libxkbfile1:amd64 1:1.1.0-1build4
2024-04-24 10:48:23 status unpacked libxkbfile1:amd64 1:1.1.0-1build4
2024-04-24 10:48:23 install libmutter-14-0:amd64 <none> 46.0-1ubuntu9
2024-04-24 10:48:23 status half-installed libmutter-14-0:amd64 46.0-1ubuntu9
2024-04-24 10:48:23 status unpacked libmutter-14-0:amd64 46.0-1ubuntu9
2024-04-24 10:48:23 install gir1.2-mutter-14:amd64 <none> 46.0-1ubuntu9
2024-04-24 10:48:23 status half-installed gir1.2-mutter-14:amd64 46.0-1ubuntu9
2024-04-24 10:48:23 status unpacked gir1.2-mutter-14:amd64 46.0-1ubuntu9
2024-04-24 10:48:23 install gir1.2-nm-1.0:amd64 <none> 1.46.0-1ubuntu2
2024-04-24 10:48:23 status half-installed gir1.2-nm-1.0:amd64 1.46.0-1ubuntu2
2024-04-24 10:48:23 status unpacked gir1.2-nm-1.0:amd64 1.46.0-1ubuntu2
2024-04-24 10:48:23 install libnma-common:all <none> 1.10.6-3build2
2024-04-24 10:48:23 status half-installed libnma-common:all 1.10.6-3build2
2024-04-24 10:48:23 status unpacked libnma-common:all 1.10.6-3build2
2024-04-24 10:48:23 install libnma-gtk4-0:amd64 <none> 1.10.6-3build2
2024-04-24 10:48:23 status half-installed libnma-gtk4-0:amd64 1.10.6-3build2
2024-04-24 10:48:23 status unpacked libnma-gtk4-0:amd64 1.10.6-3build2
2024-04-24 10:48:23 install gir1.2-nma4-1.0:amd64 <none> 1.10.6-3build2
2024-04-24 10:48:23 status half-installed gir1.2-nma4-1.0:amd64 1.10.6-3build2
2024-04-24 10:48:23 status unpacked gir1.2-nma4-1.0:amd64 1.10.6-3build2
2024-04-24 10:48:23 install gir1.2-polkit-1.0:amd64 <none> 124-2ubuntu1
2024-04-24 10:48:23 status half-installed gir1.2-polkit-1.0:amd64 124-2ubuntu1
2024-04-24 10:48:23 status unpacked gir1.2-polkit-1.0:amd64 124-2ubuntu1
2024-04-24 10:48:23 install gir1.2-rsvg-2.0:amd64 <none> 2.58.0+dfsg-1build1
2024-04-24 10:48:23 status half-installed gir1.2-rsvg-2.0:amd64 2.58.0+dfsg-1build1
2024-04-24 10:48:23 status unpacked gir1.2-rsvg-2.0:amd64 2.58.0+dfsg-1build1
2024-04-24 10:48:23 install gir1.2-soup-3.0:amd64 <none> 3.4.4-5build2
2024-04-24 10:48:23 status half-installed gir1.2-soup-3.0:amd64 3.4.4-5build2
2024-04-24 10:48:23 status unpacked gir1.2-soup-3.0:amd64 3.4.4-5build2
2024-04-24 10:48:23 install gir1.2-upowerglib-1.0:amd64 <none> 1.90.3-1
2024-04-24 10:48:23 status half-installed gir1.2-upowerglib-1.0:amd64 1.90.3-1
2024-04-24 10:48:23 status unpacked gir1.2-upowerglib-1.0:amd64 1.90.3-1
2024-04-24 10:48:23 install libjavascriptcoregtk-6.0-1:amd64 <none> 2.44.0-2
2024-04-24 10:48:23 status half-installed libjavascriptcoregtk-6.0-1:amd64 2.44.0-2
2024-04-24 10:48:23 status unpacked libjavascriptcoregtk-6.0-1:amd64 2.44.0-2
2024-04-24 10:48:23 install libwebkitgtk-6.0-4:amd64 <none> 2.44.0-2
2024-04-24 10:48:23 status half-installed libwebkitgtk-6.0-4:amd64 2.44.0-2
2024-04-24 10:48:24 status unpacked libwebkitgtk-6.0-4:amd64 2.44.0-2
2024-04-24 10:48:24 install gir1.2-javascriptcoregtk-6.0:amd64 <none> 2.44.0-2
2024-04-24 10:48:24 status half-installed gir1.2-javascriptcoregtk-6.0:amd64 2.44.0-2
2024-04-24 10:48:24 status unpacked gir1.2-javascriptcoregtk-6.0:amd64 2.44.0-2
2024-04-24 10:48:24 install gir1.2-webkit-6.0:amd64 <none> 2.44.0-2
2024-04-24 10:48:24 status half-installed gir1.2-webkit-6.0:amd64 2.44.0-2
2024-04-24 10:48:24 status unpacked gir1.2-webkit-6.0:amd64 2.44.0-2
2024-04-24 10:48:24 install gnome-shell-common:all <none> 46.0-0ubuntu5
2024-04-24 10:48:24 status half-installed gnome-shell-common:all 46.0-0ubuntu5
2024-04-24 10:48:24 status unpacked gnome-shell-common:all 46.0-0ubuntu5
2024-04-24 10:48:24 install gstreamer1.0-pipewire:amd64 <none> 1.0.5-1
2024-04-24 10:48:24 status half-installed gstreamer1.0-pipewire:amd64 1.0.5-1
2024-04-24 10:48:24 status unpacked gstreamer1.0-pipewire:amd64 1.0.5-1
2024-04-24 10:48:24 install libglib2.0-bin:amd64 <none> 2.80.0-6ubuntu1
2024-04-24 10:48:24 status half-installed libglib2.0-bin:amd64 2.80.0-6ubuntu1
2024-04-24 10:48:24 status unpacked libglib2.0-bin:amd64 2.80.0-6ubuntu1
2024-04-24 10:48:24 install ubuntu-wallpapers-noble:all <none> 24.04.2
2024-04-24 10:48:24 status half-installed ubuntu-wallpapers-noble:all 24.04.2
2024-04-24 10:48:24 status unpacked ubuntu-wallpapers-noble:all 24.04.2
2024-04-24 10:48:24 install ubuntu-wallpapers:all <none> 24.04.2
2024-04-24 10:48:24 status half-installed ubuntu-wallpapers:all 24.04.2
2024-04-24 10:48:24 status unpacked ubuntu-wallpapers:all 24.04.2
2024-04-24 10:48:24 install libmozjs-115-0t64:amd64 <none> 115.10.0-1
2024-04-24 10:48:24 status half-installed libmozjs-115-0t64:amd64 115.10.0-1
2024-04-24 10:48:24 status unpacked libmozjs-115-0t64:amd64 115.10.0-1
2024-04-24 10:48:24 install libgjs0g:amd64 <none> 1.80.2-1build2
2024-04-24 10:48:24 status half-installed libgjs0g:amd64 1.80.2-1build2
2024-04-24 10:48:24 status unpacked libgjs0g:amd64 1.80.2-1build2
2024-04-24 10:48:24 install libgnome-autoar-0-0:amd64 <none> 0.4.4-2build4
2024-04-24 10:48:24 status half-installed libgnome-autoar-0-0:amd64 0.4.4-2build4
2024-04-24 10:48:24 status unpacked libgnome-autoar-0-0:amd64 0.4.4-2build4
2024-04-24 10:48:24 install gnome-shell:amd64 <none> 46.0-0ubuntu5
2024-04-24 10:48:24 status half-installed gnome-shell:amd64 46.0-0ubuntu5
2024-04-24 10:48:24 status unpacked gnome-shell:amd64 46.0-0ubuntu5
2024-04-24 10:48:24 install xdg-desktop-portal:amd64 <none> 1.18.3-1ubuntu1
2024-04-24 10:48:24 status half-installed xdg-desktop-portal:amd64 1.18.3-1ubuntu1
2024-04-24 10:48:24 status unpacked xdg-desktop-portal:amd64 1.18.3-1ubuntu1
2024-04-24 10:48:24 install xdg-desktop-portal-gtk:amd64 <none> 1.15.1-1build2
2024-04-24 10:48:24 status half-installed xdg-desktop-portal-gtk:amd64 1.15.1-1build2
2024-04-24 10:48:24 status unpacked xdg-desktop-portal-gtk:amd64 1.15.1-1build2
2024-04-24 10:48:24 install xdg-desktop-portal-gnome:amd64 <none> 46.0-1build1
2024-04-24 10:48:24 status half-installed xdg-desktop-portal-gnome:amd64 46.0-1build1
2024-04-24 10:48:24 status unpacked xdg-desktop-portal-gnome:amd64 46.0-1build1
2024-04-24 10:48:24 install libxmu6:amd64 <none> 2:1.1.3-3build2
2024-04-24 10:48:24 status half-installed libxmu6:amd64 2:1.1.3-3build2
2024-04-24 10:48:24 status unpacked libxmu6:amd64 2:1.1.3-3build2
2024-04-24 10:48:24 install libxaw7:amd64 <none> 2:1.0.14-1build2
2024-04-24 10:48:24 status half-installed libxaw7:amd64 2:1.0.14-1build2
2024-04-24 10:48:24 status unpacked libxaw7:amd64 2:1.0.14-1build2
2024-04-24 10:48:24 install x11-xkb-utils:amd64 <none> 7.7+8build2
2024-04-24 10:48:24 status half-installed x11-xkb-utils:amd64 7.7+8build2
2024-04-24 10:48:24 status unpacked x11-xkb-utils:amd64 7.7+8build2
2024-04-24 10:48:24 install xserver-common:all <none> 2:21.1.12-1ubuntu1
2024-04-24 10:48:24 status half-installed xserver-common:all 2:21.1.12-1ubuntu1
2024-04-24 10:48:24 status unpacked xserver-common:all 2:21.1.12-1ubuntu1
2024-04-24 10:48:24 install libdecor-0-0:amd64 <none> 0.2.2-1build2
2024-04-24 10:48:24 status half-installed libdecor-0-0:amd64 0.2.2-1build2
2024-04-24 10:48:24 status unpacked libdecor-0-0:amd64 0.2.2-1build2
2024-04-24 10:48:24 install libxcvt0:amd64 <none> 0.1.2-1build1
2024-04-24 10:48:24 status half-installed libxcvt0:amd64 0.1.2-1build1
2024-04-24 10:48:24 status unpacked libxcvt0:amd64 0.1.2-1build1
2024-04-24 10:48:24 install libxfont2:amd64 <none> 1:2.0.6-1build1
2024-04-24 10:48:24 status half-installed libxfont2:amd64 1:2.0.6-1build1
2024-04-24 10:48:24 status unpacked libxfont2:amd64 1:2.0.6-1build1
2024-04-24 10:48:24 install xwayland:amd64 <none> 2:23.2.6-1
2024-04-24 10:48:24 status half-installed xwayland:amd64 2:23.2.6-1
2024-04-24 10:48:24 status unpacked xwayland:amd64 2:23.2.6-1
2024-04-24 10:48:25 install yaru-theme-gnome-shell:all <none> 24.04.2-0ubuntu1
2024-04-24 10:48:25 status half-installed yaru-theme-gnome-shell:all 24.04.2-0ubuntu1
2024-04-24 10:48:25 status unpacked yaru-theme-gnome-shell:all 24.04.2-0ubuntu1
2024-04-24 10:48:25 install ubuntu-session:all <none> 46.0-1ubuntu4
2024-04-24 10:48:25 status half-installed ubuntu-session:all 46.0-1ubuntu4
2024-04-24 10:48:25 status unpacked ubuntu-session:all 46.0-1ubuntu4
2024-04-24 10:48:25 install x11-xserver-utils:amd64 <none> 7.7+10build2
2024-04-24 10:48:25 status half-installed x11-xserver-utils:amd64 7.7+10build2
2024-04-24 10:48:25 status unpacked x11-xserver-utils:amd64 7.7+10build2
2024-04-24 10:48:25 install gdm3:amd64 <none> 46.0-2ubuntu1
2024-04-24 10:48:25 status half-installed gdm3:amd64 46.0-2ubuntu1
2024-04-24 10:48:25 status unpacked gdm3:amd64 46.0-2ubuntu1
2024-04-24 10:48:25 install libgnome-menu-3-0:amd64 <none> 3.36.0-1.1ubuntu3
2024-04-24 10:48:25 status half-installed libgnome-menu-3-0:amd64 3.36.0-1.1ubuntu3
2024-04-24 10:48:25 status unpacked libgnome-menu-3-0:amd64 3.36.0-1.1ubuntu3
2024-04-24 10:48:25 install gir1.2-gmenu-3.0:amd64 <none> 3.36.0-1.1ubuntu3
2024-04-24 10:48:25 status half-installed gir1.2-gmenu-3.0:amd64 3.36.0-1.1ubuntu3
2024-04-24 10:48:25 status unpacked gir1.2-gmenu-3.0:amd64 3.36.0-1.1ubuntu3
2024-04-24 10:48:25 install gir1.2-gnomeautoar-0.1:amd64 <none> 0.4.4-2build4
2024-04-24 10:48:25 status half-installed gir1.2-gnomeautoar-0.1:amd64 0.4.4-2build4
2024-04-24 10:48:25 status unpacked gir1.2-gnomeautoar-0.1:amd64 0.4.4-2build4
2024-04-24 10:48:25 install gir1.2-gnomedesktop-3.0:amd64 <none> 44.0-5build2
2024-04-24 10:48:25 status half-installed gir1.2-gnomedesktop-3.0:amd64 44.0-5build2
2024-04-24 10:48:25 status unpacked gir1.2-gnomedesktop-3.0:amd64 44.0-5build2
2024-04-24 10:48:25 install gir1.2-handy-1:amd64 <none> 1.8.3-1build2
2024-04-24 10:48:25 status half-installed gir1.2-handy-1:amd64 1.8.3-1build2
2024-04-24 10:48:25 status unpacked gir1.2-handy-1:amd64 1.8.3-1build2
2024-04-24 10:48:25 install gir1.2-javascriptcoregtk-4.1:amd64 <none> 2.44.0-2
2024-04-24 10:48:25 status half-installed gir1.2-javascriptcoregtk-4.1:amd64 2.44.0-2
2024-04-24 10:48:25 status unpacked gir1.2-javascriptcoregtk-4.1:amd64 2.44.0-2
2024-04-24 10:48:25 install gir1.2-notify-0.7:amd64 <none> 0.8.3-1build2
2024-04-24 10:48:25 status half-installed gir1.2-notify-0.7:amd64 0.8.3-1build2
2024-04-24 10:48:25 status unpacked gir1.2-notify-0.7:amd64 0.8.3-1build2
2024-04-24 10:48:25 install libpackagekit-glib2-18:amd64 <none> 1.2.8-2build3
2024-04-24 10:48:25 status half-installed libpackagekit-glib2-18:amd64 1.2.8-2build3
2024-04-24 10:48:25 status unpacked libpackagekit-glib2-18:amd64 1.2.8-2build3
2024-04-24 10:48:25 install gir1.2-packagekitglib-1.0:amd64 <none> 1.2.8-2build3
2024-04-24 10:48:25 status half-installed gir1.2-packagekitglib-1.0:amd64 1.2.8-2build3
2024-04-24 10:48:25 status unpacked gir1.2-packagekitglib-1.0:amd64 1.2.8-2build3
2024-04-24 10:48:25 install gir1.2-secret-1:amd64 <none> 0.21.4-1build3
2024-04-24 10:48:25 status half-installed gir1.2-secret-1:amd64 0.21.4-1build3
2024-04-24 10:48:25 status unpacked gir1.2-secret-1:amd64 0.21.4-1build3
2024-04-24 10:48:25 install gir1.2-snapd-2:amd64 <none> 1.64-0ubuntu5
2024-04-24 10:48:25 status half-installed gir1.2-snapd-2:amd64 1.64-0ubuntu5
2024-04-24 10:48:25 status unpacked gir1.2-snapd-2:amd64 1.64-0ubuntu5
2024-04-24 10:48:25 install gir1.2-vte-2.91:amd64 <none> 0.76.0-1
2024-04-24 10:48:25 status half-installed gir1.2-vte-2.91:amd64 0.76.0-1
2024-04-24 10:48:25 status unpacked gir1.2-vte-2.91:amd64 0.76.0-1
2024-04-24 10:48:25 install gir1.2-webkit2-4.1:amd64 <none> 2.44.0-2
2024-04-24 10:48:25 status half-installed gir1.2-webkit2-4.1:amd64 2.44.0-2
2024-04-24 10:48:25 status unpacked gir1.2-webkit2-4.1:amd64 2.44.0-2
2024-04-24 10:48:25 install libgnomekbd-common:all <none> 3.28.1-1build3
2024-04-24 10:48:25 status half-installed libgnomekbd-common:all 3.28.1-1build3
2024-04-24 10:48:25 status unpacked libgnomekbd-common:all 3.28.1-1build3
2024-04-24 10:48:25 install libxklavier16:amd64 <none> 5.4-5build2
2024-04-24 10:48:25 status half-installed libxklavier16:amd64 5.4-5build2
2024-04-24 10:48:25 status unpacked libxklavier16:amd64 5.4-5build2
2024-04-24 10:48:25 install libgnomekbd8:amd64 <none> 3.28.1-1build3
2024-04-24 10:48:25 status half-installed libgnomekbd8:amd64 3.28.1-1build3
2024-04-24 10:48:25 status unpacked libgnomekbd8:amd64 3.28.1-1build3
2024-04-24 10:48:25 install gkbd-capplet:amd64 <none> 3.28.1-1build3
2024-04-24 10:48:25 status half-installed gkbd-capplet:amd64 3.28.1-1build3
2024-04-24 10:48:25 status unpacked gkbd-capplet:amd64 3.28.1-1build3
2024-04-24 10:48:25 install gnome-accessibility-themes:all <none> 3.28-2ubuntu5
2024-04-24 10:48:25 status half-installed gnome-accessibility-themes:all 3.28-2ubuntu5
2024-04-24 10:48:25 status unpacked gnome-accessibility-themes:all 3.28-2ubuntu5
2024-04-24 10:48:25 install gnome-bluetooth-sendto:amd64 <none> 46.0-1build1
2024-04-24 10:48:25 status half-installed gnome-bluetooth-sendto:amd64 46.0-1build1
2024-04-24 10:48:25 status unpacked gnome-bluetooth-sendto:amd64 46.0-1build1
2024-04-24 10:48:25 install libgtksourceview-5-common:all <none> 5.12.0-1build1
2024-04-24 10:48:25 status half-installed libgtksourceview-5-common:all 5.12.0-1build1
2024-04-24 10:48:25 status unpacked libgtksourceview-5-common:all 5.12.0-1build1
2024-04-24 10:48:25 install libgtksourceview-5-0:amd64 <none> 5.12.0-1build1
2024-04-24 10:48:25 status half-installed libgtksourceview-5-0:amd64 5.12.0-1build1
2024-04-24 10:48:25 status unpacked libgtksourceview-5-0:amd64 5.12.0-1build1
2024-04-24 10:48:26 install gnome-calculator:amd64 <none> 1:46.0-1ubuntu1
2024-04-24 10:48:26 status half-installed gnome-calculator:amd64 1:46.0-1ubuntu1
2024-04-24 10:48:26 status unpacked gnome-calculator:amd64 1:46.0-1ubuntu1
2024-04-24 10:48:26 install gjs:amd64 <none> 1.80.2-1build2
2024-04-24 10:48:26 status half-installed gjs:amd64 1.80.2-1build2
2024-04-24 10:48:26 status unpacked gjs:amd64 1.80.2-1build2
2024-04-24 10:48:26 install gnome-characters:amd64 <none> 46.0-1build1
2024-04-24 10:48:26 status half-installed gnome-characters:amd64 46.0-1build1
2024-04-24 10:48:26 status unpacked gnome-characters:amd64 46.0-1build1
2024-04-24 10:48:26 install gnome-clocks:amd64 <none> 46.0-1build1
2024-04-24 10:48:26 status half-installed gnome-clocks:amd64 46.0-1build1
2024-04-24 10:48:26 status unpacked gnome-clocks:amd64 46.0-1build1
2024-04-24 10:48:26 install gnome-control-center-data:all <none> 1:46.0.1-1ubuntu7
2024-04-24 10:48:26 status half-installed gnome-control-center-data:all 1:46.0.1-1ubuntu7
2024-04-24 10:48:26 status unpacked gnome-control-center-data:all 1:46.0.1-1ubuntu7
2024-04-24 10:48:26 install heif-gdk-pixbuf:amd64 <none> 1.17.6-1ubuntu4
2024-04-24 10:48:26 status half-installed heif-gdk-pixbuf:amd64 1.17.6-1ubuntu4
2024-04-24 10:48:26 status unpacked heif-gdk-pixbuf:amd64 1.17.6-1ubuntu4
2024-04-24 10:48:26 install heif-thumbnailer:amd64 <none> 1.17.6-1ubuntu4
2024-04-24 10:48:26 status half-installed heif-thumbnailer:amd64 1.17.6-1ubuntu4
2024-04-24 10:48:26 status unpacked heif-thumbnailer:amd64 1.17.6-1ubuntu4
2024-04-24 10:48:26 install python3-defer:all <none> 1.0.6-2.1ubuntu1
2024-04-24 10:48:26 status half-installed python3-defer:all 1.0.6-2.1ubuntu1
2024-04-24 10:48:26 status unpacked python3-defer:all 1.0.6-2.1ubuntu1
2024-04-24 10:48:26 install python3-aptdaemon:all <none> 1.1.1+bzr982-0ubuntu44
2024-04-24 10:48:26 status half-installed python3-aptdaemon:all 1.1.1+bzr982-0ubuntu44
2024-04-24 10:48:26 status unpacked python3-aptdaemon:all 1.1.1+bzr982-0ubuntu44
2024-04-24 10:48:26 install policykit-1:amd64 <none> 124-2ubuntu1
2024-04-24 10:48:26 status half-installed policykit-1:amd64 124-2ubuntu1
2024-04-24 10:48:26 status unpacked policykit-1:amd64 124-2ubuntu1
2024-04-24 10:48:26 install aptdaemon:all <none> 1.1.1+bzr982-0ubuntu44
2024-04-24 10:48:26 status half-installed aptdaemon:all 1.1.1+bzr982-0ubuntu44
2024-04-24 10:48:26 status unpacked aptdaemon:all 1.1.1+bzr982-0ubuntu44
2024-04-24 10:48:26 install aptdaemon-data:all <none> 1.1.1+bzr982-0ubuntu44
2024-04-24 10:48:26 status half-installed aptdaemon-data:all 1.1.1+bzr982-0ubuntu44
2024-04-24 10:48:26 status unpacked aptdaemon-data:all 1.1.1+bzr982-0ubuntu44
2024-04-24 10:48:26 install python3-aptdaemon.gtk3widgets:all <none> 1.1.1+bzr982-0ubuntu44
2024-04-24 10:48:26 status half-installed python3-aptdaemon.gtk3widgets:all 1.1.1+bzr982-0ubuntu44
2024-04-24 10:48:26 status unpacked python3-aptdaemon.gtk3widgets:all 1.1.1+bzr982-0ubuntu44
2024-04-24 10:48:26 install language-selector-gnome:all <none> 0.225
2024-04-24 10:48:26 status half-installed language-selector-gnome:all 0.225
2024-04-24 10:48:26 status unpacked language-selector-gnome:all 0.225
2024-04-24 10:48:26 install libgtk-4-media-gstreamer:amd64 <none> 4.14.2+ds-1ubuntu1
2024-04-24 10:48:26 status half-installed libgtk-4-media-gstreamer:amd64 4.14.2+ds-1ubuntu1
2024-04-24 10:48:26 status unpacked libgtk-4-media-gstreamer:amd64 4.14.2+ds-1ubuntu1
2024-04-24 10:48:26 install tecla:amd64 <none> 46.0-1build1
2024-04-24 10:48:26 status half-installed tecla:amd64 46.0-1build1
2024-04-24 10:48:26 status unpacked tecla:amd64 46.0-1build1
2024-04-24 10:48:26 install libcolord-gtk4-1t64:amd64 <none> 0.3.1-1build2
2024-04-24 10:48:26 status half-installed libcolord-gtk4-1t64:amd64 0.3.1-1build2
2024-04-24 10:48:26 status unpacked libcolord-gtk4-1t64:amd64 0.3.1-1build2
2024-04-24 10:48:26 install libgsound0t64:amd64 <none> 1.0.3-3.2build2
2024-04-24 10:48:26 status half-installed libgsound0t64:amd64 1.0.3-3.2build2
2024-04-24 10:48:26 status unpacked libgsound0t64:amd64 1.0.3-3.2build2
2024-04-24 10:48:26 install libgnome-bluetooth-ui-3.0-13:amd64 <none> 46.0-1build1
2024-04-24 10:48:26 status half-installed libgnome-bluetooth-ui-3.0-13:amd64 46.0-1build1
2024-04-24 10:48:26 status unpacked libgnome-bluetooth-ui-3.0-13:amd64 46.0-1build1
2024-04-24 10:48:26 install libgnome-rr-4-2t64:amd64 <none> 44.0-5build2
2024-04-24 10:48:26 status half-installed libgnome-rr-4-2t64:amd64 44.0-5build2
2024-04-24 10:48:26 status unpacked libgnome-rr-4-2t64:amd64 44.0-5build2
2024-04-24 10:48:26 install librest-1.0-0:amd64 <none> 0.9.1-6build3
2024-04-24 10:48:26 status half-installed librest-1.0-0:amd64 0.9.1-6build3
2024-04-24 10:48:26 status unpacked librest-1.0-0:amd64 0.9.1-6build3
2024-04-24 10:48:26 install libgoa-backend-1.0-2:amd64 <none> 3.50.0-4ubuntu2
2024-04-24 10:48:26 status half-installed libgoa-backend-1.0-2:amd64 3.50.0-4ubuntu2
2024-04-24 10:48:26 status unpacked libgoa-backend-1.0-2:amd64 3.50.0-4ubuntu2
2024-04-24 10:48:26 install libgtop2-common:all <none> 2.41.3-1build4
2024-04-24 10:48:26 status half-installed libgtop2-common:all 2.41.3-1build4
2024-04-24 10:48:26 status unpacked libgtop2-common:all 2.41.3-1build4
2024-04-24 10:48:26 install libgtop-2.0-11:amd64 <none> 2.41.3-1build4
2024-04-24 10:48:26 status half-installed libgtop-2.0-11:amd64 2.41.3-1build4
2024-04-24 10:48:26 status unpacked libgtop-2.0-11:amd64 2.41.3-1build4
2024-04-24 10:48:26 install libpwquality-common:all <none> 1.4.5-3build1
2024-04-24 10:48:26 status half-installed libpwquality-common:all 1.4.5-3build1
2024-04-24 10:48:26 status unpacked libpwquality-common:all 1.4.5-3build1
2024-04-24 10:48:26 install libpwquality1:amd64 <none> 1.4.5-3build1
2024-04-24 10:48:26 status half-installed libpwquality1:amd64 1.4.5-3build1
2024-04-24 10:48:26 status unpacked libpwquality1:amd64 1.4.5-3build1
2024-04-24 10:48:26 install libtalloc2:amd64 <none> 2.4.2-1build2
2024-04-24 10:48:26 status half-installed libtalloc2:amd64 2.4.2-1build2
2024-04-24 10:48:26 status unpacked libtalloc2:amd64 2.4.2-1build2
2024-04-24 10:48:26 install libtevent0t64:amd64 <none> 0.16.1-2build1
2024-04-24 10:48:26 status half-installed libtevent0t64:amd64 0.16.1-2build1
2024-04-24 10:48:26 status unpacked libtevent0t64:amd64 0.16.1-2build1
2024-04-24 10:48:26 install libldb2:amd64 <none> 2:2.8.0+samba4.19.5+dfsg-4ubuntu9
2024-04-24 10:48:26 status half-installed libldb2:amd64 2:2.8.0+samba4.19.5+dfsg-4ubuntu9
2024-04-24 10:48:26 status unpacked libldb2:amd64 2:2.8.0+samba4.19.5+dfsg-4ubuntu9
2024-04-24 10:48:27 install libwbclient0:amd64 <none> 2:4.19.5+dfsg-4ubuntu9
2024-04-24 10:48:27 status half-installed libwbclient0:amd64 2:4.19.5+dfsg-4ubuntu9
2024-04-24 10:48:27 status unpacked libwbclient0:amd64 2:4.19.5+dfsg-4ubuntu9
2024-04-24 10:48:27 install samba-libs:amd64 <none> 2:4.19.5+dfsg-4ubuntu9
2024-04-24 10:48:27 status half-installed samba-libs:amd64 2:4.19.5+dfsg-4ubuntu9
2024-04-24 10:48:27 status unpacked samba-libs:amd64 2:4.19.5+dfsg-4ubuntu9
2024-04-24 10:48:27 install libsmbclient0:amd64 <none> 2:4.19.5+dfsg-4ubuntu9
2024-04-24 10:48:27 status half-installed libsmbclient0:amd64 2:4.19.5+dfsg-4ubuntu9
2024-04-24 10:48:27 status unpacked libsmbclient0:amd64 2:4.19.5+dfsg-4ubuntu9
2024-04-24 10:48:27 install libudisks2-0:amd64 <none> 2.10.1-6build1
2024-04-24 10:48:27 status half-installed libudisks2-0:amd64 2.10.1-6build1
2024-04-24 10:48:27 status unpacked libudisks2-0:amd64 2.10.1-6build1
2024-04-24 10:48:27 install gnome-control-center:amd64 <none> 1:46.0.1-1ubuntu7
2024-04-24 10:48:27 status half-installed gnome-control-center:amd64 1:46.0.1-1ubuntu7
2024-04-24 10:48:27 status unpacked gnome-control-center:amd64 1:46.0.1-1ubuntu7
2024-04-24 10:48:27 install gnome-control-center-faces:all <none> 1:46.0.1-1ubuntu7
2024-04-24 10:48:27 status half-installed gnome-control-center-faces:all 1:46.0.1-1ubuntu7
2024-04-24 10:48:27 status unpacked gnome-control-center-faces:all 1:46.0.1-1ubuntu7
2024-04-24 10:48:27 install libblockdev-utils3:amd64 <none> 3.1.1-1
2024-04-24 10:48:27 status half-installed libblockdev-utils3:amd64 3.1.1-1
2024-04-24 10:48:27 status unpacked libblockdev-utils3:amd64 3.1.1-1
2024-04-24 10:48:27 install libvolume-key1:amd64 <none> 0.3.12-7build2
2024-04-24 10:48:27 status half-installed libvolume-key1:amd64 0.3.12-7build2
2024-04-24 10:48:27 status unpacked libvolume-key1:amd64 0.3.12-7build2
2024-04-24 10:48:27 install libblockdev-crypto3:amd64 <none> 3.1.1-1
2024-04-24 10:48:27 status half-installed libblockdev-crypto3:amd64 3.1.1-1
2024-04-24 10:48:27 status unpacked libblockdev-crypto3:amd64 3.1.1-1
2024-04-24 10:48:27 install libblockdev-fs3:amd64 <none> 3.1.1-1
2024-04-24 10:48:27 status half-installed libblockdev-fs3:amd64 3.1.1-1
2024-04-24 10:48:27 status unpacked libblockdev-fs3:amd64 3.1.1-1
2024-04-24 10:48:27 install libblockdev-loop3:amd64 <none> 3.1.1-1
2024-04-24 10:48:27 status half-installed libblockdev-loop3:amd64 3.1.1-1
2024-04-24 10:48:27 status unpacked libblockdev-loop3:amd64 3.1.1-1
2024-04-24 10:48:27 install libbytesize-common:all <none> 2.10-1ubuntu2
2024-04-24 10:48:27 status half-installed libbytesize-common:all 2.10-1ubuntu2
2024-04-24 10:48:27 status unpacked libbytesize-common:all 2.10-1ubuntu2
2024-04-24 10:48:27 install libbytesize1:amd64 <none> 2.10-1ubuntu2
2024-04-24 10:48:27 status half-installed libbytesize1:amd64 2.10-1ubuntu2
2024-04-24 10:48:27 status unpacked libbytesize1:amd64 2.10-1ubuntu2
2024-04-24 10:48:27 install libblockdev-mdraid3:amd64 <none> 3.1.1-1
2024-04-24 10:48:27 status half-installed libblockdev-mdraid3:amd64 3.1.1-1
2024-04-24 10:48:27 status unpacked libblockdev-mdraid3:amd64 3.1.1-1
2024-04-24 10:48:27 install libnvme1t64:amd64 <none> 1.8-3build1
2024-04-24 10:48:27 status half-installed libnvme1t64:amd64 1.8-3build1
2024-04-24 10:48:27 status unpacked libnvme1t64:amd64 1.8-3build1
2024-04-24 10:48:27 install libblockdev-nvme3:amd64 <none> 3.1.1-1
2024-04-24 10:48:27 status half-installed libblockdev-nvme3:amd64 3.1.1-1
2024-04-24 10:48:27 status unpacked libblockdev-nvme3:amd64 3.1.1-1
2024-04-24 10:48:27 install libblockdev-part3:amd64 <none> 3.1.1-1
2024-04-24 10:48:27 status half-installed libblockdev-part3:amd64 3.1.1-1
2024-04-24 10:48:27 status unpacked libblockdev-part3:amd64 3.1.1-1
2024-04-24 10:48:27 install libblockdev-swap3:amd64 <none> 3.1.1-1
2024-04-24 10:48:27 status half-installed libblockdev-swap3:amd64 3.1.1-1
2024-04-24 10:48:27 status unpacked libblockdev-swap3:amd64 3.1.1-1
2024-04-24 10:48:27 install libatasmart4:amd64 <none> 0.19-5build3
2024-04-24 10:48:27 status half-installed libatasmart4:amd64 0.19-5build3
2024-04-24 10:48:27 status unpacked libatasmart4:amd64 0.19-5build3
2024-04-24 10:48:27 install libblockdev3:amd64 <none> 3.1.1-1
2024-04-24 10:48:27 status half-installed libblockdev3:amd64 3.1.1-1
2024-04-24 10:48:27 status unpacked libblockdev3:amd64 3.1.1-1
2024-04-24 10:48:27 install udisks2:amd64 <none> 2.10.1-6build1
2024-04-24 10:48:27 status half-installed udisks2:amd64 2.10.1-6build1
2024-04-24 10:48:27 status unpacked udisks2:amd64 2.10.1-6build1
2024-04-24 10:48:27 install gnome-disk-utility:amd64 <none> 46.0-1ubuntu3
2024-04-24 10:48:27 status half-installed gnome-disk-utility:amd64 46.0-1ubuntu3
2024-04-24 10:48:27 status unpacked gnome-disk-utility:amd64 46.0-1ubuntu3
2024-04-24 10:48:27 install gnome-font-viewer:amd64 <none> 46.0-1build1
2024-04-24 10:48:27 status half-installed gnome-font-viewer:amd64 46.0-1build1
2024-04-24 10:48:27 status unpacked gnome-font-viewer:amd64 46.0-1build1
2024-04-24 10:48:27 install libsysmetrics1:amd64 <none> 1.7.3build2
2024-04-24 10:48:27 status half-installed libsysmetrics1:amd64 1.7.3build2
2024-04-24 10:48:27 status unpacked libsysmetrics1:amd64 1.7.3build2
2024-04-24 10:48:27 install gnome-initial-setup:amd64 <none> 46.0-1ubuntu6
2024-04-24 10:48:27 status half-installed gnome-initial-setup:amd64 46.0-1ubuntu6
2024-04-24 10:48:27 status unpacked gnome-initial-setup:amd64 46.0-1ubuntu6
2024-04-24 10:48:27 install gnome-keyring-pkcs11:amd64 <none> 46.1-2build1
2024-04-24 10:48:27 status half-installed gnome-keyring-pkcs11:amd64 46.1-2build1
2024-04-24 10:48:27 status unpacked gnome-keyring-pkcs11:amd64 46.1-2build1
2024-04-24 10:48:27 install gnome-logs:amd64 <none> 45.0-1build1
2024-04-24 10:48:27 status half-installed gnome-logs:amd64 45.0-1build1
2024-04-24 10:48:27 status unpacked gnome-logs:amd64 45.0-1build1
2024-04-24 10:48:28 install gnome-menus:amd64 <none> 3.36.0-1.1ubuntu3
2024-04-24 10:48:28 status half-installed gnome-menus:amd64 3.36.0-1.1ubuntu3
2024-04-24 10:48:28 status unpacked gnome-menus:amd64 3.36.0-1.1ubuntu3
2024-04-24 10:48:28 install gnome-online-accounts:amd64 <none> 3.50.0-4ubuntu2
2024-04-24 10:48:28 status half-installed gnome-online-accounts:amd64 3.50.0-4ubuntu2
2024-04-24 10:48:28 status unpacked gnome-online-accounts:amd64 3.50.0-4ubuntu2
2024-04-24 10:48:28 install gnome-power-manager:amd64 <none> 43.0-2build2
2024-04-24 10:48:28 status half-installed gnome-power-manager:amd64 43.0-2build2
2024-04-24 10:48:28 status unpacked gnome-power-manager:amd64 43.0-2build2
2024-04-24 10:48:28 install libei1:amd64 <none> 1.2.1-1
2024-04-24 10:48:28 status half-installed libei1:amd64 1.2.1-1
2024-04-24 10:48:28 status unpacked libei1:amd64 1.2.1-1
2024-04-24 10:48:28 install libwinpr3-3:amd64 <none> 3.5.0+dfsg1-0ubuntu1
2024-04-24 10:48:28 status half-installed libwinpr3-3:amd64 3.5.0+dfsg1-0ubuntu1
2024-04-24 10:48:28 status unpacked libwinpr3-3:amd64 3.5.0+dfsg1-0ubuntu1
2024-04-24 10:48:28 install libfreerdp3-3:amd64 <none> 3.5.0+dfsg1-0ubuntu1
2024-04-24 10:48:28 status half-installed libfreerdp3-3:amd64 3.5.0+dfsg1-0ubuntu1
2024-04-24 10:48:28 status unpacked libfreerdp3-3:amd64 3.5.0+dfsg1-0ubuntu1
2024-04-24 10:48:28 install libfreerdp-server3-3:amd64 <none> 3.5.0+dfsg1-0ubuntu1
2024-04-24 10:48:28 status half-installed libfreerdp-server3-3:amd64 3.5.0+dfsg1-0ubuntu1
2024-04-24 10:48:28 status unpacked libfreerdp-server3-3:amd64 3.5.0+dfsg1-0ubuntu1
2024-04-24 10:48:28 install libtss2-rc0t64:amd64 <none> 4.0.1-7.1ubuntu5
2024-04-24 10:48:28 status half-installed libtss2-rc0t64:amd64 4.0.1-7.1ubuntu5
2024-04-24 10:48:28 status unpacked libtss2-rc0t64:amd64 4.0.1-7.1ubuntu5
2024-04-24 10:48:28 install libtss2-tcti-libtpms0t64:amd64 <none> 4.0.1-7.1ubuntu5
2024-04-24 10:48:28 status half-installed libtss2-tcti-libtpms0t64:amd64 4.0.1-7.1ubuntu5
2024-04-24 10:48:28 status unpacked libtss2-tcti-libtpms0t64:amd64 4.0.1-7.1ubuntu5
2024-04-24 10:48:28 install libtss2-tcti-spi-helper0t64:amd64 <none> 4.0.1-7.1ubuntu5
2024-04-24 10:48:28 status half-installed libtss2-tcti-spi-helper0t64:amd64 4.0.1-7.1ubuntu5
2024-04-24 10:48:28 status unpacked libtss2-tcti-spi-helper0t64:amd64 4.0.1-7.1ubuntu5
2024-04-24 10:48:28 install libtss2-tctildr0t64:amd64 <none> 4.0.1-7.1ubuntu5
2024-04-24 10:48:28 status half-installed libtss2-tctildr0t64:amd64 4.0.1-7.1ubuntu5
2024-04-24 10:48:28 status unpacked libtss2-tctildr0t64:amd64 4.0.1-7.1ubuntu5
2024-04-24 10:48:28 install gnome-remote-desktop:amd64 <none> 46.1-1
2024-04-24 10:48:28 status half-installed gnome-remote-desktop:amd64 46.1-1
2024-04-24 10:48:28 status unpacked gnome-remote-desktop:amd64 46.1-1
2024-04-24 10:48:28 install gnome-session-canberra:amd64 <none> 0.30-10ubuntu10
2024-04-24 10:48:28 status half-installed gnome-session-canberra:amd64 0.30-10ubuntu10
2024-04-24 10:48:28 status unpacked gnome-session-canberra:amd64 0.30-10ubuntu10
2024-04-24 10:48:28 install gnome-shell-extension-appindicator:all <none> 57-2
2024-04-24 10:48:28 status half-installed gnome-shell-extension-appindicator:all 57-2
2024-04-24 10:48:28 status unpacked gnome-shell-extension-appindicator:all 57-2
2024-04-24 10:48:28 install gvfs-common:all <none> 1.54.0-1ubuntu2
2024-04-24 10:48:28 status half-installed gvfs-common:all 1.54.0-1ubuntu2
2024-04-24 10:48:28 status unpacked gvfs-common:all 1.54.0-1ubuntu2
2024-04-24 10:48:28 install gvfs-libs:amd64 <none> 1.54.0-1ubuntu2
2024-04-24 10:48:28 status half-installed gvfs-libs:amd64 1.54.0-1ubuntu2
2024-04-24 10:48:28 status unpacked gvfs-libs:amd64 1.54.0-1ubuntu2
2024-04-24 10:48:28 install gvfs-daemons:amd64 <none> 1.54.0-1ubuntu2
2024-04-24 10:48:28 status half-installed gvfs-daemons:amd64 1.54.0-1ubuntu2
2024-04-24 10:48:28 status unpacked gvfs-daemons:amd64 1.54.0-1ubuntu2
2024-04-24 10:48:28 install gvfs:amd64 <none> 1.54.0-1ubuntu2
2024-04-24 10:48:28 status half-installed gvfs:amd64 1.54.0-1ubuntu2
2024-04-24 10:48:28 status unpacked gvfs:amd64 1.54.0-1ubuntu2
2024-04-24 10:48:28 install libnautilus-extension4:amd64 <none> 1:46.0-0ubuntu2
2024-04-24 10:48:28 status half-installed libnautilus-extension4:amd64 1:46.0-0ubuntu2
2024-04-24 10:48:28 status unpacked libnautilus-extension4:amd64 1:46.0-0ubuntu2
2024-04-24 10:48:28 install nautilus-data:all <none> 1:46.0-0ubuntu2
2024-04-24 10:48:28 status half-installed nautilus-data:all 1:46.0-0ubuntu2
2024-04-24 10:48:28 status unpacked nautilus-data:all 1:46.0-0ubuntu2
2024-04-24 10:48:28 install libtracker-sparql-3.0-0:amd64 <none> 3.7.1-1build1
2024-04-24 10:48:28 status half-installed libtracker-sparql-3.0-0:amd64 3.7.1-1build1
2024-04-24 10:48:28 status unpacked libtracker-sparql-3.0-0:amd64 3.7.1-1build1
2024-04-24 10:48:28 install tracker:amd64 <none> 3.7.1-1build1
2024-04-24 10:48:28 status half-installed tracker:amd64 3.7.1-1build1
2024-04-24 10:48:28 status unpacked tracker:amd64 3.7.1-1build1
2024-04-24 10:48:28 install libcue2:amd64 <none> 2.2.1-4.1build1
2024-04-24 10:48:28 status half-installed libcue2:amd64 2.2.1-4.1build1
2024-04-24 10:48:28 status unpacked libcue2:amd64 2.2.1-4.1build1
2024-04-24 10:48:28 install libexiv2-27:amd64 <none> 0.27.6-1build1
2024-04-24 10:48:28 status half-installed libexiv2-27:amd64 0.27.6-1build1
2024-04-24 10:48:28 status unpacked libexiv2-27:amd64 0.27.6-1build1
2024-04-24 10:48:28 install libgexiv2-2:amd64 <none> 0.14.2-2build3
2024-04-24 10:48:28 status half-installed libgexiv2-2:amd64 0.14.2-2build3
2024-04-24 10:48:28 status unpacked libgexiv2-2:amd64 0.14.2-2build3
2024-04-24 10:48:28 install libgif7:amd64 <none> 5.2.2-1ubuntu1
2024-04-24 10:48:28 status half-installed libgif7:amd64 5.2.2-1ubuntu1
2024-04-24 10:48:28 status unpacked libgif7:amd64 5.2.2-1ubuntu1
2024-04-24 10:48:28 install libgsf-1-common:all <none> 1.14.51-2build2
2024-04-24 10:48:28 status half-installed libgsf-1-common:all 1.14.51-2build2
2024-04-24 10:48:28 status unpacked libgsf-1-common:all 1.14.51-2build2
2024-04-24 10:48:28 install libgsf-1-114:amd64 <none> 1.14.51-2build2
2024-04-24 10:48:28 status half-installed libgsf-1-114:amd64 1.14.51-2build2
2024-04-24 10:48:28 status unpacked libgsf-1-114:amd64 1.14.51-2build2
2024-04-24 10:48:28 install libtotem-plparser-common:all <none> 3.26.6-1build5
2024-04-24 10:48:28 status half-installed libtotem-plparser-common:all 3.26.6-1build5
2024-04-24 10:48:28 status unpacked libtotem-plparser-common:all 3.26.6-1build5
2024-04-24 10:48:29 install libtotem-plparser18:amd64 <none> 3.26.6-1build5
2024-04-24 10:48:29 status half-installed libtotem-plparser18:amd64 3.26.6-1build5
2024-04-24 10:48:29 status unpacked libtotem-plparser18:amd64 3.26.6-1build5
2024-04-24 10:48:29 install tracker-extract:amd64 <none> 3.7.1-1build1
2024-04-24 10:48:29 status half-installed tracker-extract:amd64 3.7.1-1build1
2024-04-24 10:48:29 status unpacked tracker-extract:amd64 3.7.1-1build1
2024-04-24 10:48:29 install tracker-miner-fs:amd64 <none> 3.7.1-1build1
2024-04-24 10:48:29 status half-installed tracker-miner-fs:amd64 3.7.1-1build1
2024-04-24 10:48:29 status unpacked tracker-miner-fs:amd64 3.7.1-1build1
2024-04-24 10:48:29 install libdbusmenu-glib4:amd64 <none> 18.10.20180917~bzr492+repack1-3.1ubuntu5
2024-04-24 10:48:29 status half-installed libdbusmenu-glib4:amd64 18.10.20180917~bzr492+repack1-3.1ubuntu5
2024-04-24 10:48:29 status unpacked libdbusmenu-glib4:amd64 18.10.20180917~bzr492+repack1-3.1ubuntu5
2024-04-24 10:48:29 install libportal-gtk4-1:amd64 <none> 0.7.1-5build5
2024-04-24 10:48:29 status half-installed libportal-gtk4-1:amd64 0.7.1-5build5
2024-04-24 10:48:29 status unpacked libportal-gtk4-1:amd64 0.7.1-5build5
2024-04-24 10:48:29 install libportal1:amd64 <none> 0.7.1-5build5
2024-04-24 10:48:29 status half-installed libportal1:amd64 0.7.1-5build5
2024-04-24 10:48:29 status unpacked libportal1:amd64 0.7.1-5build5
2024-04-24 10:48:29 install libdee-1.0-4:amd64 <none> 1.2.7+17.10.20170616-7build5
2024-04-24 10:48:29 status half-installed libdee-1.0-4:amd64 1.2.7+17.10.20170616-7build5
2024-04-24 10:48:29 status unpacked libdee-1.0-4:amd64 1.2.7+17.10.20170616-7build5
2024-04-24 10:48:29 install libunity-protocol-private0:amd64 <none> 7.1.4+19.04.20190319-6build4
2024-04-24 10:48:29 status half-installed libunity-protocol-private0:amd64 7.1.4+19.04.20190319-6build4
2024-04-24 10:48:29 status unpacked libunity-protocol-private0:amd64 7.1.4+19.04.20190319-6build4
2024-04-24 10:48:29 install libunity-scopes-json-def-desktop:all <none> 7.1.4+19.04.20190319-6build4
2024-04-24 10:48:29 status half-installed libunity-scopes-json-def-desktop:all 7.1.4+19.04.20190319-6build4
2024-04-24 10:48:29 status unpacked libunity-scopes-json-def-desktop:all 7.1.4+19.04.20190319-6build4
2024-04-24 10:48:29 install libunity9:amd64 <none> 7.1.4+19.04.20190319-6build4
2024-04-24 10:48:29 status half-installed libunity9:amd64 7.1.4+19.04.20190319-6build4
2024-04-24 10:48:29 status unpacked libunity9:amd64 7.1.4+19.04.20190319-6build4
2024-04-24 10:48:29 install nautilus:amd64 <none> 1:46.0-0ubuntu2
2024-04-24 10:48:29 status half-installed nautilus:amd64 1:46.0-0ubuntu2
2024-04-24 10:48:29 status unpacked nautilus:amd64 1:46.0-0ubuntu2
2024-04-24 10:48:29 install gnome-shell-extension-desktop-icons-ng:all <none> 46+really47.0.9-1
2024-04-24 10:48:29 status half-installed gnome-shell-extension-desktop-icons-ng:all 46+really47.0.9-1
2024-04-24 10:48:29 status unpacked gnome-shell-extension-desktop-icons-ng:all 46+really47.0.9-1
2024-04-24 10:48:29 install gnome-shell-extension-ubuntu-dock:all <none> 90ubuntu1
2024-04-24 10:48:29 status half-installed gnome-shell-extension-ubuntu-dock:all 90ubuntu1
2024-04-24 10:48:29 status unpacked gnome-shell-extension-ubuntu-dock:all 90ubuntu1
2024-04-24 10:48:29 install gnome-shell-extension-ubuntu-tiling-assistant:all <none> 46-1ubuntu1
2024-04-24 10:48:29 status half-installed gnome-shell-extension-ubuntu-tiling-assistant:all 46-1ubuntu1
2024-04-24 10:48:29 status unpacked gnome-shell-extension-ubuntu-tiling-assistant:all 46-1ubuntu1
2024-04-24 10:48:29 install gnome-startup-applications:amd64 <none> 46.0-1ubuntu4
2024-04-24 10:48:29 status half-installed gnome-startup-applications:amd64 46.0-1ubuntu4
2024-04-24 10:48:29 status unpacked gnome-startup-applications:amd64 46.0-1ubuntu4
2024-04-24 10:48:29 install libsigc++-3.0-0:amd64 <none> 3.6.0-2
2024-04-24 10:48:29 status half-installed libsigc++-3.0-0:amd64 3.6.0-2
2024-04-24 10:48:29 status unpacked libsigc++-3.0-0:amd64 3.6.0-2
2024-04-24 10:48:29 install libglibmm-2.68-1t64:amd64 <none> 2.78.1-2.2build2
2024-04-24 10:48:29 status half-installed libglibmm-2.68-1t64:amd64 2.78.1-2.2build2
2024-04-24 10:48:29 status unpacked libglibmm-2.68-1t64:amd64 2.78.1-2.2build2
2024-04-24 10:48:29 install libcairomm-1.16-1:amd64 <none> 1.18.0-1build1
2024-04-24 10:48:29 status half-installed libcairomm-1.16-1:amd64 1.18.0-1build1
2024-04-24 10:48:29 status unpacked libcairomm-1.16-1:amd64 1.18.0-1build1
2024-04-24 10:48:29 install libpangomm-2.48-1t64:amd64 <none> 2.52.0-1build1
2024-04-24 10:48:29 status half-installed libpangomm-2.48-1t64:amd64 2.52.0-1build1
2024-04-24 10:48:29 status unpacked libpangomm-2.48-1t64:amd64 2.52.0-1build1
2024-04-24 10:48:29 install libgtkmm-4.0-0:amd64 <none> 4.10.0-4build3
2024-04-24 10:48:29 status half-installed libgtkmm-4.0-0:amd64 4.10.0-4build3
2024-04-24 10:48:29 status unpacked libgtkmm-4.0-0:amd64 4.10.0-4build3
2024-04-24 10:48:29 install gnome-system-monitor:amd64 <none> 46.0-1build1
2024-04-24 10:48:29 status half-installed gnome-system-monitor:amd64 46.0-1build1
2024-04-24 10:48:29 status unpacked gnome-system-monitor:amd64 46.0-1build1
2024-04-24 10:48:29 install libeditorconfig0:amd64 <none> 0.12.7-0.1
2024-04-24 10:48:29 status half-installed libeditorconfig0:amd64 0.12.7-0.1
2024-04-24 10:48:29 status unpacked libeditorconfig0:amd64 0.12.7-0.1
2024-04-24 10:48:29 install gnome-text-editor:amd64 <none> 46.1-1
2024-04-24 10:48:29 status half-installed gnome-text-editor:amd64 46.1-1
2024-04-24 10:48:29 status unpacked gnome-text-editor:amd64 46.1-1
2024-04-24 10:48:29 install gnome-themes-extra-data:all <none> 3.28-2ubuntu5
2024-04-24 10:48:29 status half-installed gnome-themes-extra-data:all 3.28-2ubuntu5
2024-04-24 10:48:29 status unpacked gnome-themes-extra-data:all 3.28-2ubuntu5
2024-04-24 10:48:29 install libgtk2.0-common:all <none> 2.24.33-4ubuntu1
2024-04-24 10:48:29 status half-installed libgtk2.0-common:all 2.24.33-4ubuntu1
2024-04-24 10:48:30 status unpacked libgtk2.0-common:all 2.24.33-4ubuntu1
2024-04-24 10:48:30 install libgtk2.0-0t64:amd64 <none> 2.24.33-4ubuntu1
2024-04-24 10:48:30 status half-installed libgtk2.0-0t64:amd64 2.24.33-4ubuntu1
2024-04-24 10:48:30 status unpacked libgtk2.0-0t64:amd64 2.24.33-4ubuntu1
2024-04-24 10:48:30 install gtk2-engines-pixbuf:amd64 <none> 2.24.33-4ubuntu1
2024-04-24 10:48:30 status half-installed gtk2-engines-pixbuf:amd64 2.24.33-4ubuntu1
2024-04-24 10:48:30 status unpacked gtk2-engines-pixbuf:amd64 2.24.33-4ubuntu1
2024-04-24 10:48:30 install gnome-themes-extra:amd64 <none> 3.28-2ubuntu5
2024-04-24 10:48:30 status half-installed gnome-themes-extra:amd64 3.28-2ubuntu5
2024-04-24 10:48:30 status unpacked gnome-themes-extra:amd64 3.28-2ubuntu5
2024-04-24 10:48:30 install libyelp0:amd64 <none> 42.2-1build2
2024-04-24 10:48:30 status half-installed libyelp0:amd64 42.2-1build2
2024-04-24 10:48:30 status unpacked libyelp0:amd64 42.2-1build2
2024-04-24 10:48:30 install yelp-xsl:all <none> 42.1-2
2024-04-24 10:48:30 status half-installed yelp-xsl:all 42.1-2
2024-04-24 10:48:30 status unpacked yelp-xsl:all 42.1-2
2024-04-24 10:48:30 install yelp:amd64 <none> 42.2-1build2
2024-04-24 10:48:30 status half-installed yelp:amd64 42.2-1build2
2024-04-24 10:48:30 status unpacked yelp:amd64 42.2-1build2
2024-04-24 10:48:30 install ubuntu-docs:all <none> 24.04.2
2024-04-24 10:48:30 status half-installed ubuntu-docs:all 24.04.2
2024-04-24 10:48:30 status unpacked ubuntu-docs:all 24.04.2
2024-04-24 10:48:30 install gnome-user-docs:all <none> 46.0-1ubuntu1
2024-04-24 10:48:30 status half-installed gnome-user-docs:all 46.0-1ubuntu1
2024-04-24 10:48:30 status unpacked gnome-user-docs:all 46.0-1ubuntu1
2024-04-24 10:48:30 install gnome-user-docs-de:all <none> 46.0-1ubuntu1
2024-04-24 10:48:30 status half-installed gnome-user-docs-de:all 46.0-1ubuntu1
2024-04-24 10:48:30 status unpacked gnome-user-docs-de:all 46.0-1ubuntu1
2024-04-24 10:48:30 install gnome-user-docs-es:all <none> 46.0-1ubuntu1
2024-04-24 10:48:30 status half-installed gnome-user-docs-es:all 46.0-1ubuntu1
2024-04-24 10:48:30 status unpacked gnome-user-docs-es:all 46.0-1ubuntu1
2024-04-24 10:48:30 install gnome-user-docs-fr:all <none> 46.0-1ubuntu1
2024-04-24 10:48:30 status half-installed gnome-user-docs-fr:all 46.0-1ubuntu1
2024-04-24 10:48:30 status unpacked gnome-user-docs-fr:all 46.0-1ubuntu1
2024-04-24 10:48:30 install gnome-user-docs-it:all <none> 46.0-1ubuntu1
2024-04-24 10:48:30 status half-installed gnome-user-docs-it:all 46.0-1ubuntu1
2024-04-24 10:48:30 status unpacked gnome-user-docs-it:all 46.0-1ubuntu1
2024-04-24 10:48:30 install gnome-user-docs-pt:all <none> 46.0-1ubuntu1
2024-04-24 10:48:30 status half-installed gnome-user-docs-pt:all 46.0-1ubuntu1
2024-04-24 10:48:30 status unpacked gnome-user-docs-pt:all 46.0-1ubuntu1
2024-04-24 10:48:30 install gnome-user-docs-ru:all <none> 46.0-1ubuntu1
2024-04-24 10:48:30 status half-installed gnome-user-docs-ru:all 46.0-1ubuntu1
2024-04-24 10:48:30 status unpacked gnome-user-docs-ru:all 46.0-1ubuntu1
2024-04-24 10:48:30 install gnome-user-docs-zh-hans:all <none> 46.0-1ubuntu1
2024-04-24 10:48:30 status half-installed gnome-user-docs-zh-hans:all 46.0-1ubuntu1
2024-04-24 10:48:30 status unpacked gnome-user-docs-zh-hans:all 46.0-1ubuntu1
2024-04-24 10:48:30 install gnupg-l10n:all <none> 2.4.4-2ubuntu17
2024-04-24 10:48:30 status half-installed gnupg-l10n:all 2.4.4-2ubuntu17
2024-04-24 10:48:30 status unpacked gnupg-l10n:all 2.4.4-2ubuntu17
2024-04-24 10:48:30 install gpg-wks-client:amd64 <none> 2.4.4-2ubuntu17
2024-04-24 10:48:30 status half-installed gpg-wks-client:amd64 2.4.4-2ubuntu17
2024-04-24 10:48:30 status unpacked gpg-wks-client:amd64 2.4.4-2ubuntu17
2024-04-24 10:48:31 install libefivar1t64:amd64 <none> 38-3.1build1
2024-04-24 10:48:31 status half-installed libefivar1t64:amd64 38-3.1build1
2024-04-24 10:48:31 status unpacked libefivar1t64:amd64 38-3.1build1
2024-04-24 10:48:31 install libefiboot1t64:amd64 <none> 38-3.1build1
2024-04-24 10:48:31 status half-installed libefiboot1t64:amd64 38-3.1build1
2024-04-24 10:48:31 status unpacked libefiboot1t64:amd64 38-3.1build1
2024-04-24 10:48:31 install grub-common:amd64 <none> 2.12-1ubuntu7
2024-04-24 10:48:31 status half-installed grub-common:amd64 2.12-1ubuntu7
2024-04-24 10:48:31 status unpacked grub-common:amd64 2.12-1ubuntu7
2024-04-24 10:48:31 install gsettings-ubuntu-schemas:all <none> 0.0.7+21.10.20210712-0ubuntu3
2024-04-24 10:48:31 status half-installed gsettings-ubuntu-schemas:all 0.0.7+21.10.20210712-0ubuntu3
2024-04-24 10:48:31 status unpacked gsettings-ubuntu-schemas:all 0.0.7+21.10.20210712-0ubuntu3
2024-04-24 10:48:31 install gstreamer1.0-alsa:amd64 <none> 1.24.2-1
2024-04-24 10:48:31 status half-installed gstreamer1.0-alsa:amd64 1.24.2-1
2024-04-24 10:48:31 status unpacked gstreamer1.0-alsa:amd64 1.24.2-1
2024-04-24 10:48:31 install gstreamer1.0-gl:amd64 <none> 1.24.2-1
2024-04-24 10:48:31 status half-installed gstreamer1.0-gl:amd64 1.24.2-1
2024-04-24 10:48:31 status unpacked gstreamer1.0-gl:amd64 1.24.2-1
2024-04-24 10:48:31 install packagekit:amd64 <none> 1.2.8-2build3
2024-04-24 10:48:31 status half-installed packagekit:amd64 1.2.8-2build3
2024-04-24 10:48:31 status unpacked packagekit:amd64 1.2.8-2build3
2024-04-24 10:48:31 install gstreamer1.0-packagekit:amd64 <none> 1.2.8-2build3
2024-04-24 10:48:31 status half-installed gstreamer1.0-packagekit:amd64 1.2.8-2build3
2024-04-24 10:48:31 status unpacked gstreamer1.0-packagekit:amd64 1.2.8-2build3
2024-04-24 10:48:31 install gstreamer1.0-tools:amd64 <none> 1.24.2-1
2024-04-24 10:48:31 status half-installed gstreamer1.0-tools:amd64 1.24.2-1
2024-04-24 10:48:31 status unpacked gstreamer1.0-tools:amd64 1.24.2-1
2024-04-24 10:48:31 install gstreamer1.0-plugins-base-apps:amd64 <none> 1.24.2-1
2024-04-24 10:48:31 status half-installed gstreamer1.0-plugins-base-apps:amd64 1.24.2-1
2024-04-24 10:48:31 status unpacked gstreamer1.0-plugins-base-apps:amd64 1.24.2-1
2024-04-24 10:48:31 install libxv1:amd64 <none> 2:1.0.11-1.1build1
2024-04-24 10:48:31 status half-installed libxv1:amd64 2:1.0.11-1.1build1
2024-04-24 10:48:31 status unpacked libxv1:amd64 2:1.0.11-1.1build1
2024-04-24 10:48:31 install gstreamer1.0-x:amd64 <none> 1.24.2-1
2024-04-24 10:48:31 status half-installed gstreamer1.0-x:amd64 1.24.2-1
2024-04-24 10:48:31 status unpacked gstreamer1.0-x:amd64 1.24.2-1
2024-04-24 10:48:31 install gtk2-engines-murrine:amd64 <none> 0.98.2-4
2024-04-24 10:48:31 status half-installed gtk2-engines-murrine:amd64 0.98.2-4
2024-04-24 10:48:31 status unpacked gtk2-engines-murrine:amd64 0.98.2-4
2024-04-24 10:48:31 install libcdio19t64:amd64 <none> 2.1.0-4.1ubuntu1
2024-04-24 10:48:31 status half-installed libcdio19t64:amd64 2.1.0-4.1ubuntu1
2024-04-24 10:48:31 status unpacked libcdio19t64:amd64 2.1.0-4.1ubuntu1
2024-04-24 10:48:31 install libcdio-cdda2t64:amd64 <none> 10.2+2.0.1-1.1build2
2024-04-24 10:48:31 status half-installed libcdio-cdda2t64:amd64 10.2+2.0.1-1.1build2
2024-04-24 10:48:31 status unpacked libcdio-cdda2t64:amd64 10.2+2.0.1-1.1build2
2024-04-24 10:48:31 install libcdio-paranoia2t64:amd64 <none> 10.2+2.0.1-1.1build2
2024-04-24 10:48:31 status half-installed libcdio-paranoia2t64:amd64 10.2+2.0.1-1.1build2
2024-04-24 10:48:31 status unpacked libcdio-paranoia2t64:amd64 10.2+2.0.1-1.1build2
2024-04-24 10:48:31 install libsoup2.4-common:all <none> 2.74.3-6ubuntu1
2024-04-24 10:48:31 status half-installed libsoup2.4-common:all 2.74.3-6ubuntu1
2024-04-24 10:48:31 status unpacked libsoup2.4-common:all 2.74.3-6ubuntu1
2024-04-24 10:48:31 install libsoup-2.4-1:amd64 <none> 2.74.3-6ubuntu1
2024-04-24 10:48:31 status half-installed libsoup-2.4-1:amd64 2.74.3-6ubuntu1
2024-04-24 10:48:31 status unpacked libsoup-2.4-1:amd64 2.74.3-6ubuntu1
2024-04-24 10:48:31 install libgdata-common:all <none> 0.18.1-6build2
2024-04-24 10:48:31 status half-installed libgdata-common:all 0.18.1-6build2
2024-04-24 10:48:31 status unpacked libgdata-common:all 0.18.1-6build2
2024-04-24 10:48:31 install libgdata22:amd64 <none> 0.18.1-6build2
2024-04-24 10:48:31 status half-installed libgdata22:amd64 0.18.1-6build2
2024-04-24 10:48:31 status unpacked libgdata22:amd64 0.18.1-6build2
2024-04-24 10:48:31 install libmsgraph-0-1:amd64 <none> 0.2.1-0ubuntu3
2024-04-24 10:48:31 status half-installed libmsgraph-0-1:amd64 0.2.1-0ubuntu3
2024-04-24 10:48:31 status unpacked libmsgraph-0-1:amd64 0.2.1-0ubuntu3
2024-04-24 10:48:31 install libmtp-common:all <none> 1.1.21-3.1build1
2024-04-24 10:48:31 status half-installed libmtp-common:all 1.1.21-3.1build1
2024-04-24 10:48:31 status unpacked libmtp-common:all 1.1.21-3.1build1
2024-04-24 10:48:31 install libmtp9t64:amd64 <none> 1.1.21-3.1build1
2024-04-24 10:48:31 status half-installed libmtp9t64:amd64 1.1.21-3.1build1
2024-04-24 10:48:31 status unpacked libmtp9t64:amd64 1.1.21-3.1build1
2024-04-24 10:48:31 install libnfs14:amd64 <none> 5.0.2-1build1
2024-04-24 10:48:31 status half-installed libnfs14:amd64 5.0.2-1build1
2024-04-24 10:48:31 status unpacked libnfs14:amd64 5.0.2-1build1
2024-04-24 10:48:31 install gvfs-backends:amd64 <none> 1.54.0-1ubuntu2
2024-04-24 10:48:31 status half-installed gvfs-backends:amd64 1.54.0-1ubuntu2
2024-04-24 10:48:31 status unpacked gvfs-backends:amd64 1.54.0-1ubuntu2
2024-04-24 10:48:31 install gvfs-fuse:amd64 <none> 1.54.0-1ubuntu2
2024-04-24 10:48:31 status half-installed gvfs-fuse:amd64 1.54.0-1ubuntu2
2024-04-24 10:48:31 status unpacked gvfs-fuse:amd64 1.54.0-1ubuntu2
2024-04-24 10:48:31 install hplip-data:all <none> 3.23.12+dfsg0-0ubuntu5
2024-04-24 10:48:31 status half-installed hplip-data:all 3.23.12+dfsg0-0ubuntu5
2024-04-24 10:48:32 status unpacked hplip-data:all 3.23.12+dfsg0-0ubuntu5
2024-04-24 10:48:32 install libhpmud0:amd64 <none> 3.23.12+dfsg0-0ubuntu5
2024-04-24 10:48:32 status half-installed libhpmud0:amd64 3.23.12+dfsg0-0ubuntu5
2024-04-24 10:48:32 status unpacked libhpmud0:amd64 3.23.12+dfsg0-0ubuntu5
2024-04-24 10:48:32 install libsane-hpaio:amd64 <none> 3.23.12+dfsg0-0ubuntu5
2024-04-24 10:48:32 status half-installed libsane-hpaio:amd64 3.23.12+dfsg0-0ubuntu5
2024-04-24 10:48:32 status unpacked libsane-hpaio:amd64 3.23.12+dfsg0-0ubuntu5
2024-04-24 10:48:32 install printer-driver-hpcups:amd64 <none> 3.23.12+dfsg0-0ubuntu5
2024-04-24 10:48:32 status half-installed printer-driver-hpcups:amd64 3.23.12+dfsg0-0ubuntu5
2024-04-24 10:48:32 status unpacked printer-driver-hpcups:amd64 3.23.12+dfsg0-0ubuntu5
2024-04-24 10:48:32 install python3-ptyprocess:all <none> 0.7.0-5
2024-04-24 10:48:32 status half-installed python3-ptyprocess:all 0.7.0-5
2024-04-24 10:48:32 status unpacked python3-ptyprocess:all 0.7.0-5
2024-04-24 10:48:32 install python3-pexpect:all <none> 4.9-2
2024-04-24 10:48:32 status half-installed python3-pexpect:all 4.9-2
2024-04-24 10:48:32 status unpacked python3-pexpect:all 4.9-2
2024-04-24 10:48:32 install libimagequant0:amd64 <none> 2.18.0-1build1
2024-04-24 10:48:32 status half-installed libimagequant0:amd64 2.18.0-1build1
2024-04-24 10:48:32 status unpacked libimagequant0:amd64 2.18.0-1build1
2024-04-24 10:48:32 install libraqm0:amd64 <none> 0.10.1-1build1
2024-04-24 10:48:32 status half-installed libraqm0:amd64 0.10.1-1build1
2024-04-24 10:48:32 status unpacked libraqm0:amd64 0.10.1-1build1
2024-04-24 10:48:32 install python3-pil:amd64 <none> 10.2.0-1build1
2024-04-24 10:48:32 status half-installed python3-pil:amd64 10.2.0-1build1
2024-04-24 10:48:32 status unpacked python3-pil:amd64 10.2.0-1build1
2024-04-24 10:48:32 install hplip:amd64 <none> 3.23.12+dfsg0-0ubuntu5
2024-04-24 10:48:32 status half-installed hplip:amd64 3.23.12+dfsg0-0ubuntu5
2024-04-24 10:48:32 status unpacked hplip:amd64 3.23.12+dfsg0-0ubuntu5
2024-04-24 10:48:32 install libdbusmenu-gtk3-4:amd64 <none> 18.10.20180917~bzr492+repack1-3.1ubuntu5
2024-04-24 10:48:32 status half-installed libdbusmenu-gtk3-4:amd64 18.10.20180917~bzr492+repack1-3.1ubuntu5
2024-04-24 10:48:32 status unpacked libdbusmenu-gtk3-4:amd64 18.10.20180917~bzr492+repack1-3.1ubuntu5
2024-04-24 10:48:32 install ibus-data:all <none> 1.5.29-2
2024-04-24 10:48:32 status half-installed ibus-data:all 1.5.29-2
2024-04-24 10:48:32 status unpacked ibus-data:all 1.5.29-2
2024-04-24 10:48:32 install python3-ibus-1.0:all <none> 1.5.29-2
2024-04-24 10:48:32 status half-installed python3-ibus-1.0:all 1.5.29-2
2024-04-24 10:48:32 status unpacked python3-ibus-1.0:all 1.5.29-2
2024-04-24 10:48:32 install ibus:amd64 <none> 1.5.29-2
2024-04-24 10:48:32 status half-installed ibus:amd64 1.5.29-2
2024-04-24 10:48:32 status unpacked ibus:amd64 1.5.29-2
2024-04-24 10:48:32 install libchewing3-data:all <none> 0.6.0-1build1
2024-04-24 10:48:32 status half-installed libchewing3-data:all 0.6.0-1build1
2024-04-24 10:48:32 status unpacked libchewing3-data:all 0.6.0-1build1
2024-04-24 10:48:33 install libchewing3:amd64 <none> 0.6.0-1build1
2024-04-24 10:48:33 status half-installed libchewing3:amd64 0.6.0-1build1
2024-04-24 10:48:33 status unpacked libchewing3:amd64 0.6.0-1build1
2024-04-24 10:48:33 install ibus-chewing:amd64 <none> 2.0.0-1build2
2024-04-24 10:48:33 status half-installed ibus-chewing:amd64 2.0.0-1build2
2024-04-24 10:48:33 status unpacked ibus-chewing:amd64 2.0.0-1build2
2024-04-24 10:48:33 install ibus-gtk:amd64 <none> 1.5.29-2
2024-04-24 10:48:33 status half-installed ibus-gtk:amd64 1.5.29-2
2024-04-24 10:48:33 status unpacked ibus-gtk:amd64 1.5.29-2
2024-04-24 10:48:33 install ibus-gtk3:amd64 <none> 1.5.29-2
2024-04-24 10:48:33 status half-installed ibus-gtk3:amd64 1.5.29-2
2024-04-24 10:48:33 status unpacked ibus-gtk3:amd64 1.5.29-2
2024-04-24 10:48:33 install ibus-gtk4:amd64 <none> 1.5.29-2
2024-04-24 10:48:33 status half-installed ibus-gtk4:amd64 1.5.29-2
2024-04-24 10:48:33 status unpacked ibus-gtk4:amd64 1.5.29-2
2024-04-24 10:48:33 install libopencc-data:all <none> 1.1.7+ds1-1build1
2024-04-24 10:48:33 status half-installed libopencc-data:all 1.1.7+ds1-1build1
2024-04-24 10:48:33 status unpacked libopencc-data:all 1.1.7+ds1-1build1
2024-04-24 10:48:33 install libmarisa0:amd64 <none> 0.2.6-14ubuntu4
2024-04-24 10:48:33 status half-installed libmarisa0:amd64 0.2.6-14ubuntu4
2024-04-24 10:48:33 status unpacked libmarisa0:amd64 0.2.6-14ubuntu4
2024-04-24 10:48:33 install libopencc1.1:amd64 <none> 1.1.7+ds1-1build1
2024-04-24 10:48:33 status half-installed libopencc1.1:amd64 1.1.7+ds1-1build1
2024-04-24 10:48:33 status unpacked libopencc1.1:amd64 1.1.7+ds1-1build1
2024-04-24 10:48:33 install libpinyin-data:amd64 <none> 2.8.1-1build3
2024-04-24 10:48:33 status half-installed libpinyin-data:amd64 2.8.1-1build3
2024-04-24 10:48:33 status unpacked libpinyin-data:amd64 2.8.1-1build3
2024-04-24 10:48:33 install libpinyin15:amd64 <none> 2.8.1-1build3
2024-04-24 10:48:33 status half-installed libpinyin15:amd64 2.8.1-1build3
2024-04-24 10:48:33 status unpacked libpinyin15:amd64 2.8.1-1build3
2024-04-24 10:48:33 install ibus-libpinyin:amd64 <none> 1.15.7-1build2
2024-04-24 10:48:33 status half-installed ibus-libpinyin:amd64 1.15.7-1build2
2024-04-24 10:48:33 status unpacked ibus-libpinyin:amd64 1.15.7-1build2
2024-04-24 10:48:33 install m17n-db:all <none> 1.8.5-1
2024-04-24 10:48:33 status half-installed m17n-db:all 1.8.5-1
2024-04-24 10:48:33 status unpacked m17n-db:all 1.8.5-1
2024-04-24 10:48:33 install libotf1:amd64 <none> 0.9.16-4build2
2024-04-24 10:48:33 status half-installed libotf1:amd64 0.9.16-4build2
2024-04-24 10:48:33 status unpacked libotf1:amd64 0.9.16-4build2
2024-04-24 10:48:33 install libm17n-0:amd64 <none> 1.8.4-1build2
2024-04-24 10:48:33 status half-installed libm17n-0:amd64 1.8.4-1build2
2024-04-24 10:48:33 status unpacked libm17n-0:amd64 1.8.4-1build2
2024-04-24 10:48:33 install ibus-m17n:amd64 <none> 1.4.28-1build2
2024-04-24 10:48:33 status half-installed ibus-m17n:amd64 1.4.28-1build2
2024-04-24 10:48:33 status unpacked ibus-m17n:amd64 1.4.28-1build2
2024-04-24 10:48:33 install ibus-table:all <none> 1.17.4-2
2024-04-24 10:48:33 status half-installed ibus-table:all 1.17.4-2
2024-04-24 10:48:33 status unpacked ibus-table:all 1.17.4-2
2024-04-24 10:48:34 install ibus-table-cangjie-big:all <none> 1.8.12-1
2024-04-24 10:48:34 status half-installed ibus-table-cangjie-big:all 1.8.12-1
2024-04-24 10:48:34 status unpacked ibus-table-cangjie-big:all 1.8.12-1
2024-04-24 10:48:34 install ibus-table-cangjie3:all <none> 1.8.12-1
2024-04-24 10:48:34 status half-installed ibus-table-cangjie3:all 1.8.12-1
2024-04-24 10:48:34 status unpacked ibus-table-cangjie3:all 1.8.12-1
2024-04-24 10:48:34 install ibus-table-cangjie5:all <none> 1.8.12-1
2024-04-24 10:48:34 status half-installed ibus-table-cangjie5:all 1.8.12-1
2024-04-24 10:48:34 status unpacked ibus-table-cangjie5:all 1.8.12-1
2024-04-24 10:48:34 install ibus-table-cangjie:all <none> 1.8.12-1
2024-04-24 10:48:34 status half-installed ibus-table-cangjie:all 1.8.12-1
2024-04-24 10:48:34 status unpacked ibus-table-cangjie:all 1.8.12-1
2024-04-24 10:48:34 install ibus-table-quick-classic:all <none> 1.8.12-1
2024-04-24 10:48:34 status half-installed ibus-table-quick-classic:all 1.8.12-1
2024-04-24 10:48:34 status unpacked ibus-table-quick-classic:all 1.8.12-1
2024-04-24 10:48:34 install ibus-table-wubi:all <none> 1.8.12-1
2024-04-24 10:48:34 status half-installed ibus-table-wubi:all 1.8.12-1
2024-04-24 10:48:34 status unpacked ibus-table-wubi:all 1.8.12-1
2024-04-24 10:48:34 install iio-sensor-proxy:amd64 <none> 3.5-1build2
2024-04-24 10:48:34 status half-installed iio-sensor-proxy:amd64 3.5-1build2
2024-04-24 10:48:34 status unpacked iio-sensor-proxy:amd64 3.5-1build2
2024-04-24 10:48:34 install im-config:all <none> 0.57-2
2024-04-24 10:48:34 status half-installed im-config:all 0.57-2
2024-04-24 10:48:34 status unpacked im-config:all 0.57-2
2024-04-24 10:48:34 install initramfs-tools-bin:amd64 <none> 0.142ubuntu25
2024-04-24 10:48:34 status half-installed initramfs-tools-bin:amd64 0.142ubuntu25
2024-04-24 10:48:34 status unpacked initramfs-tools-bin:amd64 0.142ubuntu25
2024-04-24 10:48:34 install libklibc:amd64 <none> 2.0.13-4
2024-04-24 10:48:34 status half-installed libklibc:amd64 2.0.13-4
2024-04-24 10:48:34 status unpacked libklibc:amd64 2.0.13-4
2024-04-24 10:48:34 install klibc-utils:amd64 <none> 2.0.13-4
2024-04-24 10:48:34 status half-installed klibc-utils:amd64 2.0.13-4
2024-04-24 10:48:34 status unpacked klibc-utils:amd64 2.0.13-4
2024-04-24 10:48:34 install initramfs-tools-core:all <none> 0.142ubuntu25
2024-04-24 10:48:34 status half-installed initramfs-tools-core:all 0.142ubuntu25
2024-04-24 10:48:34 status unpacked initramfs-tools-core:all 0.142ubuntu25
2024-04-24 10:48:34 install linux-base:all <none> 4.5ubuntu9
2024-04-24 10:48:34 status half-installed linux-base:all 4.5ubuntu9
2024-04-24 10:48:34 status unpacked linux-base:all 4.5ubuntu9
2024-04-24 10:48:34 install initramfs-tools:all <none> 0.142ubuntu25
2024-04-24 10:48:34 status half-installed initramfs-tools:all 0.142ubuntu25
2024-04-24 10:48:34 status unpacked initramfs-tools:all 0.142ubuntu25
2024-04-24 10:48:34 install ipp-usb:amd64 <none> 0.9.24-0ubuntu3
2024-04-24 10:48:34 status half-installed ipp-usb:amd64 0.9.24-0ubuntu3
2024-04-24 10:48:34 status unpacked ipp-usb:amd64 0.9.24-0ubuntu3
2024-04-24 10:48:34 install libonig5:amd64 <none> 6.9.9-1build1
2024-04-24 10:48:34 status half-installed libonig5:amd64 6.9.9-1build1
2024-04-24 10:48:34 status unpacked libonig5:amd64 6.9.9-1build1
2024-04-24 10:48:34 install libjq1:amd64 <none> 1.7.1-3build1
2024-04-24 10:48:34 status half-installed libjq1:amd64 1.7.1-3build1
2024-04-24 10:48:34 status unpacked libjq1:amd64 1.7.1-3build1
2024-04-24 10:48:34 install jq:amd64 <none> 1.7.1-3build1
2024-04-24 10:48:34 status half-installed jq:amd64 1.7.1-3build1
2024-04-24 10:48:34 status unpacked jq:amd64 1.7.1-3build1
2024-04-24 10:48:34 install libdbus-glib-1-2:amd64 <none> 0.112-3build2
2024-04-24 10:48:34 status half-installed libdbus-glib-1-2:amd64 0.112-3build2
2024-04-24 10:48:34 status unpacked libdbus-glib-1-2:amd64 0.112-3build2
2024-04-24 10:48:34 install kerneloops:amd64 <none> 0.12+git20140509-6ubuntu8
2024-04-24 10:48:34 status half-installed kerneloops:amd64 0.12+git20140509-6ubuntu8
2024-04-24 10:48:34 status unpacked kerneloops:amd64 0.12+git20140509-6ubuntu8
2024-04-24 10:48:34 install laptop-detect:all <none> 0.16
2024-04-24 10:48:34 status half-installed laptop-detect:all 0.16
2024-04-24 10:48:34 status unpacked laptop-detect:all 0.16
2024-04-24 10:48:34 install ldap-utils:amd64 <none> 2.6.7+dfsg-1~exp1ubuntu8
2024-04-24 10:48:34 status half-installed ldap-utils:amd64 2.6.7+dfsg-1~exp1ubuntu8
2024-04-24 10:48:34 status unpacked ldap-utils:amd64 2.6.7+dfsg-1~exp1ubuntu8
2024-04-24 10:48:34 install libao-common:all <none> 1.2.2+20180113-1.1ubuntu4
2024-04-24 10:48:34 status half-installed libao-common:all 1.2.2+20180113-1.1ubuntu4
2024-04-24 10:48:35 status unpacked libao-common:all 1.2.2+20180113-1.1ubuntu4
2024-04-24 10:48:35 install libao4:amd64 <none> 1.2.2+20180113-1.1ubuntu4
2024-04-24 10:48:35 status half-installed libao4:amd64 1.2.2+20180113-1.1ubuntu4
2024-04-24 10:48:35 status unpacked libao4:amd64 1.2.2+20180113-1.1ubuntu4
2024-04-24 10:48:35 install libatk-adaptor:amd64 <none> 2.52.0-1build1
2024-04-24 10:48:35 status half-installed libatk-adaptor:amd64 2.52.0-1build1
2024-04-24 10:48:35 status unpacked libatk-adaptor:amd64 2.52.0-1build1
2024-04-24 10:48:35 install libayatana-ido3-0.4-0:amd64 <none> 0.10.1-1build2
2024-04-24 10:48:35 status half-installed libayatana-ido3-0.4-0:amd64 0.10.1-1build2
2024-04-24 10:48:35 status unpacked libayatana-ido3-0.4-0:amd64 0.10.1-1build2
2024-04-24 10:48:35 install libayatana-indicator3-7:amd64 <none> 0.9.4-1build1
2024-04-24 10:48:35 status half-installed libayatana-indicator3-7:amd64 0.9.4-1build1
2024-04-24 10:48:35 status unpacked libayatana-indicator3-7:amd64 0.9.4-1build1
2024-04-24 10:48:35 install libayatana-appindicator3-1:amd64 <none> 0.5.93-1build3
2024-04-24 10:48:35 status half-installed libayatana-appindicator3-1:amd64 0.5.93-1build3
2024-04-24 10:48:35 status unpacked libayatana-appindicator3-1:amd64 0.5.93-1build3
2024-04-24 10:48:35 install libbasicobjects0t64:amd64 <none> 0.6.2-2.1build1
2024-04-24 10:48:35 status half-installed libbasicobjects0t64:amd64 0.6.2-2.1build1
2024-04-24 10:48:35 status unpacked libbasicobjects0t64:amd64 0.6.2-2.1build1
2024-04-24 10:48:35 install libbrlapi0.8:amd64 <none> 6.6-4ubuntu5
2024-04-24 10:48:35 status half-installed libbrlapi0.8:amd64 6.6-4ubuntu5
2024-04-24 10:48:35 status unpacked libbrlapi0.8:amd64 6.6-4ubuntu5
2024-04-24 10:48:35 install libcairo-perl:amd64 <none> 1.109-4build1
2024-04-24 10:48:35 status half-installed libcairo-perl:amd64 1.109-4build1
2024-04-24 10:48:35 status unpacked libcairo-perl:amd64 1.109-4build1
2024-04-24 10:48:35 install libextutils-depends-perl:all <none> 0.8001-2
2024-04-24 10:48:35 status half-installed libextutils-depends-perl:all 0.8001-2
2024-04-24 10:48:35 status unpacked libextutils-depends-perl:all 0.8001-2
2024-04-24 10:48:35 install libglib-perl:amd64 <none> 3:1.329.3-3build3
2024-04-24 10:48:35 status half-installed libglib-perl:amd64 3:1.329.3-3build3
2024-04-24 10:48:35 status unpacked libglib-perl:amd64 3:1.329.3-3build3
2024-04-24 10:48:35 install libcairo-gobject-perl:amd64 <none> 1.005-4build3
2024-04-24 10:48:35 status half-installed libcairo-gobject-perl:amd64 1.005-4build3
2024-04-24 10:48:35 status unpacked libcairo-gobject-perl:amd64 1.005-4build3
2024-04-24 10:48:35 install libcanberra-pulse:amd64 <none> 0.30-10ubuntu10
2024-04-24 10:48:35 status half-installed libcanberra-pulse:amd64 0.30-10ubuntu10
2024-04-24 10:48:35 status unpacked libcanberra-pulse:amd64 0.30-10ubuntu10
2024-04-24 10:48:35 install libcares2:amd64 <none> 1.27.0-1.0ubuntu1
2024-04-24 10:48:35 status half-installed libcares2:amd64 1.27.0-1.0ubuntu1
2024-04-24 10:48:35 status unpacked libcares2:amd64 1.27.0-1.0ubuntu1
2024-04-24 10:48:35 install libclone-perl:amd64 <none> 0.46-1build3
2024-04-24 10:48:35 status half-installed libclone-perl:amd64 0.46-1build3
2024-04-24 10:48:35 status unpacked libclone-perl:amd64 0.46-1build3
2024-04-24 10:48:35 install libcollection4t64:amd64 <none> 0.6.2-2.1build1
2024-04-24 10:48:35 status half-installed libcollection4t64:amd64 0.6.2-2.1build1
2024-04-24 10:48:35 status unpacked libcollection4t64:amd64 0.6.2-2.1build1
2024-04-24 10:48:35 install libcupsimage2t64:amd64 <none> 2.4.7-1.2ubuntu7
2024-04-24 10:48:35 status half-installed libcupsimage2t64:amd64 2.4.7-1.2ubuntu7
2024-04-24 10:48:35 status unpacked libcupsimage2t64:amd64 2.4.7-1.2ubuntu7
2024-04-24 10:48:35 install libdata-dump-perl:all <none> 1.25-1
2024-04-24 10:48:35 status half-installed libdata-dump-perl:all 1.25-1
2024-04-24 10:48:35 status unpacked libdata-dump-perl:all 1.25-1
2024-04-24 10:48:35 install libdecor-0-plugin-1-gtk:amd64 <none> 0.2.2-1build2
2024-04-24 10:48:35 status half-installed libdecor-0-plugin-1-gtk:amd64 0.2.2-1build2
2024-04-24 10:48:35 status unpacked libdecor-0-plugin-1-gtk:amd64 0.2.2-1build2
2024-04-24 10:48:35 install libdhash1t64:amd64 <none> 0.6.2-2.1build1
2024-04-24 10:48:35 status half-installed libdhash1t64:amd64 0.6.2-2.1build1
2024-04-24 10:48:35 status unpacked libdhash1t64:amd64 0.6.2-2.1build1
2024-04-24 10:48:35 install libdotconf0:amd64 <none> 1.3-0.3fakesync1build3
2024-04-24 10:48:35 status half-installed libdotconf0:amd64 1.3-0.3fakesync1build3
2024-04-24 10:48:35 status unpacked libdotconf0:amd64 1.3-0.3fakesync1build3
2024-04-24 10:48:35 install libencode-locale-perl:all <none> 1.05-3
2024-04-24 10:48:35 status half-installed libencode-locale-perl:all 1.05-3
2024-04-24 10:48:35 status unpacked libencode-locale-perl:all 1.05-3
2024-04-24 10:48:35 install libpcaudio0:amd64 <none> 1.2-2build3
2024-04-24 10:48:35 status half-installed libpcaudio0:amd64 1.2-2build3
2024-04-24 10:48:35 status unpacked libpcaudio0:amd64 1.2-2build3
2024-04-24 10:48:35 install libsonic0:amd64 <none> 0.2.0-13build1
2024-04-24 10:48:35 status half-installed libsonic0:amd64 0.2.0-13build1
2024-04-24 10:48:35 status unpacked libsonic0:amd64 0.2.0-13build1
2024-04-24 10:48:35 install libespeak-ng1:amd64 <none> 1.51+dfsg-12build1
2024-04-24 10:48:35 status half-installed libespeak-ng1:amd64 1.51+dfsg-12build1
2024-04-24 10:48:35 status unpacked libespeak-ng1:amd64 1.51+dfsg-12build1
2024-04-24 10:48:35 install libipc-system-simple-perl:all <none> 1.30-2
2024-04-24 10:48:35 status half-installed libipc-system-simple-perl:all 1.30-2
2024-04-24 10:48:35 status unpacked libipc-system-simple-perl:all 1.30-2
2024-04-24 10:48:35 install libfile-basedir-perl:all <none> 0.09-2
2024-04-24 10:48:35 status half-installed libfile-basedir-perl:all 0.09-2
2024-04-24 10:48:35 status unpacked libfile-basedir-perl:all 0.09-2
2024-04-24 10:48:35 install liburi-perl:all <none> 5.27-1
2024-04-24 10:48:35 status half-installed liburi-perl:all 5.27-1
2024-04-24 10:48:35 status unpacked liburi-perl:all 5.27-1
2024-04-24 10:48:36 install libfile-desktopentry-perl:all <none> 0.22-3
2024-04-24 10:48:36 status half-installed libfile-desktopentry-perl:all 0.22-3
2024-04-24 10:48:36 status unpacked libfile-desktopentry-perl:all 0.22-3
2024-04-24 10:48:36 install libtimedate-perl:all <none> 2.3300-2
2024-04-24 10:48:36 status half-installed libtimedate-perl:all 2.3300-2
2024-04-24 10:48:36 status unpacked libtimedate-perl:all 2.3300-2
2024-04-24 10:48:36 install libhttp-date-perl:all <none> 6.06-1
2024-04-24 10:48:36 status half-installed libhttp-date-perl:all 6.06-1
2024-04-24 10:48:36 status unpacked libhttp-date-perl:all 6.06-1
2024-04-24 10:48:36 install libfile-listing-perl:all <none> 6.16-1
2024-04-24 10:48:36 status half-installed libfile-listing-perl:all 6.16-1
2024-04-24 10:48:36 status unpacked libfile-listing-perl:all 6.16-1
2024-04-24 10:48:36 install libfile-mimeinfo-perl:all <none> 0.34-1
2024-04-24 10:48:36 status half-installed libfile-mimeinfo-perl:all 0.34-1
2024-04-24 10:48:36 status unpacked libfile-mimeinfo-perl:all 0.34-1
2024-04-24 10:48:36 install libfont-afm-perl:all <none> 1.20-4
2024-04-24 10:48:36 status half-installed libfont-afm-perl:all 1.20-4
2024-04-24 10:48:36 status unpacked libfont-afm-perl:all 1.20-4
2024-04-24 10:48:36 install libfprint-2-tod1:amd64 <none> 1:1.94.7+tod1-0ubuntu4
2024-04-24 10:48:36 status half-installed libfprint-2-tod1:amd64 1:1.94.7+tod1-0ubuntu4
2024-04-24 10:48:36 status unpacked libfprint-2-tod1:amd64 1:1.94.7+tod1-0ubuntu4
2024-04-24 10:48:36 install libfprint-2-2:amd64 <none> 1:1.94.7+tod1-0ubuntu4
2024-04-24 10:48:36 status half-installed libfprint-2-2:amd64 1:1.94.7+tod1-0ubuntu4
2024-04-24 10:48:36 status unpacked libfprint-2-2:amd64 1:1.94.7+tod1-0ubuntu4
2024-04-24 10:48:36 install libgail18t64:amd64 <none> 2.24.33-4ubuntu1
2024-04-24 10:48:36 status half-installed libgail18t64:amd64 2.24.33-4ubuntu1
2024-04-24 10:48:36 status unpacked libgail18t64:amd64 2.24.33-4ubuntu1
2024-04-24 10:48:36 install libgail-common:amd64 <none> 2.24.33-4ubuntu1
2024-04-24 10:48:36 status half-installed libgail-common:amd64 2.24.33-4ubuntu1
2024-04-24 10:48:36 status unpacked libgail-common:amd64 2.24.33-4ubuntu1
2024-04-24 10:48:36 install libgdk-pixbuf2.0-bin:amd64 <none> 2.42.10+dfsg-3ubuntu3
2024-04-24 10:48:36 status half-installed libgdk-pixbuf2.0-bin:amd64 2.42.10+dfsg-3ubuntu3
2024-04-24 10:48:36 status unpacked libgdk-pixbuf2.0-bin:amd64 2.42.10+dfsg-3ubuntu3
2024-04-24 10:48:36 install libgee-0.8-2:amd64 <none> 0.20.6-1build2
2024-04-24 10:48:36 status half-installed libgee-0.8-2:amd64 0.20.6-1build2
2024-04-24 10:48:36 status unpacked libgee-0.8-2:amd64 0.20.6-1build2
2024-04-24 10:48:36 install libgl1-amber-dri:amd64 <none> 21.3.9-0ubuntu2
2024-04-24 10:48:36 status half-installed libgl1-amber-dri:amd64 21.3.9-0ubuntu2
2024-04-24 10:48:36 status unpacked libgl1-amber-dri:amd64 21.3.9-0ubuntu2
2024-04-24 10:48:36 install libglib-object-introspection-perl:amd64 <none> 0.051-1build3
2024-04-24 10:48:36 status half-installed libglib-object-introspection-perl:amd64 0.051-1build3
2024-04-24 10:48:36 status unpacked libglib-object-introspection-perl:amd64 0.051-1build3
2024-04-24 10:48:36 install libgphoto2-l10n:all <none> 2.5.31-2.1build2
2024-04-24 10:48:36 status half-installed libgphoto2-l10n:all 2.5.31-2.1build2
2024-04-24 10:48:36 status unpacked libgphoto2-l10n:all 2.5.31-2.1build2
2024-04-24 10:48:36 install libgssdp-1.6-0:amd64 <none> 1.6.3-1build3
2024-04-24 10:48:36 status half-installed libgssdp-1.6-0:amd64 1.6.3-1build3
2024-04-24 10:48:36 status unpacked libgssdp-1.6-0:amd64 1.6.3-1build3
2024-04-24 10:48:36 install libgtk-3-bin:amd64 <none> 3.24.41-4ubuntu1
2024-04-24 10:48:36 status half-installed libgtk-3-bin:amd64 3.24.41-4ubuntu1
2024-04-24 10:48:36 status unpacked libgtk-3-bin:amd64 3.24.41-4ubuntu1
2024-04-24 10:48:36 install libgtk-4-bin:amd64 <none> 4.14.2+ds-1ubuntu1
2024-04-24 10:48:36 status half-installed libgtk-4-bin:amd64 4.14.2+ds-1ubuntu1
2024-04-24 10:48:36 status unpacked libgtk-4-bin:amd64 4.14.2+ds-1ubuntu1
2024-04-24 10:48:36 install libgtk2.0-bin:amd64 <none> 2.24.33-4ubuntu1
2024-04-24 10:48:36 status half-installed libgtk2.0-bin:amd64 2.24.33-4ubuntu1
2024-04-24 10:48:36 status unpacked libgtk2.0-bin:amd64 2.24.33-4ubuntu1
2024-04-24 10:48:36 install libgtk3-perl:all <none> 0.038-3
2024-04-24 10:48:36 status half-installed libgtk3-perl:all 0.038-3
2024-04-24 10:48:36 status unpacked libgtk3-perl:all 0.038-3
2024-04-24 10:48:36 install libgupnp-1.6-0:amd64 <none> 1.6.6-1build3
2024-04-24 10:48:36 status half-installed libgupnp-1.6-0:amd64 1.6.6-1build3
2024-04-24 10:48:36 status unpacked libgupnp-1.6-0:amd64 1.6.6-1build3
2024-04-24 10:48:36 install libgupnp-av-1.0-3:amd64 <none> 0.14.1-2build2
2024-04-24 10:48:36 status half-installed libgupnp-av-1.0-3:amd64 0.14.1-2build2
2024-04-24 10:48:36 status unpacked libgupnp-av-1.0-3:amd64 0.14.1-2build2
2024-04-24 10:48:36 install libgupnp-dlna-2.0-4:amd64 <none> 0.12.0-4build2
2024-04-24 10:48:36 status half-installed libgupnp-dlna-2.0-4:amd64 0.12.0-4build2
2024-04-24 10:48:36 status unpacked libgupnp-dlna-2.0-4:amd64 0.12.0-4build2
2024-04-24 10:48:36 install libheif-plugin-aomenc:amd64 <none> 1.17.6-1ubuntu4
2024-04-24 10:48:36 status half-installed libheif-plugin-aomenc:amd64 1.17.6-1ubuntu4
2024-04-24 10:48:36 status unpacked libheif-plugin-aomenc:amd64 1.17.6-1ubuntu4
2024-04-24 10:48:36 install libhtml-tagset-perl:all <none> 3.20-6
2024-04-24 10:48:36 status half-installed libhtml-tagset-perl:all 3.20-6
2024-04-24 10:48:36 status unpacked libhtml-tagset-perl:all 3.20-6
2024-04-24 10:48:37 install libhtml-parser-perl:amd64 <none> 3.81-1build3
2024-04-24 10:48:37 status half-installed libhtml-parser-perl:amd64 3.81-1build3
2024-04-24 10:48:37 status unpacked libhtml-parser-perl:amd64 3.81-1build3
2024-04-24 10:48:37 install libio-html-perl:all <none> 1.004-3
2024-04-24 10:48:37 status half-installed libio-html-perl:all 1.004-3
2024-04-24 10:48:37 status unpacked libio-html-perl:all 1.004-3
2024-04-24 10:48:37 install liblwp-mediatypes-perl:all <none> 6.04-2
2024-04-24 10:48:37 status half-installed liblwp-mediatypes-perl:all 6.04-2
2024-04-24 10:48:37 status unpacked liblwp-mediatypes-perl:all 6.04-2
2024-04-24 10:48:37 install libhttp-message-perl:all <none> 6.45-1ubuntu1
2024-04-24 10:48:37 status half-installed libhttp-message-perl:all 6.45-1ubuntu1
2024-04-24 10:48:37 status unpacked libhttp-message-perl:all 6.45-1ubuntu1
2024-04-24 10:48:37 install libhtml-form-perl:all <none> 6.11-1
2024-04-24 10:48:37 status half-installed libhtml-form-perl:all 6.11-1
2024-04-24 10:48:37 status unpacked libhtml-form-perl:all 6.11-1
2024-04-24 10:48:37 install libhtml-tree-perl:all <none> 5.07-3
2024-04-24 10:48:37 status half-installed libhtml-tree-perl:all 5.07-3
2024-04-24 10:48:37 status unpacked libhtml-tree-perl:all 5.07-3
2024-04-24 10:48:37 install libhtml-format-perl:all <none> 2.16-2
2024-04-24 10:48:37 status half-installed libhtml-format-perl:all 2.16-2
2024-04-24 10:48:37 status unpacked libhtml-format-perl:all 2.16-2
2024-04-24 10:48:37 install libhttp-cookies-perl:all <none> 6.11-1
2024-04-24 10:48:37 status half-installed libhttp-cookies-perl:all 6.11-1
2024-04-24 10:48:37 status unpacked libhttp-cookies-perl:all 6.11-1
2024-04-24 10:48:37 install libhttp-daemon-perl:all <none> 6.16-1
2024-04-24 10:48:37 status half-installed libhttp-daemon-perl:all 6.16-1
2024-04-24 10:48:37 status unpacked libhttp-daemon-perl:all 6.16-1
2024-04-24 10:48:37 install libhttp-negotiate-perl:all <none> 6.01-2
2024-04-24 10:48:37 status half-installed libhttp-negotiate-perl:all 6.01-2
2024-04-24 10:48:37 status unpacked libhttp-negotiate-perl:all 6.01-2
2024-04-24 10:48:37 install libpath-utils1t64:amd64 <none> 0.6.2-2.1build1
2024-04-24 10:48:37 status half-installed libpath-utils1t64:amd64 0.6.2-2.1build1
2024-04-24 10:48:37 status unpacked libpath-utils1t64:amd64 0.6.2-2.1build1
2024-04-24 10:48:37 install libref-array1t64:amd64 <none> 0.6.2-2.1build1
2024-04-24 10:48:37 status half-installed libref-array1t64:amd64 0.6.2-2.1build1
2024-04-24 10:48:37 status unpacked libref-array1t64:amd64 0.6.2-2.1build1
2024-04-24 10:48:37 install libini-config5t64:amd64 <none> 0.6.2-2.1build1
2024-04-24 10:48:37 status half-installed libini-config5t64:amd64 0.6.2-2.1build1
2024-04-24 10:48:37 status unpacked libini-config5t64:amd64 0.6.2-2.1build1
2024-04-24 10:48:37 install perl-openssl-defaults:amd64 <none> 7build3
2024-04-24 10:48:37 status half-installed perl-openssl-defaults:amd64 7build3
2024-04-24 10:48:37 status unpacked perl-openssl-defaults:amd64 7build3
2024-04-24 10:48:37 install libnet-ssleay-perl:amd64 <none> 1.94-1build4
2024-04-24 10:48:37 status half-installed libnet-ssleay-perl:amd64 1.94-1build4
2024-04-24 10:48:37 status unpacked libnet-ssleay-perl:amd64 1.94-1build4
2024-04-24 10:48:37 install libio-socket-ssl-perl:all <none> 2.085-1
2024-04-24 10:48:37 status half-installed libio-socket-ssl-perl:all 2.085-1
2024-04-24 10:48:37 status unpacked libio-socket-ssl-perl:all 2.085-1
2024-04-24 10:48:37 install libio-stringy-perl:all <none> 2.111-3
2024-04-24 10:48:37 status half-installed libio-stringy-perl:all 2.111-3
2024-04-24 10:48:37 status unpacked libio-stringy-perl:all 2.111-3
2024-04-24 10:48:37 install libipa-hbac0t64:amd64 <none> 2.9.4-1.1ubuntu6
2024-04-24 10:48:37 status half-installed libipa-hbac0t64:amd64 2.9.4-1.1ubuntu6
2024-04-24 10:48:37 status unpacked libipa-hbac0t64:amd64 2.9.4-1.1ubuntu6
2024-04-24 10:48:37 install libiw30t64:amd64 <none> 30~pre9-16.1ubuntu2
2024-04-24 10:48:37 status half-installed libiw30t64:amd64 30~pre9-16.1ubuntu2
2024-04-24 10:48:37 status unpacked libiw30t64:amd64 30~pre9-16.1ubuntu2
2024-04-24 10:48:37 install liblcms2-utils:amd64 <none> 2.14-2build1
2024-04-24 10:48:37 status half-installed liblcms2-utils:amd64 2.14-2build1
2024-04-24 10:48:37 status unpacked liblcms2-utils:amd64 2.14-2build1
2024-04-24 10:48:37 install libldap-common:all <none> 2.6.7+dfsg-1~exp1ubuntu8
2024-04-24 10:48:37 status half-installed libldap-common:all 2.6.7+dfsg-1~exp1ubuntu8
2024-04-24 10:48:37 status unpacked libldap-common:all 2.6.7+dfsg-1~exp1ubuntu8
2024-04-24 10:48:37 install liblouis-data:all <none> 3.29.0-1build1
2024-04-24 10:48:37 status half-installed liblouis-data:all 3.29.0-1build1
2024-04-24 10:48:37 status unpacked liblouis-data:all 3.29.0-1build1
2024-04-24 10:48:37 install liblouis20:amd64 <none> 3.29.0-1build1
2024-04-24 10:48:37 status half-installed liblouis20:amd64 3.29.0-1build1
2024-04-24 10:48:37 status unpacked liblouis20:amd64 3.29.0-1build1
2024-04-24 10:48:37 install liblouisutdml-data:all <none> 2.12.0-3.1build1
2024-04-24 10:48:37 status half-installed liblouisutdml-data:all 2.12.0-3.1build1
2024-04-24 10:48:37 status unpacked liblouisutdml-data:all 2.12.0-3.1build1
2024-04-24 10:48:37 install liblouisutdml9t64:amd64 <none> 2.12.0-3.1build1
2024-04-24 10:48:37 status half-installed liblouisutdml9t64:amd64 2.12.0-3.1build1
2024-04-24 10:48:37 status unpacked liblouisutdml9t64:amd64 2.12.0-3.1build1
2024-04-24 10:48:37 install libnet-http-perl:all <none> 6.23-1
2024-04-24 10:48:37 status half-installed libnet-http-perl:all 6.23-1
2024-04-24 10:48:37 status unpacked libnet-http-perl:all 6.23-1
2024-04-24 10:48:37 install libtry-tiny-perl:all <none> 0.31-2
2024-04-24 10:48:37 status half-installed libtry-tiny-perl:all 0.31-2
2024-04-24 10:48:37 status unpacked libtry-tiny-perl:all 0.31-2
2024-04-24 10:48:37 install libwww-robotrules-perl:all <none> 6.02-1
2024-04-24 10:48:37 status half-installed libwww-robotrules-perl:all 6.02-1
2024-04-24 10:48:37 status unpacked libwww-robotrules-perl:all 6.02-1
2024-04-24 10:48:37 install libwww-perl:all <none> 6.76-1
2024-04-24 10:48:37 status half-installed libwww-perl:all 6.76-1
2024-04-24 10:48:38 status unpacked libwww-perl:all 6.76-1
2024-04-24 10:48:38 install liblwp-protocol-https-perl:all <none> 6.13-1
2024-04-24 10:48:38 status half-installed liblwp-protocol-https-perl:all 6.13-1
2024-04-24 10:48:38 status unpacked liblwp-protocol-https-perl:all 6.13-1
2024-04-24 10:48:38 install libnet-smtp-ssl-perl:all <none> 1.04-2
2024-04-24 10:48:38 status half-installed libnet-smtp-ssl-perl:all 1.04-2
2024-04-24 10:48:38 status unpacked libnet-smtp-ssl-perl:all 1.04-2
2024-04-24 10:48:38 install libmailtools-perl:all <none> 2.21-2
2024-04-24 10:48:38 status half-installed libmailtools-perl:all 2.21-2
2024-04-24 10:48:38 status unpacked libmailtools-perl:all 2.21-2
2024-04-24 10:48:38 install libmbim-utils:amd64 <none> 1.31.2-0ubuntu3
2024-04-24 10:48:38 status half-installed libmbim-utils:amd64 1.31.2-0ubuntu3
2024-04-24 10:48:38 status unpacked libmbim-utils:amd64 1.31.2-0ubuntu3
2024-04-24 10:48:38 install libmediaart-2.0-0:amd64 <none> 1.9.6-1build2
2024-04-24 10:48:38 status half-installed libmediaart-2.0-0:amd64 1.9.6-1build2
2024-04-24 10:48:38 status unpacked libmediaart-2.0-0:amd64 1.9.6-1build2
2024-04-24 10:48:38 install libmtp-runtime:amd64 <none> 1.1.21-3.1build1
2024-04-24 10:48:38 status half-installed libmtp-runtime:amd64 1.1.21-3.1build1
2024-04-24 10:48:38 status unpacked libmtp-runtime:amd64 1.1.21-3.1build1
2024-04-24 10:48:38 install libndp0:amd64 <none> 1.8-1fakesync1build1
2024-04-24 10:48:38 status half-installed libndp0:amd64 1.8-1fakesync1build1
2024-04-24 10:48:38 status unpacked libndp0:amd64 1.8-1fakesync1build1
2024-04-24 10:48:38 install libxml-parser-perl:amd64 <none> 2.47-1build3
2024-04-24 10:48:38 status half-installed libxml-parser-perl:amd64 2.47-1build3
2024-04-24 10:48:38 status unpacked libxml-parser-perl:amd64 2.47-1build3
2024-04-24 10:48:38 install libxml-twig-perl:all <none> 1:3.52-2
2024-04-24 10:48:38 status half-installed libxml-twig-perl:all 1:3.52-2
2024-04-24 10:48:38 status unpacked libxml-twig-perl:all 1:3.52-2
2024-04-24 10:48:38 install libnet-dbus-perl:amd64 <none> 1.2.0-2build3
2024-04-24 10:48:38 status half-installed libnet-dbus-perl:amd64 1.2.0-2build3
2024-04-24 10:48:38 status unpacked libnet-dbus-perl:amd64 1.2.0-2build3
2024-04-24 10:48:38 install libnfsidmap1:amd64 <none> 1:2.6.4-3ubuntu5
2024-04-24 10:48:38 status half-installed libnfsidmap1:amd64 1:2.6.4-3ubuntu5
2024-04-24 10:48:38 status unpacked libnfsidmap1:amd64 1:2.6.4-3ubuntu5
2024-04-24 10:48:38 install libnl-genl-3-200:amd64 <none> 3.7.0-0.3build1
2024-04-24 10:48:38 status half-installed libnl-genl-3-200:amd64 3.7.0-0.3build1
2024-04-24 10:48:38 status unpacked libnl-genl-3-200:amd64 3.7.0-0.3build1
2024-04-24 10:48:38 install libnma0:amd64 <none> 1.10.6-3build2
2024-04-24 10:48:38 status half-installed libnma0:amd64 1.10.6-3build2
2024-04-24 10:48:38 status unpacked libnma0:amd64 1.10.6-3build2
2024-04-24 10:48:38 install libnotify-bin:amd64 <none> 0.8.3-1build2
2024-04-24 10:48:38 status half-installed libnotify-bin:amd64 0.8.3-1build2
2024-04-24 10:48:38 status unpacked libnotify-bin:amd64 0.8.3-1build2
2024-04-24 10:48:38 install libnss-mdns:amd64 <none> 0.15.1-4build1
2024-04-24 10:48:38 status half-installed libnss-mdns:amd64 0.15.1-4build1
2024-04-24 10:48:38 status unpacked libnss-mdns:amd64 0.15.1-4build1
2024-04-24 10:48:38 install libpam-gnome-keyring:amd64 <none> 46.1-2build1
2024-04-24 10:48:38 status half-installed libpam-gnome-keyring:amd64 46.1-2build1
2024-04-24 10:48:38 status unpacked libpam-gnome-keyring:amd64 46.1-2build1
2024-04-24 10:48:38 install libpam-pwquality:amd64 <none> 1.4.5-3build1
2024-04-24 10:48:38 status half-installed libpam-pwquality:amd64 1.4.5-3build1
2024-04-24 10:48:38 status unpacked libpam-pwquality:amd64 1.4.5-3build1
2024-04-24 10:48:38 install libpaper-utils:amd64 <none> 1.1.29build1
2024-04-24 10:48:38 status half-installed libpaper-utils:amd64 1.1.29build1
2024-04-24 10:48:38 status unpacked libpaper-utils:amd64 1.1.29build1
2024-04-24 10:48:38 install libpcre2-32-0:amd64 <none> 10.42-4ubuntu2
2024-04-24 10:48:38 status half-installed libpcre2-32-0:amd64 10.42-4ubuntu2
2024-04-24 10:48:38 status unpacked libpcre2-32-0:amd64 10.42-4ubuntu2
2024-04-24 10:48:38 install libpcsclite1:amd64 <none> 2.0.3-1build1
2024-04-24 10:48:38 status half-installed libpcsclite1:amd64 2.0.3-1build1
2024-04-24 10:48:38 status unpacked libpcsclite1:amd64 2.0.3-1build1
2024-04-24 10:48:38 install libpipewire-0.3-common:all <none> 1.0.5-1
2024-04-24 10:48:38 status half-installed libpipewire-0.3-common:all 1.0.5-1
2024-04-24 10:48:38 status unpacked libpipewire-0.3-common:all 1.0.5-1
2024-04-24 10:48:38 install libpkcs11-helper1t64:amd64 <none> 1.29.0-2.1build2
2024-04-24 10:48:38 status half-installed libpkcs11-helper1t64:amd64 1.29.0-2.1build2
2024-04-24 10:48:38 status unpacked libpkcs11-helper1t64:amd64 1.29.0-2.1build2
2024-04-24 10:48:38 install libproxy1-plugin-gsettings:amd64 <none> 0.5.4-4build1
2024-04-24 10:48:38 status half-installed libproxy1-plugin-gsettings:amd64 0.5.4-4build1
2024-04-24 10:48:38 status unpacked libproxy1-plugin-gsettings:amd64 0.5.4-4build1
2024-04-24 10:48:38 install libproxy1-plugin-networkmanager:amd64 <none> 0.5.4-4build1
2024-04-24 10:48:38 status half-installed libproxy1-plugin-networkmanager:amd64 0.5.4-4build1
2024-04-24 10:48:38 status unpacked libproxy1-plugin-networkmanager:amd64 0.5.4-4build1
2024-04-24 10:48:38 install libqmi-utils:amd64 <none> 1.35.2-0ubuntu2
2024-04-24 10:48:38 status half-installed libqmi-utils:amd64 1.35.2-0ubuntu2
2024-04-24 10:48:38 status unpacked libqmi-utils:amd64 1.35.2-0ubuntu2
2024-04-24 10:48:38 install librygel-core-2.8-0:amd64 <none> 0.42.5-1ubuntu3
2024-04-24 10:48:38 status half-installed librygel-core-2.8-0:amd64 0.42.5-1ubuntu3
2024-04-24 10:48:38 status unpacked librygel-core-2.8-0:amd64 0.42.5-1ubuntu3
2024-04-24 10:48:38 install librygel-db-2.8-0:amd64 <none> 0.42.5-1ubuntu3
2024-04-24 10:48:38 status half-installed librygel-db-2.8-0:amd64 0.42.5-1ubuntu3
2024-04-24 10:48:38 status unpacked librygel-db-2.8-0:amd64 0.42.5-1ubuntu3
2024-04-24 10:48:38 install librygel-renderer-2.8-0:amd64 <none> 0.42.5-1ubuntu3
2024-04-24 10:48:38 status half-installed librygel-renderer-2.8-0:amd64 0.42.5-1ubuntu3
2024-04-24 10:48:38 status unpacked librygel-renderer-2.8-0:amd64 0.42.5-1ubuntu3
2024-04-24 10:48:38 install librygel-server-2.8-0:amd64 <none> 0.42.5-1ubuntu3
2024-04-24 10:48:38 status half-installed librygel-server-2.8-0:amd64 0.42.5-1ubuntu3
2024-04-24 10:48:38 status unpacked librygel-server-2.8-0:amd64 0.42.5-1ubuntu3
2024-04-24 10:48:38 install libsasl2-modules:amd64 <none> 2.1.28+dfsg1-5ubuntu3
2024-04-24 10:48:38 status half-installed libsasl2-modules:amd64 2.1.28+dfsg1-5ubuntu3
2024-04-24 10:48:38 status unpacked libsasl2-modules:amd64 2.1.28+dfsg1-5ubuntu3
2024-04-24 10:48:38 install libsasl2-modules-gssapi-mit:amd64 <none> 2.1.28+dfsg1-5ubuntu3
2024-04-24 10:48:38 status half-installed libsasl2-modules-gssapi-mit:amd64 2.1.28+dfsg1-5ubuntu3
2024-04-24 10:48:39 status unpacked libsasl2-modules-gssapi-mit:amd64 2.1.28+dfsg1-5ubuntu3
2024-04-24 10:48:39 install libtcl8.6:amd64 <none> 8.6.14+dfsg-1build1
2024-04-24 10:48:39 status half-installed libtcl8.6:amd64 8.6.14+dfsg-1build1
2024-04-24 10:48:39 status unpacked libtcl8.6:amd64 8.6.14+dfsg-1build1
2024-04-24 10:48:39 install libteamdctl0:amd64 <none> 1.31-1build3
2024-04-24 10:48:39 status half-installed libteamdctl0:amd64 1.31-1build3
2024-04-24 10:48:39 status unpacked libteamdctl0:amd64 1.31-1build3
2024-04-24 10:48:39 install libtie-ixhash-perl:all <none> 1.23-4
2024-04-24 10:48:39 status half-installed libtie-ixhash-perl:all 1.23-4
2024-04-24 10:48:39 status unpacked libtie-ixhash-perl:all 1.23-4
2024-04-24 10:48:39 install libu2f-udev:all <none> 1.1.10-3build3
2024-04-24 10:48:39 status half-installed libu2f-udev:all 1.1.10-3build3
2024-04-24 10:48:39 status unpacked libu2f-udev:all 1.1.10-3build3
2024-04-24 10:48:39 install libwmflite-0.2-7:amd64 <none> 0.2.13-1.1build3
2024-04-24 10:48:39 status half-installed libwmflite-0.2-7:amd64 0.2.13-1.1build3
2024-04-24 10:48:39 status unpacked libwmflite-0.2-7:amd64 0.2.13-1.1build3
2024-04-24 10:48:39 install libwmf-0.2-7:amd64 <none> 0.2.13-1.1build3
2024-04-24 10:48:39 status half-installed libwmf-0.2-7:amd64 0.2.13-1.1build3
2024-04-24 10:48:39 status unpacked libwmf-0.2-7:amd64 0.2.13-1.1build3
2024-04-24 10:48:39 install libwmf-0.2-7-gtk:amd64 <none> 0.2.13-1.1build3
2024-04-24 10:48:39 status half-installed libwmf-0.2-7-gtk:amd64 0.2.13-1.1build3
2024-04-24 10:48:39 status unpacked libwmf-0.2-7-gtk:amd64 0.2.13-1.1build3
2024-04-24 10:48:39 install libwmf0.2-7-gtk:amd64 <none> 0.2.13-1.1build3
2024-04-24 10:48:39 status half-installed libwmf0.2-7-gtk:amd64 0.2.13-1.1build3
2024-04-24 10:48:39 status unpacked libwmf0.2-7-gtk:amd64 0.2.13-1.1build3
2024-04-24 10:48:39 install libx11-protocol-perl:all <none> 0.56-9
2024-04-24 10:48:39 status half-installed libx11-protocol-perl:all 0.56-9
2024-04-24 10:48:39 status unpacked libx11-protocol-perl:all 0.56-9
2024-04-24 10:48:39 install libxatracker2:amd64 <none> 24.0.5-1ubuntu1
2024-04-24 10:48:39 status half-installed libxatracker2:amd64 24.0.5-1ubuntu1
2024-04-24 10:48:39 status unpacked libxatracker2:amd64 24.0.5-1ubuntu1
2024-04-24 10:48:39 install libxcb-damage0:amd64 <none> 1.15-1ubuntu2
2024-04-24 10:48:39 status half-installed libxcb-damage0:amd64 1.15-1ubuntu2
2024-04-24 10:48:39 status unpacked libxcb-damage0:amd64 1.15-1ubuntu2
2024-04-24 10:48:39 install libxcb-shape0:amd64 <none> 1.15-1ubuntu2
2024-04-24 10:48:39 status half-installed libxcb-shape0:amd64 1.15-1ubuntu2
2024-04-24 10:48:39 status unpacked libxcb-shape0:amd64 1.15-1ubuntu2
2024-04-24 10:48:39 install libxcb-xv0:amd64 <none> 1.15-1ubuntu2
2024-04-24 10:48:39 status half-installed libxcb-xv0:amd64 1.15-1ubuntu2
2024-04-24 10:48:39 status unpacked libxcb-xv0:amd64 1.15-1ubuntu2
2024-04-24 10:48:39 install libxml-xpathengine-perl:all <none> 0.14-2
2024-04-24 10:48:39 status half-installed libxml-xpathengine-perl:all 0.14-2
2024-04-24 10:48:39 status unpacked libxml-xpathengine-perl:all 0.14-2
2024-04-24 10:48:39 install libxss1:amd64 <none> 1:1.2.3-1build3
2024-04-24 10:48:39 status half-installed libxss1:amd64 1:1.2.3-1build3
2024-04-24 10:48:39 status unpacked libxss1:amd64 1:1.2.3-1build3
2024-04-24 10:48:39 install libxvmc1:amd64 <none> 2:1.0.12-2build3
2024-04-24 10:48:39 status half-installed libxvmc1:amd64 2:1.0.12-2build3
2024-04-24 10:48:39 status unpacked libxvmc1:amd64 2:1.0.12-2build3
2024-04-24 10:48:39 install libxxf86dga1:amd64 <none> 2:1.1.5-1build1
2024-04-24 10:48:39 status half-installed libxxf86dga1:amd64 2:1.1.5-1build1
2024-04-24 10:48:39 status unpacked libxxf86dga1:amd64 2:1.1.5-1build1
2024-04-24 10:48:39 install memtest86+:amd64 <none> 7.00-1build1
2024-04-24 10:48:39 status half-installed memtest86+:amd64 7.00-1build1
2024-04-24 10:48:39 status unpacked memtest86+:amd64 7.00-1build1
2024-04-24 10:48:39 install mesa-vulkan-drivers:amd64 <none> 24.0.5-1ubuntu1
2024-04-24 10:48:39 status half-installed mesa-vulkan-drivers:amd64 24.0.5-1ubuntu1
2024-04-24 10:48:40 status unpacked mesa-vulkan-drivers:amd64 24.0.5-1ubuntu1
2024-04-24 10:48:40 install modemmanager:amd64 <none> 1.23.4-0ubuntu2
2024-04-24 10:48:40 status half-installed modemmanager:amd64 1.23.4-0ubuntu2
2024-04-24 10:48:40 status unpacked modemmanager:amd64 1.23.4-0ubuntu2
2024-04-24 10:48:40 install mousetweaks:amd64 <none> 3.32.0-4build2
2024-04-24 10:48:40 status half-installed mousetweaks:amd64 3.32.0-4build2
2024-04-24 10:48:40 status unpacked mousetweaks:amd64 3.32.0-4build2
2024-04-24 10:48:40 install nautilus-extension-gnome-terminal:amd64 <none> 3.52.0-1ubuntu2
2024-04-24 10:48:40 status half-installed nautilus-extension-gnome-terminal:amd64 3.52.0-1ubuntu2
2024-04-24 10:48:40 status unpacked nautilus-extension-gnome-terminal:amd64 3.52.0-1ubuntu2
2024-04-24 10:48:40 install nautilus-sendto:amd64 <none> 3.8.6-7build2
2024-04-24 10:48:40 status half-installed nautilus-sendto:amd64 3.8.6-7build2
2024-04-24 10:48:40 status unpacked nautilus-sendto:amd64 3.8.6-7build2
2024-04-24 10:48:40 install network-manager:amd64 <none> 1.46.0-1ubuntu2
2024-04-24 10:48:40 status half-installed network-manager:amd64 1.46.0-1ubuntu2
2024-04-24 10:48:40 status unpacked network-manager:amd64 1.46.0-1ubuntu2
2024-04-24 10:48:40 install network-manager-config-connectivity-ubuntu:all <none> 1.46.0-1ubuntu2
2024-04-24 10:48:40 status half-installed network-manager-config-connectivity-ubuntu:all 1.46.0-1ubuntu2
2024-04-24 10:48:40 status unpacked network-manager-config-connectivity-ubuntu:all 1.46.0-1ubuntu2
2024-04-24 10:48:40 install network-manager-gnome:amd64 <none> 1.34.0-1ubuntu3
2024-04-24 10:48:40 status half-installed network-manager-gnome:amd64 1.34.0-1ubuntu3
2024-04-24 10:48:40 status unpacked network-manager-gnome:amd64 1.34.0-1ubuntu3
2024-04-24 10:48:40 install openvpn:amd64 <none> 2.6.9-1ubuntu4
2024-04-24 10:48:40 status half-installed openvpn:amd64 2.6.9-1ubuntu4
2024-04-24 10:48:40 status unpacked openvpn:amd64 2.6.9-1ubuntu4
2024-04-24 10:48:40 install network-manager-openvpn:amd64 <none> 1.10.2-4build2
2024-04-24 10:48:40 status half-installed network-manager-openvpn:amd64 1.10.2-4build2
2024-04-24 10:48:40 status unpacked network-manager-openvpn:amd64 1.10.2-4build2
2024-04-24 10:48:40 install network-manager-openvpn-gnome:amd64 <none> 1.10.2-4build2
2024-04-24 10:48:40 status half-installed network-manager-openvpn-gnome:amd64 1.10.2-4build2
2024-04-24 10:48:40 status unpacked network-manager-openvpn-gnome:amd64 1.10.2-4build2
2024-04-24 10:48:40 install ppp:amd64 <none> 2.4.9-1+1.1ubuntu4
2024-04-24 10:48:40 status half-installed ppp:amd64 2.4.9-1+1.1ubuntu4
2024-04-24 10:48:40 status unpacked ppp:amd64 2.4.9-1+1.1ubuntu4
2024-04-24 10:48:40 install pptp-linux:amd64 <none> 1.10.0-1build4
2024-04-24 10:48:40 status half-installed pptp-linux:amd64 1.10.0-1build4
2024-04-24 10:48:40 status unpacked pptp-linux:amd64 1.10.0-1build4
2024-04-24 10:48:40 install network-manager-pptp:amd64 <none> 1.2.12-3build2
2024-04-24 10:48:40 status half-installed network-manager-pptp:amd64 1.2.12-3build2
2024-04-24 10:48:40 status unpacked network-manager-pptp:amd64 1.2.12-3build2
2024-04-24 10:48:40 install network-manager-pptp-gnome:amd64 <none> 1.2.12-3build2
2024-04-24 10:48:40 status half-installed network-manager-pptp-gnome:amd64 1.2.12-3build2
2024-04-24 10:48:40 status unpacked network-manager-pptp-gnome:amd64 1.2.12-3build2
2024-04-24 10:48:40 install openprinting-ppds:all <none> 20230202-1
2024-04-24 10:48:40 status half-installed openprinting-ppds:all 20230202-1
2024-04-24 10:48:40 status unpacked openprinting-ppds:all 20230202-1
2024-04-24 10:48:40 install python3-brlapi:amd64 <none> 6.6-4ubuntu5
2024-04-24 10:48:40 status half-installed python3-brlapi:amd64 6.6-4ubuntu5
2024-04-24 10:48:40 status unpacked python3-brlapi:amd64 6.6-4ubuntu5
2024-04-24 10:48:40 install python3-cairo:amd64 <none> 1.25.1-2build2
2024-04-24 10:48:40 status half-installed python3-cairo:amd64 1.25.1-2build2
2024-04-24 10:48:40 status unpacked python3-cairo:amd64 1.25.1-2build2
2024-04-24 10:48:40 install python3-louis:all <none> 3.29.0-1build1
2024-04-24 10:48:40 status half-installed python3-louis:all 3.29.0-1build1
2024-04-24 10:48:40 status unpacked python3-louis:all 3.29.0-1build1
2024-04-24 10:48:40 install python3-xdg:all <none> 0.28-2
2024-04-24 10:48:40 status half-installed python3-xdg:all 0.28-2
2024-04-24 10:48:40 status unpacked python3-xdg:all 0.28-2
2024-04-24 10:48:41 install python3-speechd:all <none> 0.12.0~rc2-2build3
2024-04-24 10:48:41 status half-installed python3-speechd:all 0.12.0~rc2-2build3
2024-04-24 10:48:41 status unpacked python3-speechd:all 0.12.0~rc2-2build3
2024-04-24 10:48:41 install speech-dispatcher-audio-plugins:amd64 <none> 0.12.0~rc2-2build3
2024-04-24 10:48:41 status half-installed speech-dispatcher-audio-plugins:amd64 0.12.0~rc2-2build3
2024-04-24 10:48:41 status unpacked speech-dispatcher-audio-plugins:amd64 0.12.0~rc2-2build3
2024-04-24 10:48:41 install libspeechd2:amd64 <none> 0.12.0~rc2-2build3
2024-04-24 10:48:41 status half-installed libspeechd2:amd64 0.12.0~rc2-2build3
2024-04-24 10:48:41 status unpacked libspeechd2:amd64 0.12.0~rc2-2build3
2024-04-24 10:48:41 install speech-dispatcher:amd64 <none> 0.12.0~rc2-2build3
2024-04-24 10:48:41 status half-installed speech-dispatcher:amd64 0.12.0~rc2-2build3
2024-04-24 10:48:41 status unpacked speech-dispatcher:amd64 0.12.0~rc2-2build3
2024-04-24 10:48:41 install orca:all <none> 46.1-1ubuntu1
2024-04-24 10:48:41 status half-installed orca:all 46.1-1ubuntu1
2024-04-24 10:48:41 status unpacked orca:all 46.1-1ubuntu1
2024-04-24 10:48:41 install os-prober:amd64 <none> 1.81ubuntu4
2024-04-24 10:48:41 status half-installed os-prober:amd64 1.81ubuntu4
2024-04-24 10:48:41 status unpacked os-prober:amd64 1.81ubuntu4
2024-04-24 10:48:41 install packagekit-tools:amd64 <none> 1.2.8-2build3
2024-04-24 10:48:41 status half-installed packagekit-tools:amd64 1.2.8-2build3
2024-04-24 10:48:41 status unpacked packagekit-tools:amd64 1.2.8-2build3
2024-04-24 10:48:41 install pcmciautils:amd64 <none> 018-14build1
2024-04-24 10:48:41 status half-installed pcmciautils:amd64 018-14build1
2024-04-24 10:48:41 status unpacked pcmciautils:amd64 018-14build1
2024-04-24 10:48:41 install plymouth-label:amd64 <none> 24.004.60-1ubuntu7
2024-04-24 10:48:41 status half-installed plymouth-label:amd64 24.004.60-1ubuntu7
2024-04-24 10:48:41 status unpacked plymouth-label:amd64 24.004.60-1ubuntu7
2024-04-24 10:48:41 install plymouth-theme-spinner:amd64 <none> 24.004.60-1ubuntu7
2024-04-24 10:48:41 status half-installed plymouth-theme-spinner:amd64 24.004.60-1ubuntu7
2024-04-24 10:48:41 status unpacked plymouth-theme-spinner:amd64 24.004.60-1ubuntu7
2024-04-24 10:48:41 install policykit-desktop-privileges:all <none> 0.22
2024-04-24 10:48:41 status half-installed policykit-desktop-privileges:all 0.22
2024-04-24 10:48:41 status unpacked policykit-desktop-privileges:all 0.22
2024-04-24 10:48:41 install power-profiles-daemon:amd64 <none> 0.21-1
2024-04-24 10:48:41 status half-installed power-profiles-daemon:amd64 0.21-1
2024-04-24 10:48:41 status unpacked power-profiles-daemon:amd64 0.21-1
2024-04-24 10:48:41 install printer-driver-brlaser:amd64 <none> 6-3build2
2024-04-24 10:48:41 status half-installed printer-driver-brlaser:amd64 6-3build2
2024-04-24 10:48:41 status unpacked printer-driver-brlaser:amd64 6-3build2
2024-04-24 10:48:41 install printer-driver-c2esp:amd64 <none> 27-11ubuntu7
2024-04-24 10:48:41 status half-installed printer-driver-c2esp:amd64 27-11ubuntu7
2024-04-24 10:48:41 status unpacked printer-driver-c2esp:amd64 27-11ubuntu7
2024-04-24 10:48:41 install printer-driver-foo2zjs-common:all <none> 20200505dfsg0-2ubuntu6
2024-04-24 10:48:41 status half-installed printer-driver-foo2zjs-common:all 20200505dfsg0-2ubuntu6
2024-04-24 10:48:41 status unpacked printer-driver-foo2zjs-common:all 20200505dfsg0-2ubuntu6
2024-04-24 10:48:41 install mscompress:amd64 <none> 0.4-10build1
2024-04-24 10:48:41 status half-installed mscompress:amd64 0.4-10build1
2024-04-24 10:48:41 status unpacked mscompress:amd64 0.4-10build1
2024-04-24 10:48:41 install printer-driver-foo2zjs:amd64 <none> 20200505dfsg0-2ubuntu6
2024-04-24 10:48:41 status half-installed printer-driver-foo2zjs:amd64 20200505dfsg0-2ubuntu6
2024-04-24 10:48:41 status unpacked printer-driver-foo2zjs:amd64 20200505dfsg0-2ubuntu6
2024-04-24 10:48:41 install printer-driver-m2300w:amd64 <none> 0.51-15build2
2024-04-24 10:48:41 status half-installed printer-driver-m2300w:amd64 0.51-15build2
2024-04-24 10:48:41 status unpacked printer-driver-m2300w:amd64 0.51-15build2
2024-04-24 10:48:41 install printer-driver-min12xxw:amd64 <none> 0.0.9-11build3
2024-04-24 10:48:41 status half-installed printer-driver-min12xxw:amd64 0.0.9-11build3
2024-04-24 10:48:41 status unpacked printer-driver-min12xxw:amd64 0.0.9-11build3
2024-04-24 10:48:41 install printer-driver-pnm2ppa:amd64 <none> 1.13+nondbs-0ubuntu10
2024-04-24 10:48:41 status half-installed printer-driver-pnm2ppa:amd64 1.13+nondbs-0ubuntu10
2024-04-24 10:48:42 status unpacked printer-driver-pnm2ppa:amd64 1.13+nondbs-0ubuntu10
2024-04-24 10:48:42 install printer-driver-postscript-hp:amd64 <none> 3.23.12+dfsg0-0ubuntu5
2024-04-24 10:48:42 status half-installed printer-driver-postscript-hp:amd64 3.23.12+dfsg0-0ubuntu5
2024-04-24 10:48:42 status unpacked printer-driver-postscript-hp:amd64 3.23.12+dfsg0-0ubuntu5
2024-04-24 10:48:42 install printer-driver-ptouch:amd64 <none> 1.7-1build2
2024-04-24 10:48:42 status half-installed printer-driver-ptouch:amd64 1.7-1build2
2024-04-24 10:48:42 status unpacked printer-driver-ptouch:amd64 1.7-1build2
2024-04-24 10:48:42 install printer-driver-pxljr:amd64 <none> 1.4+repack0-6build2
2024-04-24 10:48:42 status half-installed printer-driver-pxljr:amd64 1.4+repack0-6build2
2024-04-24 10:48:42 status unpacked printer-driver-pxljr:amd64 1.4+repack0-6build2
2024-04-24 10:48:42 install printer-driver-sag-gdi:all <none> 0.1-8
2024-04-24 10:48:42 status half-installed printer-driver-sag-gdi:all 0.1-8
2024-04-24 10:48:42 status unpacked printer-driver-sag-gdi:all 0.1-8
2024-04-24 10:48:42 install printer-driver-splix:amd64 <none> 2.0.0+svn315-7fakesync1ubuntu1
2024-04-24 10:48:42 status half-installed printer-driver-splix:amd64 2.0.0+svn315-7fakesync1ubuntu1
2024-04-24 10:48:42 status unpacked printer-driver-splix:amd64 2.0.0+svn315-7fakesync1ubuntu1
2024-04-24 10:48:42 install python-babel-localedata:all <none> 2.10.3-3build1
2024-04-24 10:48:42 status half-installed python-babel-localedata:all 2.10.3-3build1
2024-04-24 10:48:42 status unpacked python-babel-localedata:all 2.10.3-3build1
2024-04-24 10:48:42 install python3-attr:all <none> 23.2.0-2
2024-04-24 10:48:42 status half-installed python3-attr:all 23.2.0-2
2024-04-24 10:48:42 status unpacked python3-attr:all 23.2.0-2
2024-04-24 10:48:42 install python3-tz:all <none> 2024.1-2
2024-04-24 10:48:42 status half-installed python3-tz:all 2024.1-2
2024-04-24 10:48:42 status unpacked python3-tz:all 2024.1-2
2024-04-24 10:48:42 install python3-babel:all <none> 2.10.3-3build1
2024-04-24 10:48:42 status half-installed python3-babel:all 2.10.3-3build1
2024-04-24 10:48:42 status unpacked python3-babel:all 2.10.3-3build1
2024-04-24 10:48:42 install python3-configobj:all <none> 5.0.8-3
2024-04-24 10:48:42 status half-installed python3-configobj:all 5.0.8-3
2024-04-24 10:48:42 status unpacked python3-configobj:all 5.0.8-3
2024-04-24 10:48:42 install python3-cups:amd64 <none> 2.0.1-5build6
2024-04-24 10:48:42 status half-installed python3-cups:amd64 2.0.1-5build6
2024-04-24 10:48:42 status unpacked python3-cups:amd64 2.0.1-5build6
2024-04-24 10:48:42 install python3-cupshelpers:all <none> 1.5.18-1ubuntu9
2024-04-24 10:48:42 status half-installed python3-cupshelpers:all 1.5.18-1ubuntu9
2024-04-24 10:48:42 status unpacked python3-cupshelpers:all 1.5.18-1ubuntu9
2024-04-24 10:48:42 install python3-dateutil:all <none> 2.8.2-3ubuntu1
2024-04-24 10:48:42 status half-installed python3-dateutil:all 2.8.2-3ubuntu1
2024-04-24 10:48:42 status unpacked python3-dateutil:all 2.8.2-3ubuntu1
2024-04-24 10:48:42 install python3-markupsafe:amd64 <none> 2.1.5-1build2
2024-04-24 10:48:42 status half-installed python3-markupsafe:amd64 2.1.5-1build2
2024-04-24 10:48:42 status unpacked python3-markupsafe:amd64 2.1.5-1build2
2024-04-24 10:48:42 install python3-jinja2:all <none> 3.1.2-1ubuntu1
2024-04-24 10:48:42 status half-installed python3-jinja2:all 3.1.2-1ubuntu1
2024-04-24 10:48:42 status unpacked python3-jinja2:all 3.1.2-1ubuntu1
2024-04-24 10:48:42 install python3-json-pointer:all <none> 2.0-0ubuntu1
2024-04-24 10:48:42 status half-installed python3-json-pointer:all 2.0-0ubuntu1
2024-04-24 10:48:42 status unpacked python3-json-pointer:all 2.0-0ubuntu1
2024-04-24 10:48:42 install python3-jsonpatch:all <none> 1.32-3
2024-04-24 10:48:42 status half-installed python3-jsonpatch:all 1.32-3
2024-04-24 10:48:42 status unpacked python3-jsonpatch:all 1.32-3
2024-04-24 10:48:42 install python3-pyrsistent:amd64 <none> 0.20.0-1build2
2024-04-24 10:48:42 status half-installed python3-pyrsistent:amd64 0.20.0-1build2
2024-04-24 10:48:42 status unpacked python3-pyrsistent:amd64 0.20.0-1build2
2024-04-24 10:48:42 install python3-jsonschema:all <none> 4.10.3-2ubuntu1
2024-04-24 10:48:42 status half-installed python3-jsonschema:all 4.10.3-2ubuntu1
2024-04-24 10:48:42 status unpacked python3-jsonschema:all 4.10.3-2ubuntu1
2024-04-24 10:48:42 install python3-olefile:all <none> 0.46-3
2024-04-24 10:48:42 status half-installed python3-olefile:all 0.46-3
2024-04-24 10:48:42 status unpacked python3-olefile:all 0.46-3
2024-04-24 10:48:42 install python3-serial:all <none> 3.5-2
2024-04-24 10:48:42 status half-installed python3-serial:all 3.5-2
2024-04-24 10:48:42 status unpacked python3-serial:all 3.5-2
2024-04-24 10:48:42 install python3-software-properties:all <none> 0.99.48
2024-04-24 10:48:42 status half-installed python3-software-properties:all 0.99.48
2024-04-24 10:48:42 status unpacked python3-software-properties:all 0.99.48
2024-04-24 10:48:42 install python3-systemd:amd64 <none> 235-1build4
2024-04-24 10:48:42 status half-installed python3-systemd:amd64 235-1build4
2024-04-24 10:48:42 status unpacked python3-systemd:amd64 235-1build4
2024-04-24 10:48:43 install rfkill:amd64 <none> 2.39.3-9ubuntu6
2024-04-24 10:48:43 status half-installed rfkill:amd64 2.39.3-9ubuntu6
2024-04-24 10:48:43 status unpacked rfkill:amd64 2.39.3-9ubuntu6
2024-04-24 10:48:43 install rtkit:amd64 <none> 0.13-5build1
2024-04-24 10:48:43 status half-installed rtkit:amd64 0.13-5build1
2024-04-24 10:48:43 status unpacked rtkit:amd64 0.13-5build1
2024-04-24 10:48:43 install sane-airscan:amd64 <none> 0.99.29-0ubuntu4
2024-04-24 10:48:43 status half-installed sane-airscan:amd64 0.99.29-0ubuntu4
2024-04-24 10:48:43 status unpacked sane-airscan:amd64 0.99.29-0ubuntu4
2024-04-24 10:48:43 install sbsigntool:amd64 <none> 0.9.4-3.1ubuntu7
2024-04-24 10:48:43 status half-installed sbsigntool:amd64 0.9.4-3.1ubuntu7
2024-04-24 10:48:43 status unpacked sbsigntool:amd64 0.9.4-3.1ubuntu7
2024-04-24 10:48:43 install seahorse:amd64 <none> 43.0-3build2
2024-04-24 10:48:43 status half-installed seahorse:amd64 43.0-3build2
2024-04-24 10:48:43 status unpacked seahorse:amd64 43.0-3build2
2024-04-24 10:48:43 install secureboot-db:amd64 <none> 1.9build1
2024-04-24 10:48:43 status half-installed secureboot-db:amd64 1.9build1
2024-04-24 10:48:43 status unpacked secureboot-db:amd64 1.9build1
2024-04-24 10:48:43 install software-properties-common:all <none> 0.99.48
2024-04-24 10:48:43 status half-installed software-properties-common:all 0.99.48
2024-04-24 10:48:43 status unpacked software-properties-common:all 0.99.48
2024-04-24 10:48:43 install ubuntu-advantage-desktop-daemon:amd64 <none> 1.11
2024-04-24 10:48:43 status half-installed ubuntu-advantage-desktop-daemon:amd64 1.11
2024-04-24 10:48:43 status unpacked ubuntu-advantage-desktop-daemon:amd64 1.11
2024-04-24 10:48:43 install software-properties-gtk:all <none> 0.99.48
2024-04-24 10:48:43 status half-installed software-properties-gtk:all 0.99.48
2024-04-24 10:48:43 status unpacked software-properties-gtk:all 0.99.48
2024-04-24 10:48:43 install sound-icons:all <none> 0.1-8
2024-04-24 10:48:43 status half-installed sound-icons:all 0.1-8
2024-04-24 10:48:43 status unpacked sound-icons:all 0.1-8
2024-04-24 10:48:43 install speech-dispatcher-espeak-ng:amd64 <none> 0.12.0~rc2-2build3
2024-04-24 10:48:43 status half-installed speech-dispatcher-espeak-ng:amd64 0.12.0~rc2-2build3
2024-04-24 10:48:43 status unpacked speech-dispatcher-espeak-ng:amd64 0.12.0~rc2-2build3
2024-04-24 10:48:43 install switcheroo-control:amd64 <none> 2.6-2build2
2024-04-24 10:48:43 status half-installed switcheroo-control:amd64 2.6-2build2
2024-04-24 10:48:43 status unpacked switcheroo-control:amd64 2.6-2build2
2024-04-24 10:48:43 install system-config-printer-common:all <none> 1.5.18-1ubuntu9
2024-04-24 10:48:43 status half-installed system-config-printer-common:all 1.5.18-1ubuntu9
2024-04-24 10:48:43 status unpacked system-config-printer-common:all 1.5.18-1ubuntu9
2024-04-24 10:48:43 install system-config-printer-udev:amd64 <none> 1.5.18-1ubuntu9
2024-04-24 10:48:43 status half-installed system-config-printer-udev:amd64 1.5.18-1ubuntu9
2024-04-24 10:48:43 status unpacked system-config-printer-udev:amd64 1.5.18-1ubuntu9
2024-04-24 10:48:43 install systemd-oomd:amd64 <none> 255.4-1ubuntu8
2024-04-24 10:48:43 status half-installed systemd-oomd:amd64 255.4-1ubuntu8
2024-04-24 10:48:43 status unpacked systemd-oomd:amd64 255.4-1ubuntu8
2024-04-24 10:48:43 install tcl8.6:amd64 <none> 8.6.14+dfsg-1build1
2024-04-24 10:48:43 status half-installed tcl8.6:amd64 8.6.14+dfsg-1build1
2024-04-24 10:48:43 status unpacked tcl8.6:amd64 8.6.14+dfsg-1build1
2024-04-24 10:48:43 install tcl:amd64 <none> 8.6.14build1
2024-04-24 10:48:43 status half-installed tcl:amd64 8.6.14build1
2024-04-24 10:48:43 status unpacked tcl:amd64 8.6.14build1
2024-04-24 10:48:43 install inputattach:amd64 <none> 1:1.8.1-2build1
2024-04-24 10:48:43 status half-installed inputattach:amd64 1:1.8.1-2build1
2024-04-24 10:48:43 status unpacked inputattach:amd64 1:1.8.1-2build1
2024-04-24 10:48:43 install update-notifier:amd64 <none> 3.192.68build3
2024-04-24 10:48:43 status half-installed update-notifier:amd64 3.192.68build3
2024-04-24 10:48:43 status unpacked update-notifier:amd64 3.192.68build3
2024-04-24 10:48:43 install update-manager:all <none> 1:24.04.6
2024-04-24 10:48:43 status half-installed update-manager:all 1:24.04.6
2024-04-24 10:48:43 status unpacked update-manager:all 1:24.04.6
2024-04-24 10:48:43 install ubuntu-release-upgrader-gtk:all <none> 1:24.04.16
2024-04-24 10:48:43 status half-installed ubuntu-release-upgrader-gtk:all 1:24.04.16
2024-04-24 10:48:43 status unpacked ubuntu-release-upgrader-gtk:all 1:24.04.16
2024-04-24 10:48:43 install ubuntu-settings:all <none> 24.04.3
2024-04-24 10:48:43 status half-installed ubuntu-settings:all 24.04.3
2024-04-24 10:48:43 status unpacked ubuntu-settings:all 24.04.3
2024-04-24 10:48:43 install unzip:amd64 <none> 6.0-28ubuntu4
2024-04-24 10:48:43 status half-installed unzip:amd64 6.0-28ubuntu4
2024-04-24 10:48:43 status unpacked unzip:amd64 6.0-28ubuntu4
2024-04-24 10:48:44 install wireless-tools:amd64 <none> 30~pre9-16.1ubuntu2
2024-04-24 10:48:44 status half-installed wireless-tools:amd64 30~pre9-16.1ubuntu2
2024-04-24 10:48:44 status unpacked wireless-tools:amd64 30~pre9-16.1ubuntu2
2024-04-24 10:48:44 install wpasupplicant:amd64 <none> 2:2.10-21build4
2024-04-24 10:48:44 status half-installed wpasupplicant:amd64 2:2.10-21build4
2024-04-24 10:48:44 status unpacked wpasupplicant:amd64 2:2.10-21build4
2024-04-24 10:48:44 install xdg-user-dirs-gtk:amd64 <none> 0.11-1build2
2024-04-24 10:48:44 status half-installed xdg-user-dirs-gtk:amd64 0.11-1build2
2024-04-24 10:48:44 status unpacked xdg-user-dirs-gtk:amd64 0.11-1build2
2024-04-24 10:48:44 install xserver-xorg-core:amd64 <none> 2:21.1.12-1ubuntu1
2024-04-24 10:48:44 status half-installed xserver-xorg-core:amd64 2:21.1.12-1ubuntu1
2024-04-24 10:48:44 status unpacked xserver-xorg-core:amd64 2:21.1.12-1ubuntu1
2024-04-24 10:48:44 install xserver-xorg-input-libinput:amd64 <none> 1.4.0-1build1
2024-04-24 10:48:44 status half-installed xserver-xorg-input-libinput:amd64 1.4.0-1build1
2024-04-24 10:48:44 status unpacked xserver-xorg-input-libinput:amd64 1.4.0-1build1
2024-04-24 10:48:44 install xserver-xorg-input-all:amd64 <none> 1:7.7+23ubuntu3
2024-04-24 10:48:44 status half-installed xserver-xorg-input-all:amd64 1:7.7+23ubuntu3
2024-04-24 10:48:44 status unpacked xserver-xorg-input-all:amd64 1:7.7+23ubuntu3
2024-04-24 10:48:44 install xserver-xorg-input-wacom:amd64 <none> 1:1.2.0-1ubuntu2
2024-04-24 10:48:44 status half-installed xserver-xorg-input-wacom:amd64 1:1.2.0-1ubuntu2
2024-04-24 10:48:44 status unpacked xserver-xorg-input-wacom:amd64 1:1.2.0-1ubuntu2
2024-04-24 10:48:44 install xserver-xorg:amd64 <none> 1:7.7+23ubuntu3
2024-04-24 10:48:44 status half-installed xserver-xorg:amd64 1:7.7+23ubuntu3
2024-04-24 10:48:44 status unpacked xserver-xorg:amd64 1:7.7+23ubuntu3
2024-04-24 10:48:44 install libopengl0:amd64 <none> 1.7.0-1build1
2024-04-24 10:48:44 status half-installed libopengl0:amd64 1.7.0-1build1
2024-04-24 10:48:44 status unpacked libopengl0:amd64 1.7.0-1build1
2024-04-24 10:48:44 install libglu1-mesa:amd64 <none> 9.0.2-1.1build1
2024-04-24 10:48:44 status half-installed libglu1-mesa:amd64 9.0.2-1.1build1
2024-04-24 10:48:44 status unpacked libglu1-mesa:amd64 9.0.2-1.1build1
2024-04-24 10:48:44 install xfonts-base:all <none> 1:1.0.5+nmu1
2024-04-24 10:48:44 status half-installed xfonts-base:all 1:1.0.5+nmu1
2024-04-24 10:48:44 status unpacked xfonts-base:all 1:1.0.5+nmu1
2024-04-24 10:48:44 install x11-apps:amd64 <none> 7.7+11build3
2024-04-24 10:48:44 status half-installed x11-apps:amd64 7.7+11build3
2024-04-24 10:48:44 status unpacked x11-apps:amd64 7.7+11build3
2024-04-24 10:48:44 install x11-session-utils:amd64 <none> 7.7+6build2
2024-04-24 10:48:44 status half-installed x11-session-utils:amd64 7.7+6build2
2024-04-24 10:48:44 status unpacked x11-session-utils:amd64 7.7+6build2
2024-04-24 10:48:44 install x11-utils:amd64 <none> 7.7+6build2
2024-04-24 10:48:44 status half-installed x11-utils:amd64 7.7+6build2
2024-04-24 10:48:44 status unpacked x11-utils:amd64 7.7+6build2
2024-04-24 10:48:44 install xinit:amd64 <none> 1.4.1-0ubuntu5
2024-04-24 10:48:44 status half-installed xinit:amd64 1.4.1-0ubuntu5
2024-04-24 10:48:44 status unpacked xinit:amd64 1.4.1-0ubuntu5
2024-04-24 10:48:44 install xorg-docs-core:all <none> 1:1.7.1-1.2
2024-04-24 10:48:44 status half-installed xorg-docs-core:all 1:1.7.1-1.2
2024-04-24 10:48:44 status unpacked xorg-docs-core:all 1:1.7.1-1.2
2024-04-24 10:48:44 install xinput:amd64 <none> 1.6.4-1build1
2024-04-24 10:48:44 status half-installed xinput:amd64 1.6.4-1build1
2024-04-24 10:48:44 status unpacked xinput:amd64 1.6.4-1build1
2024-04-24 10:48:44 install xorg:amd64 <none> 1:7.7+23ubuntu3
2024-04-24 10:48:44 status half-installed xorg:amd64 1:7.7+23ubuntu3
2024-04-24 10:48:44 status unpacked xorg:amd64 1:7.7+23ubuntu3
2024-04-24 10:48:44 install zenity-common:all <none> 4.0.1-1build3
2024-04-24 10:48:44 status half-installed zenity-common:all 4.0.1-1build3
2024-04-24 10:48:44 status unpacked zenity-common:all 4.0.1-1build3
2024-04-24 10:48:44 install zenity:amd64 <none> 4.0.1-1build3
2024-04-24 10:48:44 status half-installed zenity:amd64 4.0.1-1build3
2024-04-24 10:48:44 status unpacked zenity:amd64 4.0.1-1build3
2024-04-24 10:48:45 install zip:amd64 <none> 3.0-13build1
2024-04-24 10:48:45 status half-installed zip:amd64 3.0-13build1
2024-04-24 10:48:45 status unpacked zip:amd64 3.0-13build1
2024-04-24 10:48:45 install ubuntu-desktop-minimal:amd64 <none> 1.539
2024-04-24 10:48:45 status half-installed ubuntu-desktop-minimal:amd64 1.539
2024-04-24 10:48:45 status unpacked ubuntu-desktop-minimal:amd64 1.539
2024-04-24 10:48:45 install ubuntu-report:amd64 <none> 1.7.3build2
2024-04-24 10:48:45 status half-installed ubuntu-report:amd64 1.7.3build2
2024-04-24 10:48:45 status unpacked ubuntu-report:amd64 1.7.3build2
2024-04-24 10:48:45 install unattended-upgrades:all <none> 2.9.1+nmu4ubuntu1
2024-04-24 10:48:45 status half-installed unattended-upgrades:all 2.9.1+nmu4ubuntu1
2024-04-24 10:48:45 status unpacked unattended-upgrades:all 2.9.1+nmu4ubuntu1
2024-04-24 10:48:45 install usbmuxd:amd64 <none> 1.1.1-5~exp3ubuntu2
2024-04-24 10:48:45 status half-installed usbmuxd:amd64 1.1.1-5~exp3ubuntu2
2024-04-24 10:48:45 status unpacked usbmuxd:amd64 1.1.1-5~exp3ubuntu2
2024-04-24 10:48:45 install wamerican:all <none> 2020.12.07-2
2024-04-24 10:48:45 status half-installed wamerican:all 2020.12.07-2
2024-04-24 10:48:45 status unpacked wamerican:all 2020.12.07-2
2024-04-24 10:48:45 install wireless-regdb:all <none> 2022.06.06-0ubuntu2
2024-04-24 10:48:45 status half-installed wireless-regdb:all 2022.06.06-0ubuntu2
2024-04-24 10:48:45 status unpacked wireless-regdb:all 2022.06.06-0ubuntu2
2024-04-24 10:48:45 install xbitmaps:all <none> 1.1.1-2.2
2024-04-24 10:48:45 status half-installed xbitmaps:all 1.1.1-2.2
2024-04-24 10:48:45 status unpacked xbitmaps:all 1.1.1-2.2
2024-04-24 10:48:45 install xcursor-themes:all <none> 1.0.6-0ubuntu1
2024-04-24 10:48:45 status half-installed xcursor-themes:all 1.0.6-0ubuntu1
2024-04-24 10:48:45 status unpacked xcursor-themes:all 1.0.6-0ubuntu1
2024-04-24 10:48:45 install xcvt:amd64 <none> 0.1.2-1build1
2024-04-24 10:48:45 status half-installed xcvt:amd64 0.1.2-1build1
2024-04-24 10:48:45 status unpacked xcvt:amd64 0.1.2-1build1
2024-04-24 10:48:45 install xdg-utils:all <none> 1.1.3-4.1ubuntu3
2024-04-24 10:48:45 status half-installed xdg-utils:all 1.1.3-4.1ubuntu3
2024-04-24 10:48:45 status unpacked xdg-utils:all 1.1.3-4.1ubuntu3
2024-04-24 10:48:45 install xfonts-scalable:all <none> 1:1.0.3-1.3
2024-04-24 10:48:45 status half-installed xfonts-scalable:all 1:1.0.3-1.3
2024-04-24 10:48:45 status unpacked xfonts-scalable:all 1:1.0.3-1.3
2024-04-24 10:48:45 install libxcb-icccm4:amd64 <none> 0.4.1-1.1build3
2024-04-24 10:48:45 status half-installed libxcb-icccm4:amd64 0.4.1-1.1build3
2024-04-24 10:48:45 status unpacked libxcb-icccm4:amd64 0.4.1-1.1build3
2024-04-24 10:48:45 install libxcb-image0:amd64 <none> 0.4.0-2build1
2024-04-24 10:48:45 status half-installed libxcb-image0:amd64 0.4.0-2build1
2024-04-24 10:48:45 status unpacked libxcb-image0:amd64 0.4.0-2build1
2024-04-24 10:48:45 install libxcb-keysyms1:amd64 <none> 0.4.0-1build4
2024-04-24 10:48:45 status half-installed libxcb-keysyms1:amd64 0.4.0-1build4
2024-04-24 10:48:45 status unpacked libxcb-keysyms1:amd64 0.4.0-1build4
2024-04-24 10:48:45 install libxcb-render-util0:amd64 <none> 0.3.9-1build4
2024-04-24 10:48:45 status half-installed libxcb-render-util0:amd64 0.3.9-1build4
2024-04-24 10:48:45 status unpacked libxcb-render-util0:amd64 0.3.9-1build4
2024-04-24 10:48:45 install xserver-xephyr:amd64 <none> 2:21.1.12-1ubuntu1
2024-04-24 10:48:45 status half-installed xserver-xephyr:amd64 2:21.1.12-1ubuntu1
2024-04-24 10:48:45 status unpacked xserver-xephyr:amd64 2:21.1.12-1ubuntu1
2024-04-24 10:48:45 install xserver-xorg-video-amdgpu:amd64 <none> 23.0.0-1build1
2024-04-24 10:48:45 status half-installed xserver-xorg-video-amdgpu:amd64 23.0.0-1build1
2024-04-24 10:48:45 status unpacked xserver-xorg-video-amdgpu:amd64 23.0.0-1build1
2024-04-24 10:48:45 install xserver-xorg-video-radeon:amd64 <none> 1:22.0.0-1build1
2024-04-24 10:48:45 status half-installed xserver-xorg-video-radeon:amd64 1:22.0.0-1build1
2024-04-24 10:48:45 status unpacked xserver-xorg-video-radeon:amd64 1:22.0.0-1build1
2024-04-24 10:48:45 install xserver-xorg-video-ati:amd64 <none> 1:22.0.0-1build1
2024-04-24 10:48:45 status half-installed xserver-xorg-video-ati:amd64 1:22.0.0-1build1
2024-04-24 10:48:45 status unpacked xserver-xorg-video-ati:amd64 1:22.0.0-1build1
2024-04-24 10:48:45 install xserver-xorg-video-fbdev:amd64 <none> 1:0.5.0-2build2
2024-04-24 10:48:45 status half-installed xserver-xorg-video-fbdev:amd64 1:0.5.0-2build2
2024-04-24 10:48:45 status unpacked xserver-xorg-video-fbdev:amd64 1:0.5.0-2build2
2024-04-24 10:48:45 install xserver-xorg-video-nouveau:amd64 <none> 1:1.0.17-2build1
2024-04-24 10:48:45 status half-installed xserver-xorg-video-nouveau:amd64 1:1.0.17-2build1
2024-04-24 10:48:45 status unpacked xserver-xorg-video-nouveau:amd64 1:1.0.17-2build1
2024-04-24 10:48:45 install xserver-xorg-video-vesa:amd64 <none> 1:2.6.0-1
2024-04-24 10:48:45 status half-installed xserver-xorg-video-vesa:amd64 1:2.6.0-1
2024-04-24 10:48:45 status unpacked xserver-xorg-video-vesa:amd64 1:2.6.0-1
2024-04-24 10:48:45 install xserver-xorg-video-vmware:amd64 <none> 1:13.4.0-1build1
2024-04-24 10:48:45 status half-installed xserver-xorg-video-vmware:amd64 1:13.4.0-1build1
2024-04-24 10:48:45 status unpacked xserver-xorg-video-vmware:amd64 1:13.4.0-1build1
2024-04-24 10:48:46 install xserver-xorg-video-all:amd64 <none> 1:7.7+23ubuntu3
2024-04-24 10:48:46 status half-installed xserver-xorg-video-all:amd64 1:7.7+23ubuntu3
2024-04-24 10:48:46 status unpacked xserver-xorg-video-all:amd64 1:7.7+23ubuntu3
2024-04-24 10:48:46 install xserver-xorg-video-intel:amd64 <none> 2:2.99.917+git20210115-1build1
2024-04-24 10:48:46 status half-installed xserver-xorg-video-intel:amd64 2:2.99.917+git20210115-1build1
2024-04-24 10:48:46 status unpacked xserver-xorg-video-intel:amd64 2:2.99.917+git20210115-1build1
2024-04-24 10:48:46 install xserver-xorg-video-qxl:amd64 <none> 0.1.6-1build1
2024-04-24 10:48:46 status half-installed xserver-xorg-video-qxl:amd64 0.1.6-1build1
2024-04-24 10:48:46 status unpacked xserver-xorg-video-qxl:amd64 0.1.6-1build1
2024-04-24 10:48:46 install yaru-theme-gtk:all <none> 24.04.2-0ubuntu1
2024-04-24 10:48:46 status half-installed yaru-theme-gtk:all 24.04.2-0ubuntu1
2024-04-24 10:48:46 status unpacked yaru-theme-gtk:all 24.04.2-0ubuntu1
2024-04-24 10:48:46 install yaru-theme-icon:all <none> 24.04.2-0ubuntu1
2024-04-24 10:48:46 status half-installed yaru-theme-icon:all 24.04.2-0ubuntu1
2024-04-24 10:48:47 status unpacked yaru-theme-icon:all 24.04.2-0ubuntu1
2024-04-24 10:48:47 install yaru-theme-sound:all <none> 24.04.2-0ubuntu1
2024-04-24 10:48:47 status half-installed yaru-theme-sound:all 24.04.2-0ubuntu1
2024-04-24 10:48:47 status unpacked yaru-theme-sound:all 24.04.2-0ubuntu1
2024-04-24 10:48:47 install brltty:amd64 <none> 6.6-4ubuntu5
2024-04-24 10:48:47 status half-installed brltty:amd64 6.6-4ubuntu5
2024-04-24 10:48:47 status unpacked brltty:amd64 6.6-4ubuntu5
2024-04-24 10:48:47 install cloud-guest-utils:all <none> 0.33-1
2024-04-24 10:48:47 status half-installed cloud-guest-utils:all 0.33-1
2024-04-24 10:48:47 status unpacked cloud-guest-utils:all 0.33-1
2024-04-24 10:48:47 install cloud-init:all <none> 24.1.3-0ubuntu3
2024-04-24 10:48:47 status half-installed cloud-init:all 24.1.3-0ubuntu3
2024-04-24 10:48:48 status unpacked cloud-init:all 24.1.3-0ubuntu3
2024-04-24 10:48:48 install cups-bsd:amd64 <none> 2.4.7-1.2ubuntu7
2024-04-24 10:48:48 status half-installed cups-bsd:amd64 2.4.7-1.2ubuntu7
2024-04-24 10:48:48 status unpacked cups-bsd:amd64 2.4.7-1.2ubuntu7
2024-04-24 10:48:48 install cups-pk-helper:amd64 <none> 0.2.6-1ubuntu8
2024-04-24 10:48:48 status half-installed cups-pk-helper:amd64 0.2.6-1ubuntu8
2024-04-24 10:48:48 status unpacked cups-pk-helper:amd64 0.2.6-1ubuntu8
2024-04-24 10:48:48 install fprintd:amd64 <none> 1.94.3-1
2024-04-24 10:48:48 status half-installed fprintd:amd64 1.94.3-1
2024-04-24 10:48:48 status unpacked fprintd:amd64 1.94.3-1
2024-04-24 10:48:48 install gdisk:amd64 <none> 1.0.10-1build1
2024-04-24 10:48:48 status half-installed gdisk:amd64 1.0.10-1build1
2024-04-24 10:48:48 status unpacked gdisk:amd64 1.0.10-1build1
2024-04-24 10:48:48 install libauthen-sasl-perl:all <none> 2.1700-1
2024-04-24 10:48:48 status half-installed libauthen-sasl-perl:all 2.1700-1
2024-04-24 10:48:48 status unpacked libauthen-sasl-perl:all 2.1700-1
2024-04-24 10:48:48 install libc6-dbg:amd64 <none> 2.39-0ubuntu8
2024-04-24 10:48:48 status half-installed libc6-dbg:amd64 2.39-0ubuntu8
2024-04-24 10:48:48 status unpacked libc6-dbg:amd64 2.39-0ubuntu8
2024-04-24 10:48:48 install libcanberra-gtk3-module:amd64 <none> 0.30-10ubuntu10
2024-04-24 10:48:48 status half-installed libcanberra-gtk3-module:amd64 0.30-10ubuntu10
2024-04-24 10:48:48 status unpacked libcanberra-gtk3-module:amd64 0.30-10ubuntu10
2024-04-24 10:48:48 install liblouisutdml-bin:amd64 <none> 2.12.0-3.1build1
2024-04-24 10:48:48 status half-installed liblouisutdml-bin:amd64 2.12.0-3.1build1
2024-04-24 10:48:48 status unpacked liblouisutdml-bin:amd64 2.12.0-3.1build1
2024-04-24 10:48:48 install libnss-sss:amd64 <none> 2.9.4-1.1ubuntu6
2024-04-24 10:48:48 status half-installed libnss-sss:amd64 2.9.4-1.1ubuntu6
2024-04-24 10:48:48 status unpacked libnss-sss:amd64 2.9.4-1.1ubuntu6
2024-04-24 10:48:48 install libpam-fprintd:amd64 <none> 1.94.3-1
2024-04-24 10:48:48 status half-installed libpam-fprintd:amd64 1.94.3-1
2024-04-24 10:48:48 status unpacked libpam-fprintd:amd64 1.94.3-1
2024-04-24 10:48:48 install libpam-sss:amd64 <none> 2.9.4-1.1ubuntu6
2024-04-24 10:48:48 status half-installed libpam-sss:amd64 2.9.4-1.1ubuntu6
2024-04-24 10:48:48 status unpacked libpam-sss:amd64 2.9.4-1.1ubuntu6
2024-04-24 10:48:48 install libsss-certmap0:amd64 <none> 2.9.4-1.1ubuntu6
2024-04-24 10:48:48 status half-installed libsss-certmap0:amd64 2.9.4-1.1ubuntu6
2024-04-24 10:48:48 status unpacked libsss-certmap0:amd64 2.9.4-1.1ubuntu6
2024-04-24 10:48:48 install libsss-idmap0:amd64 <none> 2.9.4-1.1ubuntu6
2024-04-24 10:48:48 status half-installed libsss-idmap0:amd64 2.9.4-1.1ubuntu6
2024-04-24 10:48:48 status unpacked libsss-idmap0:amd64 2.9.4-1.1ubuntu6
2024-04-24 10:48:48 install libsss-nss-idmap0:amd64 <none> 2.9.4-1.1ubuntu6
2024-04-24 10:48:48 status half-installed libsss-nss-idmap0:amd64 2.9.4-1.1ubuntu6
2024-04-24 10:48:48 status unpacked libsss-nss-idmap0:amd64 2.9.4-1.1ubuntu6
2024-04-24 10:48:48 install mobile-broadband-provider-info:all <none> 20230416-1
2024-04-24 10:48:48 status half-installed mobile-broadband-provider-info:all 20230416-1
2024-04-24 10:48:49 status unpacked mobile-broadband-provider-info:all 20230416-1
2024-04-24 10:48:49 install python3-sss:amd64 <none> 2.9.4-1.1ubuntu6
2024-04-24 10:48:49 status half-installed python3-sss:amd64 2.9.4-1.1ubuntu6
2024-04-24 10:48:49 status unpacked python3-sss:amd64 2.9.4-1.1ubuntu6
2024-04-24 10:48:49 install rygel:amd64 <none> 0.42.5-1ubuntu3
2024-04-24 10:48:49 status half-installed rygel:amd64 0.42.5-1ubuntu3
2024-04-24 10:48:49 status unpacked rygel:amd64 0.42.5-1ubuntu3
2024-04-24 10:48:49 install sssd-common:amd64 <none> 2.9.4-1.1ubuntu6
2024-04-24 10:48:49 status half-installed sssd-common:amd64 2.9.4-1.1ubuntu6
2024-04-24 10:48:49 status unpacked sssd-common:amd64 2.9.4-1.1ubuntu6
2024-04-24 10:48:49 install sssd-ad-common:amd64 <none> 2.9.4-1.1ubuntu6
2024-04-24 10:48:49 status half-installed sssd-ad-common:amd64 2.9.4-1.1ubuntu6
2024-04-24 10:48:49 status unpacked sssd-ad-common:amd64 2.9.4-1.1ubuntu6
2024-04-24 10:48:49 install sssd-krb5-common:amd64 <none> 2.9.4-1.1ubuntu6
2024-04-24 10:48:49 status half-installed sssd-krb5-common:amd64 2.9.4-1.1ubuntu6
2024-04-24 10:48:49 status unpacked sssd-krb5-common:amd64 2.9.4-1.1ubuntu6
2024-04-24 10:48:49 install sssd-ad:amd64 <none> 2.9.4-1.1ubuntu6
2024-04-24 10:48:49 status half-installed sssd-ad:amd64 2.9.4-1.1ubuntu6
2024-04-24 10:48:49 status unpacked sssd-ad:amd64 2.9.4-1.1ubuntu6
2024-04-24 10:48:49 install sssd-ipa:amd64 <none> 2.9.4-1.1ubuntu6
2024-04-24 10:48:49 status half-installed sssd-ipa:amd64 2.9.4-1.1ubuntu6
2024-04-24 10:48:49 status unpacked sssd-ipa:amd64 2.9.4-1.1ubuntu6
2024-04-24 10:48:49 install sssd-krb5:amd64 <none> 2.9.4-1.1ubuntu6
2024-04-24 10:48:49 status half-installed sssd-krb5:amd64 2.9.4-1.1ubuntu6
2024-04-24 10:48:49 status unpacked sssd-krb5:amd64 2.9.4-1.1ubuntu6
2024-04-24 10:48:49 install sssd-ldap:amd64 <none> 2.9.4-1.1ubuntu6
2024-04-24 10:48:49 status half-installed sssd-ldap:amd64 2.9.4-1.1ubuntu6
2024-04-24 10:48:49 status unpacked sssd-ldap:amd64 2.9.4-1.1ubuntu6
2024-04-24 10:48:49 install sssd-proxy:amd64 <none> 2.9.4-1.1ubuntu6
2024-04-24 10:48:49 status half-installed sssd-proxy:amd64 2.9.4-1.1ubuntu6
2024-04-24 10:48:49 status unpacked sssd-proxy:amd64 2.9.4-1.1ubuntu6
2024-04-24 10:48:49 install sssd:amd64 <none> 2.9.4-1.1ubuntu6
2024-04-24 10:48:49 status half-installed sssd:amd64 2.9.4-1.1ubuntu6
2024-04-24 10:48:49 status unpacked sssd:amd64 2.9.4-1.1ubuntu6
2024-04-24 10:48:49 install usb-modeswitch-data:all <none> 20191128-6
2024-04-24 10:48:49 status half-installed usb-modeswitch-data:all 20191128-6
2024-04-24 10:48:49 status unpacked usb-modeswitch-data:all 20191128-6
2024-04-24 10:48:49 install usb-modeswitch:amd64 <none> 2.6.1-3ubuntu3
2024-04-24 10:48:49 status half-installed usb-modeswitch:amd64 2.6.1-3ubuntu3
2024-04-24 10:48:49 status unpacked usb-modeswitch:amd64 2.6.1-3ubuntu3
2024-04-24 10:48:49 install xbrlapi:amd64 <none> 6.6-4ubuntu5
2024-04-24 10:48:49 status half-installed xbrlapi:amd64 6.6-4ubuntu5
2024-04-24 10:48:49 status unpacked xbrlapi:amd64 6.6-4ubuntu5
2024-04-24 10:48:49 install xserver-xorg-legacy:amd64 <none> 2:21.1.12-1ubuntu1
2024-04-24 10:48:49 status half-installed xserver-xorg-legacy:amd64 2:21.1.12-1ubuntu1
2024-04-24 10:48:49 status unpacked xserver-xorg-legacy:amd64 2:21.1.12-1ubuntu1
2024-04-24 10:48:49 startup packages configure
2024-04-24 10:48:49 configure libwinpr3-3:amd64 3.5.0+dfsg1-0ubuntu1 <none>
2024-04-24 10:48:49 status unpacked libwinpr3-3:amd64 3.5.0+dfsg1-0ubuntu1
2024-04-24 10:48:49 status half-configured libwinpr3-3:amd64 3.5.0+dfsg1-0ubuntu1
2024-04-24 10:48:49 status installed libwinpr3-3:amd64 3.5.0+dfsg1-0ubuntu1
2024-04-24 10:48:49 configure libpwquality-common:all 1.4.5-3build1 <none>
2024-04-24 10:48:49 status unpacked libpwquality-common:all 1.4.5-3build1
2024-04-24 10:48:49 status half-configured libpwquality-common:all 1.4.5-3build1
2024-04-24 10:48:49 status installed libpwquality-common:all 1.4.5-3build1
2024-04-24 10:48:49 configure libip4tc2:amd64 1.8.10-3ubuntu2 <none>
2024-04-24 10:48:49 status unpacked libip4tc2:amd64 1.8.10-3ubuntu2
2024-04-24 10:48:49 status half-configured libip4tc2:amd64 1.8.10-3ubuntu2
2024-04-24 10:48:49 status installed libip4tc2:amd64 1.8.10-3ubuntu2
2024-04-24 10:48:49 configure libksba8:amd64 1.6.6-1build1 <none>
2024-04-24 10:48:49 status unpacked libksba8:amd64 1.6.6-1build1
2024-04-24 10:48:49 status half-configured libksba8:amd64 1.6.6-1build1
2024-04-24 10:48:49 status installed libksba8:amd64 1.6.6-1build1
2024-04-24 10:48:49 configure pinentry-curses:amd64 1.2.1-3ubuntu5 <none>
2024-04-24 10:48:49 status unpacked pinentry-curses:amd64 1.2.1-3ubuntu5
2024-04-24 10:48:49 status half-configured pinentry-curses:amd64 1.2.1-3ubuntu5
2024-04-24 10:48:49 status installed pinentry-curses:amd64 1.2.1-3ubuntu5
2024-04-24 10:48:49 configure libpipewire-0.3-common:all 1.0.5-1 <none>
2024-04-24 10:48:49 status unpacked libpipewire-0.3-common:all 1.0.5-1
2024-04-24 10:48:49 status half-configured libpipewire-0.3-common:all 1.0.5-1
2024-04-24 10:48:49 status installed libpipewire-0.3-common:all 1.0.5-1
2024-04-24 10:48:49 configure cpio:amd64 2.15+dfsg-1ubuntu2 <none>
2024-04-24 10:48:49 status unpacked cpio:amd64 2.15+dfsg-1ubuntu2
2024-04-24 10:48:49 status half-configured cpio:amd64 2.15+dfsg-1ubuntu2
2024-04-24 10:48:49 status installed cpio:amd64 2.15+dfsg-1ubuntu2
2024-04-24 10:48:49 configure libgsf-1-common:all 1.14.51-2build2 <none>
2024-04-24 10:48:49 status unpacked libgsf-1-common:all 1.14.51-2build2
2024-04-24 10:48:49 status half-configured libgsf-1-common:all 1.14.51-2build2
2024-04-24 10:48:49 status installed libgsf-1-common:all 1.14.51-2build2
2024-04-24 10:48:49 configure powermgmt-base:all 1.37 <none>
2024-04-24 10:48:49 status unpacked powermgmt-base:all 1.37
2024-04-24 10:48:49 status half-configured powermgmt-base:all 1.37
2024-04-24 10:48:49 status installed powermgmt-base:all 1.37
2024-04-24 10:48:49 configure bubblewrap:amd64 0.9.0-1build1 <none>
2024-04-24 10:48:49 status unpacked bubblewrap:amd64 0.9.0-1build1
2024-04-24 10:48:49 status half-configured bubblewrap:amd64 0.9.0-1build1
2024-04-24 10:48:49 status installed bubblewrap:amd64 0.9.0-1build1
2024-04-24 10:48:49 configure libpipeline1:amd64 1.5.7-2 <none>
2024-04-24 10:48:49 status unpacked libpipeline1:amd64 1.5.7-2
2024-04-24 10:48:49 status half-configured libpipeline1:amd64 1.5.7-2
2024-04-24 10:48:49 status installed libpipeline1:amd64 1.5.7-2
2024-04-24 10:48:49 configure liblmdb0:amd64 0.9.31-1build1 <none>
2024-04-24 10:48:49 status unpacked liblmdb0:amd64 0.9.31-1build1
2024-04-24 10:48:49 status half-configured liblmdb0:amd64 0.9.31-1build1
2024-04-24 10:48:49 status installed liblmdb0:amd64 0.9.31-1build1
2024-04-24 10:48:49 configure libgraphite2-3:amd64 1.3.14-2build1 <none>
2024-04-24 10:48:49 status unpacked libgraphite2-3:amd64 1.3.14-2build1
2024-04-24 10:48:49 status half-configured libgraphite2-3:amd64 1.3.14-2build1
2024-04-24 10:48:49 status installed libgraphite2-3:amd64 1.3.14-2build1
2024-04-24 10:48:49 configure liblcms2-2:amd64 2.14-2build1 <none>
2024-04-24 10:48:49 status unpacked liblcms2-2:amd64 2.14-2build1
2024-04-24 10:48:49 status half-configured liblcms2-2:amd64 2.14-2build1
2024-04-24 10:48:49 status installed liblcms2-2:amd64 2.14-2build1
2024-04-24 10:48:49 configure libpixman-1-0:amd64 0.42.2-1build1 <none>
2024-04-24 10:48:49 status unpacked libpixman-1-0:amd64 0.42.2-1build1
2024-04-24 10:48:49 status half-configured libpixman-1-0:amd64 0.42.2-1build1
2024-04-24 10:48:49 status installed libpixman-1-0:amd64 0.42.2-1build1
2024-04-24 10:48:49 configure libfreeaptx0:amd64 0.1.1-2build1 <none>
2024-04-24 10:48:49 status unpacked libfreeaptx0:amd64 0.1.1-2build1
2024-04-24 10:48:49 status half-configured libfreeaptx0:amd64 0.1.1-2build1
2024-04-24 10:48:49 status installed libfreeaptx0:amd64 0.1.1-2build1
2024-04-24 10:48:49 configure tpm-udev:all 0.6ubuntu1 <none>
2024-04-24 10:48:49 status unpacked tpm-udev:all 0.6ubuntu1
2024-04-24 10:48:49 status half-configured tpm-udev:all 0.6ubuntu1
2024-04-24 10:48:49 status installed tpm-udev:all 0.6ubuntu1
2024-04-24 10:48:49 configure python3-attr:all 23.2.0-2 <none>
2024-04-24 10:48:49 status unpacked python3-attr:all 23.2.0-2
2024-04-24 10:48:49 status half-configured python3-attr:all 23.2.0-2
2024-04-24 10:48:50 status installed python3-attr:all 23.2.0-2
2024-04-24 10:48:50 configure libcdparanoia0:amd64 3.10.2+debian-14build3 <none>
2024-04-24 10:48:50 status unpacked libcdparanoia0:amd64 3.10.2+debian-14build3
2024-04-24 10:48:50 status half-configured libcdparanoia0:amd64 3.10.2+debian-14build3
2024-04-24 10:48:50 status installed libcdparanoia0:amd64 3.10.2+debian-14build3
2024-04-24 10:48:50 configure libsharpyuv0:amd64 1.3.2-0.4build3 <none>
2024-04-24 10:48:50 status unpacked libsharpyuv0:amd64 1.3.2-0.4build3
2024-04-24 10:48:50 status half-configured libsharpyuv0:amd64 1.3.2-0.4build3
2024-04-24 10:48:50 status installed libsharpyuv0:amd64 1.3.2-0.4build3
2024-04-24 10:48:50 configure libwayland-server0:amd64 1.22.0-2.1build1 <none>
2024-04-24 10:48:50 status unpacked libwayland-server0:amd64 1.22.0-2.1build1
2024-04-24 10:48:50 status half-configured libwayland-server0:amd64 1.22.0-2.1build1
2024-04-24 10:48:50 status installed libwayland-server0:amd64 1.22.0-2.1build1
2024-04-24 10:48:50 configure libpaper1:amd64 1.1.29build1 <none>
2024-04-24 10:48:50 status unpacked libpaper1:amd64 1.1.29build1
2024-04-24 10:48:50 status half-configured libpaper1:amd64 1.1.29build1
2024-04-24 10:48:50 status installed libpaper1:amd64 1.1.29build1
2024-04-24 10:48:50 configure libaom3:amd64 3.8.2-2build1 <none>
2024-04-24 10:48:50 status unpacked libaom3:amd64 3.8.2-2build1
2024-04-24 10:48:50 status half-configured libaom3:amd64 3.8.2-2build1
2024-04-24 10:48:50 status installed libaom3:amd64 3.8.2-2build1
2024-04-24 10:48:50 configure libwhoopsie-preferences0:amd64 23build3 <none>
2024-04-24 10:48:50 status unpacked libwhoopsie-preferences0:amd64 23build3
2024-04-24 10:48:50 status half-configured libwhoopsie-preferences0:amd64 23build3
2024-04-24 10:48:50 status installed libwhoopsie-preferences0:amd64 23build3
2024-04-24 10:48:50 configure libpciaccess0:amd64 0.17-3build1 <none>
2024-04-24 10:48:50 status unpacked libpciaccess0:amd64 0.17-3build1
2024-04-24 10:48:50 status half-configured libpciaccess0:amd64 0.17-3build1
2024-04-24 10:48:50 status installed libpciaccess0:amd64 0.17-3build1
2024-04-24 10:48:50 configure sound-icons:all 0.1-8 <none>
2024-04-24 10:48:50 status unpacked sound-icons:all 0.1-8
2024-04-24 10:48:50 status half-configured sound-icons:all 0.1-8
2024-04-24 10:48:50 status installed sound-icons:all 0.1-8
2024-04-24 10:48:50 configure session-migration:amd64 0.3.9build1 <none>
2024-04-24 10:48:50 status unpacked session-migration:amd64 0.3.9build1
2024-04-24 10:48:50 status half-configured session-migration:amd64 0.3.9build1
2024-04-24 10:48:50 status installed session-migration:amd64 0.3.9build1
2024-04-24 10:48:50 configure libprotobuf32t64:amd64 3.21.12-8.2build1 <none>
2024-04-24 10:48:50 status unpacked libprotobuf32t64:amd64 3.21.12-8.2build1
2024-04-24 10:48:50 status half-configured libprotobuf32t64:amd64 3.21.12-8.2build1
2024-04-24 10:48:50 status installed libprotobuf32t64:amd64 3.21.12-8.2build1
2024-04-24 10:48:50 configure libxau6:amd64 1:1.0.9-1build6 <none>
2024-04-24 10:48:50 status unpacked libxau6:amd64 1:1.0.9-1build6
2024-04-24 10:48:50 status half-configured libxau6:amd64 1:1.0.9-1build6
2024-04-24 10:48:50 status installed libxau6:amd64 1:1.0.9-1build6
2024-04-24 10:48:50 configure libxdmcp6:amd64 1:1.1.3-0ubuntu6 <none>
2024-04-24 10:48:50 status unpacked libxdmcp6:amd64 1:1.1.3-0ubuntu6
2024-04-24 10:48:50 status half-configured libxdmcp6:amd64 1:1.1.3-0ubuntu6
2024-04-24 10:48:50 status installed libxdmcp6:amd64 1:1.1.3-0ubuntu6
2024-04-24 10:48:50 configure time:amd64 1.9-0.2build1 <none>
2024-04-24 10:48:50 status unpacked time:amd64 1.9-0.2build1
2024-04-24 10:48:50 status half-configured time:amd64 1.9-0.2build1
2024-04-24 10:48:50 status installed time:amd64 1.9-0.2build1
2024-04-24 10:48:50 configure libraw1394-11:amd64 2.1.2-2build3 <none>
2024-04-24 10:48:50 status unpacked libraw1394-11:amd64 2.1.2-2build3
2024-04-24 10:48:50 status half-configured libraw1394-11:amd64 2.1.2-2build3
2024-04-24 10:48:50 status installed libraw1394-11:amd64 2.1.2-2build3
2024-04-24 10:48:50 configure libsbc1:amd64 2.0-1build1 <none>
2024-04-24 10:48:50 status unpacked libsbc1:amd64 2.0-1build1
2024-04-24 10:48:50 status half-configured libsbc1:amd64 2.0-1build1
2024-04-24 10:48:50 status installed libsbc1:amd64 2.0-1build1
2024-04-24 10:48:50 configure libgck-2-2:amd64 4.2.0-5 <none>
2024-04-24 10:48:50 status unpacked libgck-2-2:amd64 4.2.0-5
2024-04-24 10:48:50 status half-configured libgck-2-2:amd64 4.2.0-5
2024-04-24 10:48:50 status installed libgck-2-2:amd64 4.2.0-5
2024-04-24 10:48:50 configure pci.ids:all 0.0~2024.03.31-1 <none>
2024-04-24 10:48:50 status unpacked pci.ids:all 0.0~2024.03.31-1
2024-04-24 10:48:50 status half-configured pci.ids:all 0.0~2024.03.31-1
2024-04-24 10:48:50 status installed pci.ids:all 0.0~2024.03.31-1
2024-04-24 10:48:50 configure libxcb1:amd64 1.15-1ubuntu2 <none>
2024-04-24 10:48:50 status unpacked libxcb1:amd64 1.15-1ubuntu2
2024-04-24 10:48:50 status half-configured libxcb1:amd64 1.15-1ubuntu2
2024-04-24 10:48:50 status installed libxcb1:amd64 1.15-1ubuntu2
2024-04-24 10:48:50 configure libtag1v5-vanilla:amd64 1.13.1-1build1 <none>
2024-04-24 10:48:50 status unpacked libtag1v5-vanilla:amd64 1.13.1-1build1
2024-04-24 10:48:50 status half-configured libtag1v5-vanilla:amd64 1.13.1-1build1
2024-04-24 10:48:50 status installed libtag1v5-vanilla:amd64 1.13.1-1build1
2024-04-24 10:48:50 configure libieee1284-3t64:amd64 0.2.11-14.1build1 <none>
2024-04-24 10:48:50 status unpacked libieee1284-3t64:amd64 0.2.11-14.1build1
2024-04-24 10:48:50 status half-configured libieee1284-3t64:amd64 0.2.11-14.1build1
2024-04-24 10:48:50 status installed libieee1284-3t64:amd64 0.2.11-14.1build1
2024-04-24 10:48:50 configure geocode-glib-common:all 3.26.3-6build3 <none>
2024-04-24 10:48:50 status unpacked geocode-glib-common:all 3.26.3-6build3
2024-04-24 10:48:50 status half-configured geocode-glib-common:all 3.26.3-6build3
2024-04-24 10:48:50 status installed geocode-glib-common:all 3.26.3-6build3
2024-04-24 10:48:50 configure nautilus-sendto:amd64 3.8.6-7build2 <none>
2024-04-24 10:48:50 status unpacked nautilus-sendto:amd64 3.8.6-7build2
2024-04-24 10:48:50 status half-configured nautilus-sendto:amd64 3.8.6-7build2
2024-04-24 10:48:50 status installed nautilus-sendto:amd64 3.8.6-7build2
2024-04-24 10:48:50 configure linux-base:all 4.5ubuntu9 <none>
2024-04-24 10:48:50 status unpacked linux-base:all 4.5ubuntu9
2024-04-24 10:48:50 status half-configured linux-base:all 4.5ubuntu9
2024-04-24 10:48:50 status installed linux-base:all 4.5ubuntu9
2024-04-24 10:48:50 configure libcue2:amd64 2.2.1-4.1build1 <none>
2024-04-24 10:48:50 status unpacked libcue2:amd64 2.2.1-4.1build1
2024-04-24 10:48:50 status half-configured libcue2:amd64 2.2.1-4.1build1
2024-04-24 10:48:50 status installed libcue2:amd64 2.2.1-4.1build1
2024-04-24 10:48:50 configure libxcb-xfixes0:amd64 1.15-1ubuntu2 <none>
2024-04-24 10:48:50 status unpacked libxcb-xfixes0:amd64 1.15-1ubuntu2
2024-04-24 10:48:50 status half-configured libxcb-xfixes0:amd64 1.15-1ubuntu2
2024-04-24 10:48:50 status installed libxcb-xfixes0:amd64 1.15-1ubuntu2
2024-04-24 10:48:50 configure libogg0:amd64 1.3.5-3build1 <none>
2024-04-24 10:48:50 status unpacked libogg0:amd64 1.3.5-3build1
2024-04-24 10:48:50 status half-configured libogg0:amd64 1.3.5-3build1
2024-04-24 10:48:50 status installed libogg0:amd64 1.3.5-3build1
2024-04-24 10:48:50 configure libsss-idmap0:amd64 2.9.4-1.1ubuntu6 <none>
2024-04-24 10:48:50 status unpacked libsss-idmap0:amd64 2.9.4-1.1ubuntu6
2024-04-24 10:48:50 status half-configured libsss-idmap0:amd64 2.9.4-1.1ubuntu6
2024-04-24 10:48:50 status installed libsss-idmap0:amd64 2.9.4-1.1ubuntu6
2024-04-24 10:48:50 configure desktop-file-utils:amd64 0.27-2build1 <none>
2024-04-24 10:48:50 status unpacked desktop-file-utils:amd64 0.27-2build1
2024-04-24 10:48:50 status half-configured desktop-file-utils:amd64 0.27-2build1
2024-04-24 10:48:50 status installed desktop-file-utils:amd64 0.27-2build1
2024-04-24 10:48:50 configure libportal1:amd64 0.7.1-5build5 <none>
2024-04-24 10:48:50 status unpacked libportal1:amd64 0.7.1-5build5
2024-04-24 10:48:50 status half-configured libportal1:amd64 0.7.1-5build5
2024-04-24 10:48:50 status installed libportal1:amd64 0.7.1-5build5
2024-04-24 10:48:50 configure liblerc4:amd64 4.0.0+ds-4ubuntu2 <none>
2024-04-24 10:48:50 status unpacked liblerc4:amd64 4.0.0+ds-4ubuntu2
2024-04-24 10:48:50 status half-configured liblerc4:amd64 4.0.0+ds-4ubuntu2
2024-04-24 10:48:50 status installed liblerc4:amd64 4.0.0+ds-4ubuntu2
2024-04-24 10:48:50 configure libspeex1:amd64 1.2.1-2ubuntu2 <none>
2024-04-24 10:48:50 status unpacked libspeex1:amd64 1.2.1-2ubuntu2
2024-04-24 10:48:50 status half-configured libspeex1:amd64 1.2.1-2ubuntu2
2024-04-24 10:48:50 status installed libspeex1:amd64 1.2.1-2ubuntu2
2024-04-24 10:48:50 configure liblouisutdml-data:all 2.12.0-3.1build1 <none>
2024-04-24 10:48:50 status unpacked liblouisutdml-data:all 2.12.0-3.1build1
2024-04-24 10:48:50 status half-configured liblouisutdml-data:all 2.12.0-3.1build1
2024-04-24 10:48:50 status installed liblouisutdml-data:all 2.12.0-3.1build1
2024-04-24 10:48:50 configure libgdbm6t64:amd64 1.23-5.1build1 <none>
2024-04-24 10:48:50 status unpacked libgdbm6t64:amd64 1.23-5.1build1
2024-04-24 10:48:50 status half-configured libgdbm6t64:amd64 1.23-5.1build1
2024-04-24 10:48:50 status installed libgdbm6t64:amd64 1.23-5.1build1
2024-04-24 10:48:50 configure fonts-noto-mono:all 20201225-2 <none>
2024-04-24 10:48:50 status unpacked fonts-noto-mono:all 20201225-2
2024-04-24 10:48:50 status half-configured fonts-noto-mono:all 20201225-2
2024-04-24 10:48:50 status installed fonts-noto-mono:all 20201225-2
2024-04-24 10:48:50 configure libcaca0:amd64 0.99.beta20-4build2 <none>
2024-04-24 10:48:50 status unpacked libcaca0:amd64 0.99.beta20-4build2
2024-04-24 10:48:50 status half-configured libcaca0:amd64 0.99.beta20-4build2
2024-04-24 10:48:50 status installed libcaca0:amd64 0.99.beta20-4build2
2024-04-24 10:48:50 configure python3-distro:all 1.9.0-1 <none>
2024-04-24 10:48:50 status unpacked python3-distro:all 1.9.0-1
2024-04-24 10:48:50 status half-configured python3-distro:all 1.9.0-1
2024-04-24 10:48:50 status installed python3-distro:all 1.9.0-1
2024-04-24 10:48:50 configure libgcr-4-4:amd64 4.2.0-5 <none>
2024-04-24 10:48:50 status unpacked libgcr-4-4:amd64 4.2.0-5
2024-04-24 10:48:50 status half-configured libgcr-4-4:amd64 4.2.0-5
2024-04-24 10:48:50 status installed libgcr-4-4:amd64 4.2.0-5
2024-04-24 10:48:50 configure libeditorconfig0:amd64 0.12.7-0.1 <none>
2024-04-24 10:48:50 status unpacked libeditorconfig0:amd64 0.12.7-0.1
2024-04-24 10:48:50 status half-configured libeditorconfig0:amd64 0.12.7-0.1
2024-04-24 10:48:50 status installed libeditorconfig0:amd64 0.12.7-0.1
2024-04-24 10:48:50 configure hicolor-icon-theme:all 0.17-2 <none>
2024-04-24 10:48:50 status unpacked hicolor-icon-theme:all 0.17-2
2024-04-24 10:48:50 status half-configured hicolor-icon-theme:all 0.17-2
2024-04-24 10:48:50 status installed hicolor-icon-theme:all 0.17-2
2024-04-24 10:48:50 configure libwmflite-0.2-7:amd64 0.2.13-1.1build3 <none>
2024-04-24 10:48:50 status unpacked libwmflite-0.2-7:amd64 0.2.13-1.1build3
2024-04-24 10:48:50 status half-configured libwmflite-0.2-7:amd64 0.2.13-1.1build3
2024-04-24 10:48:50 status installed libwmflite-0.2-7:amd64 0.2.13-1.1build3
2024-04-24 10:48:50 configure libgtksourceview-5-common:all 5.12.0-1build1 <none>
2024-04-24 10:48:50 status unpacked libgtksourceview-5-common:all 5.12.0-1build1
2024-04-24 10:48:50 status half-configured libgtksourceview-5-common:all 5.12.0-1build1
2024-04-24 10:48:50 status installed libgtksourceview-5-common:all 5.12.0-1build1
2024-04-24 10:48:50 configure libtwolame0:amd64 0.4.0-2build3 <none>
2024-04-24 10:48:50 status unpacked libtwolame0:amd64 0.4.0-2build3
2024-04-24 10:48:50 status half-configured libtwolame0:amd64 0.4.0-2build3
2024-04-24 10:48:50 status installed libtwolame0:amd64 0.4.0-2build3
2024-04-24 10:48:50 configure liblc3-1:amd64 1.0.4-3build1 <none>
2024-04-24 10:48:50 status unpacked liblc3-1:amd64 1.0.4-3build1
2024-04-24 10:48:50 status half-configured liblc3-1:amd64 1.0.4-3build1
2024-04-24 10:48:50 status installed liblc3-1:amd64 1.0.4-3build1
2024-04-24 10:48:50 configure libvte-2.91-common:amd64 0.76.0-1 <none>
2024-04-24 10:48:50 status unpacked libvte-2.91-common:amd64 0.76.0-1
2024-04-24 10:48:50 status half-configured libvte-2.91-common:amd64 0.76.0-1
2024-04-24 10:48:50 status installed libvte-2.91-common:amd64 0.76.0-1
2024-04-24 10:48:50 configure cups-server-common:all 2.4.7-1.2ubuntu7 <none>
2024-04-24 10:48:50 status unpacked cups-server-common:all 2.4.7-1.2ubuntu7
2024-04-24 10:48:50 status half-configured cups-server-common:all 2.4.7-1.2ubuntu7
2024-04-24 10:48:50 status installed cups-server-common:all 2.4.7-1.2ubuntu7
2024-04-24 10:48:50 configure libhyphen0:amd64 2.8.8-7build3 <none>
2024-04-24 10:48:50 status unpacked libhyphen0:amd64 2.8.8-7build3
2024-04-24 10:48:50 status half-configured libhyphen0:amd64 2.8.8-7build3
2024-04-24 10:48:50 status installed libhyphen0:amd64 2.8.8-7build3
2024-04-24 10:48:50 configure libdatrie1:amd64 0.2.13-3build1 <none>
2024-04-24 10:48:50 status unpacked libdatrie1:amd64 0.2.13-3build1
2024-04-24 10:48:50 status half-configured libdatrie1:amd64 0.2.13-3build1
2024-04-24 10:48:50 status installed libdatrie1:amd64 0.2.13-3build1
2024-04-24 10:48:50 configure libdebuginfod-common:all 0.190-1.1build4 <none>
2024-04-24 10:48:50 status unpacked libdebuginfod-common:all 0.190-1.1build4
2024-04-24 10:48:50 status half-configured libdebuginfod-common:all 0.190-1.1build4
2024-04-24 10:48:50 status installed libdebuginfod-common:all 0.190-1.1build4
2024-04-24 10:48:50 configure libdee-1.0-4:amd64 1.2.7+17.10.20170616-7build5 <none>
2024-04-24 10:48:50 status unpacked libdee-1.0-4:amd64 1.2.7+17.10.20170616-7build5
2024-04-24 10:48:50 status half-configured libdee-1.0-4:amd64 1.2.7+17.10.20170616-7build5
2024-04-24 10:48:50 status installed libdee-1.0-4:amd64 1.2.7+17.10.20170616-7build5
2024-04-24 10:48:50 configure firefox:amd64 1:1snap1-0ubuntu5 <none>
2024-04-24 10:48:50 status unpacked firefox:amd64 1:1snap1-0ubuntu5
2024-04-24 10:48:50 status half-configured firefox:amd64 1:1snap1-0ubuntu5
2024-04-24 10:48:50 status installed firefox:amd64 1:1snap1-0ubuntu5
2024-04-24 10:48:50 configure libgdbm-compat4t64:amd64 1.23-5.1build1 <none>
2024-04-24 10:48:50 status unpacked libgdbm-compat4t64:amd64 1.23-5.1build1
2024-04-24 10:48:50 status half-configured libgdbm-compat4t64:amd64 1.23-5.1build1
2024-04-24 10:48:50 status installed libgdbm-compat4t64:amd64 1.23-5.1build1
2024-04-24 10:48:50 configure libbasicobjects0t64:amd64 0.6.2-2.1build1 <none>
2024-04-24 10:48:50 status unpacked libbasicobjects0t64:amd64 0.6.2-2.1build1
2024-04-24 10:48:50 status half-configured libbasicobjects0t64:amd64 0.6.2-2.1build1
2024-04-24 10:48:50 status installed libbasicobjects0t64:amd64 0.6.2-2.1build1
2024-04-24 10:48:50 configure libipa-hbac0t64:amd64 2.9.4-1.1ubuntu6 <none>
2024-04-24 10:48:50 status unpacked libipa-hbac0t64:amd64 2.9.4-1.1ubuntu6
2024-04-24 10:48:50 status half-configured libipa-hbac0t64:amd64 2.9.4-1.1ubuntu6
2024-04-24 10:48:50 status installed libipa-hbac0t64:amd64 2.9.4-1.1ubuntu6
2024-04-24 10:48:50 configure libgspell-1-common:all 1.12.2-1build4 <none>
2024-04-24 10:48:50 status unpacked libgspell-1-common:all 1.12.2-1build4
2024-04-24 10:48:50 status half-configured libgspell-1-common:all 1.12.2-1build4
2024-04-24 10:48:50 status installed libgspell-1-common:all 1.12.2-1build4
2024-04-24 10:48:50 configure mobile-broadband-provider-info:all 20230416-1 <none>
2024-04-24 10:48:50 status unpacked mobile-broadband-provider-info:all 20230416-1
2024-04-24 10:48:50 status half-configured mobile-broadband-provider-info:all 20230416-1
2024-04-24 10:48:51 status installed mobile-broadband-provider-info:all 20230416-1
2024-04-24 10:48:51 configure python3-jwt:all 2.7.0-1 <none>
2024-04-24 10:48:51 status unpacked python3-jwt:all 2.7.0-1
2024-04-24 10:48:51 status half-configured python3-jwt:all 2.7.0-1
2024-04-24 10:48:51 status installed python3-jwt:all 2.7.0-1
2024-04-24 10:48:51 configure fonts-noto-color-emoji:all 2.042-1 <none>
2024-04-24 10:48:51 status unpacked fonts-noto-color-emoji:all 2.042-1
2024-04-24 10:48:51 status half-configured fonts-noto-color-emoji:all 2.042-1
2024-04-24 10:48:51 status installed fonts-noto-color-emoji:all 2.042-1
2024-04-24 10:48:51 configure libmagic-mgc:amd64 1:5.45-3build1 <none>
2024-04-24 10:48:51 status unpacked libmagic-mgc:amd64 1:5.45-3build1
2024-04-24 10:48:51 status half-configured libmagic-mgc:amd64 1:5.45-3build1
2024-04-24 10:48:51 status installed libmagic-mgc:amd64 1:5.45-3build1
2024-04-24 10:48:51 configure libntfs-3g89t64:amd64 1:2022.10.3-1.2ubuntu3 <none>
2024-04-24 10:48:51 status unpacked libntfs-3g89t64:amd64 1:2022.10.3-1.2ubuntu3
2024-04-24 10:48:51 status half-configured libntfs-3g89t64:amd64 1:2022.10.3-1.2ubuntu3
2024-04-24 10:48:51 status installed libntfs-3g89t64:amd64 1:2022.10.3-1.2ubuntu3
2024-04-24 10:48:51 configure libref-array1t64:amd64 0.6.2-2.1build1 <none>
2024-04-24 10:48:51 status unpacked libref-array1t64:amd64 0.6.2-2.1build1
2024-04-24 10:48:51 status half-configured libref-array1t64:amd64 0.6.2-2.1build1
2024-04-24 10:48:51 status installed libref-array1t64:amd64 0.6.2-2.1build1
2024-04-24 10:48:51 configure yaru-theme-gnome-shell:all 24.04.2-0ubuntu1 <none>
2024-04-24 10:48:51 status unpacked yaru-theme-gnome-shell:all 24.04.2-0ubuntu1
2024-04-24 10:48:51 status half-configured yaru-theme-gnome-shell:all 24.04.2-0ubuntu1
2024-04-24 10:48:51 status installed yaru-theme-gnome-shell:all 24.04.2-0ubuntu1
2024-04-24 10:48:51 configure python3-colorama:all 0.4.6-4 <none>
2024-04-24 10:48:51 status unpacked python3-colorama:all 0.4.6-4
2024-04-24 10:48:51 status half-configured python3-colorama:all 0.4.6-4
2024-04-24 10:48:51 status installed python3-colorama:all 0.4.6-4
2024-04-24 10:48:51 configure anacron:amd64 2.3-39ubuntu2 <none>
2024-04-24 10:48:51 status unpacked anacron:amd64 2.3-39ubuntu2
2024-04-24 10:48:51 status half-configured anacron:amd64 2.3-39ubuntu2
2024-04-24 10:48:51 status installed anacron:amd64 2.3-39ubuntu2
2024-04-24 10:48:51 configure evince-common:all 46.0-1build1 <none>
2024-04-24 10:48:51 status unpacked evince-common:all 46.0-1build1
2024-04-24 10:48:51 status half-configured evince-common:all 46.0-1build1
2024-04-24 10:48:51 status installed evince-common:all 46.0-1build1
2024-04-24 10:48:51 configure libvisual-0.4-0:amd64 0.4.2-2build1 <none>
2024-04-24 10:48:51 status unpacked libvisual-0.4-0:amd64 0.4.2-2build1
2024-04-24 10:48:51 status half-configured libvisual-0.4-0:amd64 0.4.2-2build1
2024-04-24 10:48:51 status installed libvisual-0.4-0:amd64 0.4.2-2build1
2024-04-24 10:48:51 configure python3-gdbm:amd64 3.12.3-0ubuntu1 <none>
2024-04-24 10:48:51 status unpacked python3-gdbm:amd64 3.12.3-0ubuntu1
2024-04-24 10:48:51 status half-configured python3-gdbm:amd64 3.12.3-0ubuntu1
2024-04-24 10:48:51 status installed python3-gdbm:amd64 3.12.3-0ubuntu1
2024-04-24 10:48:51 configure gnome-menus:amd64 3.36.0-1.1ubuntu3 <none>
2024-04-24 10:48:51 status unpacked gnome-menus:amd64 3.36.0-1.1ubuntu3
2024-04-24 10:48:51 status half-configured gnome-menus:amd64 3.36.0-1.1ubuntu3
2024-04-24 10:48:51 status installed gnome-menus:amd64 3.36.0-1.1ubuntu3
2024-04-24 10:48:51 configure libxcb-render0:amd64 1.15-1ubuntu2 <none>
2024-04-24 10:48:51 status unpacked libxcb-render0:amd64 1.15-1ubuntu2
2024-04-24 10:48:51 status half-configured libxcb-render0:amd64 1.15-1ubuntu2
2024-04-24 10:48:51 status installed libxcb-render0:amd64 1.15-1ubuntu2
2024-04-24 10:48:51 configure python3-problem-report:all 2.28.1-0ubuntu2 <none>
2024-04-24 10:48:51 status unpacked python3-problem-report:all 2.28.1-0ubuntu2
2024-04-24 10:48:51 status half-configured python3-problem-report:all 2.28.1-0ubuntu2
2024-04-24 10:48:51 status installed python3-problem-report:all 2.28.1-0ubuntu2
2024-04-24 10:48:51 configure libip6tc2:amd64 1.8.10-3ubuntu2 <none>
2024-04-24 10:48:51 status unpacked libip6tc2:amd64 1.8.10-3ubuntu2
2024-04-24 10:48:51 status half-configured libip6tc2:amd64 1.8.10-3ubuntu2
2024-04-24 10:48:51 status installed libip6tc2:amd64 1.8.10-3ubuntu2
2024-04-24 10:48:51 configure libaspell15:amd64 0.60.8.1-1build1 <none>
2024-04-24 10:48:51 status unpacked libaspell15:amd64 0.60.8.1-1build1
2024-04-24 10:48:51 status half-configured libaspell15:amd64 0.60.8.1-1build1
2024-04-24 10:48:51 status installed libaspell15:amd64 0.60.8.1-1build1
2024-04-24 10:48:51 configure manpages:all 6.7-2 <none>
2024-04-24 10:48:51 status unpacked manpages:all 6.7-2
2024-04-24 10:48:51 status half-configured manpages:all 6.7-2
2024-04-24 10:48:51 status installed manpages:all 6.7-2
2024-04-24 10:48:51 configure libglvnd0:amd64 1.7.0-1build1 <none>
2024-04-24 10:48:51 status unpacked libglvnd0:amd64 1.7.0-1build1
2024-04-24 10:48:51 status half-configured libglvnd0:amd64 1.7.0-1build1
2024-04-24 10:48:51 status installed libglvnd0:amd64 1.7.0-1build1
2024-04-24 10:48:51 configure libwnck-3-common:all 43.0-3build4 <none>
2024-04-24 10:48:51 status unpacked libwnck-3-common:all 43.0-3build4
2024-04-24 10:48:51 status half-configured libwnck-3-common:all 43.0-3build4
2024-04-24 10:48:51 status installed libwnck-3-common:all 43.0-3build4
2024-04-24 10:48:51 configure libsnmp-base:all 5.9.4+dfsg-1.1ubuntu3 <none>
2024-04-24 10:48:51 status unpacked libsnmp-base:all 5.9.4+dfsg-1.1ubuntu3
2024-04-24 10:48:51 status half-configured libsnmp-base:all 5.9.4+dfsg-1.1ubuntu3
2024-04-24 10:48:51 status installed libsnmp-base:all 5.9.4+dfsg-1.1ubuntu3
2024-04-24 10:48:51 configure libinih1:amd64 55-1ubuntu2 <none>
2024-04-24 10:48:51 status unpacked libinih1:amd64 55-1ubuntu2
2024-04-24 10:48:51 status half-configured libinih1:amd64 55-1ubuntu2
2024-04-24 10:48:51 status installed libinih1:amd64 55-1ubuntu2
2024-04-24 10:48:51 configure libtdb1:amd64 1.4.10-1build1 <none>
2024-04-24 10:48:51 status unpacked libtdb1:amd64 1.4.10-1build1
2024-04-24 10:48:51 status half-configured libtdb1:amd64 1.4.10-1build1
2024-04-24 10:48:51 status installed libtdb1:amd64 1.4.10-1build1
2024-04-24 10:48:51 configure libtotem-plparser-common:all 3.26.6-1build5 <none>
2024-04-24 10:48:51 status unpacked libtotem-plparser-common:all 3.26.6-1build5
2024-04-24 10:48:51 status half-configured libtotem-plparser-common:all 3.26.6-1build5
2024-04-24 10:48:51 status installed libtotem-plparser-common:all 3.26.6-1build5
2024-04-24 10:48:51 configure libmaxminddb0:amd64 1.9.1-1build1 <none>
2024-04-24 10:48:51 status unpacked libmaxminddb0:amd64 1.9.1-1build1
2024-04-24 10:48:51 status half-configured libmaxminddb0:amd64 1.9.1-1build1
2024-04-24 10:48:51 status installed libmaxminddb0:amd64 1.9.1-1build1
2024-04-24 10:48:51 configure fonts-ubuntu:all 0.869+git20240321-0ubuntu1 <none>
2024-04-24 10:48:51 status unpacked fonts-ubuntu:all 0.869+git20240321-0ubuntu1
2024-04-24 10:48:51 status half-configured fonts-ubuntu:all 0.869+git20240321-0ubuntu1
2024-04-24 10:48:51 status installed fonts-ubuntu:all 0.869+git20240321-0ubuntu1
2024-04-24 10:48:51 configure libefivar1t64:amd64 38-3.1build1 <none>
2024-04-24 10:48:51 status unpacked libefivar1t64:amd64 38-3.1build1
2024-04-24 10:48:51 status half-configured libefivar1t64:amd64 38-3.1build1
2024-04-24 10:48:51 status installed libefivar1t64:amd64 38-3.1build1
2024-04-24 10:48:51 configure libijs-0.35:amd64 0.35-15.1build1 <none>
2024-04-24 10:48:51 status unpacked libijs-0.35:amd64 0.35-15.1build1
2024-04-24 10:48:51 status half-configured libijs-0.35:amd64 0.35-15.1build1
2024-04-24 10:48:51 status installed libijs-0.35:amd64 0.35-15.1build1
2024-04-24 10:48:51 configure libtss2-rc0t64:amd64 4.0.1-7.1ubuntu5 <none>
2024-04-24 10:48:51 status unpacked libtss2-rc0t64:amd64 4.0.1-7.1ubuntu5
2024-04-24 10:48:51 status half-configured libtss2-rc0t64:amd64 4.0.1-7.1ubuntu5
2024-04-24 10:48:51 status installed libtss2-rc0t64:amd64 4.0.1-7.1ubuntu5
2024-04-24 10:48:51 configure python3-olefile:all 0.46-3 <none>
2024-04-24 10:48:51 status unpacked python3-olefile:all 0.46-3
2024-04-24 10:48:51 status half-configured python3-olefile:all 0.46-3
2024-04-24 10:48:51 status installed python3-olefile:all 0.46-3
2024-04-24 10:48:51 configure libu2f-udev:all 1.1.10-3build3 <none>
2024-04-24 10:48:51 status unpacked libu2f-udev:all 1.1.10-3build3
2024-04-24 10:48:51 status half-configured libu2f-udev:all 1.1.10-3build3
2024-04-24 10:48:51 status installed libu2f-udev:all 1.1.10-3build3
2024-04-24 10:48:51 configure cups-common:all 2.4.7-1.2ubuntu7 <none>
2024-04-24 10:48:51 status unpacked cups-common:all 2.4.7-1.2ubuntu7
2024-04-24 10:48:51 status half-configured cups-common:all 2.4.7-1.2ubuntu7
2024-04-24 10:48:51 status installed cups-common:all 2.4.7-1.2ubuntu7
2024-04-24 10:48:51 configure libxmlb2:amd64 0.3.18-1 <none>
2024-04-24 10:48:51 status unpacked libxmlb2:amd64 0.3.18-1
2024-04-24 10:48:51 status half-configured libxmlb2:amd64 0.3.18-1
2024-04-24 10:48:51 status installed libxmlb2:amd64 0.3.18-1
2024-04-24 10:48:51 configure libxcb-glx0:amd64 1.15-1ubuntu2 <none>
2024-04-24 10:48:51 status unpacked libxcb-glx0:amd64 1.15-1ubuntu2
2024-04-24 10:48:51 status half-configured libxcb-glx0:amd64 1.15-1ubuntu2
2024-04-24 10:48:51 status installed libxcb-glx0:amd64 1.15-1ubuntu2
2024-04-24 10:48:51 configure unzip:amd64 6.0-28ubuntu4 <none>
2024-04-24 10:48:51 status unpacked unzip:amd64 6.0-28ubuntu4
2024-04-24 10:48:51 status half-configured unzip:amd64 6.0-28ubuntu4
2024-04-24 10:48:51 status installed unzip:amd64 6.0-28ubuntu4
2024-04-24 10:48:51 configure libdbusmenu-glib4:amd64 18.10.20180917~bzr492+repack1-3.1ubuntu5 <none>
2024-04-24 10:48:51 status unpacked libdbusmenu-glib4:amd64 18.10.20180917~bzr492+repack1-3.1ubuntu5
2024-04-24 10:48:51 status half-configured libdbusmenu-glib4:amd64 18.10.20180917~bzr492+repack1-3.1ubuntu5
2024-04-24 10:48:51 status installed libdbusmenu-glib4:amd64 18.10.20180917~bzr492+repack1-3.1ubuntu5
2024-04-24 10:48:51 configure linux-sound-base:all 1.0.25+dfsg-0ubuntu7 <none>
2024-04-24 10:48:51 status unpacked linux-sound-base:all 1.0.25+dfsg-0ubuntu7
2024-04-24 10:48:51 status half-configured linux-sound-base:all 1.0.25+dfsg-0ubuntu7
2024-04-24 10:48:52 status installed linux-sound-base:all 1.0.25+dfsg-0ubuntu7
2024-04-24 10:48:52 configure libgs-common:all 10.02.1~dfsg1-0ubuntu7 <none>
2024-04-24 10:48:52 status unpacked libgs-common:all 10.02.1~dfsg1-0ubuntu7
2024-04-24 10:48:52 status half-configured libgs-common:all 10.02.1~dfsg1-0ubuntu7
2024-04-24 10:48:52 status installed libgs-common:all 10.02.1~dfsg1-0ubuntu7
2024-04-24 10:48:52 configure libbrotli1:amd64 1.1.0-2build2 <none>
2024-04-24 10:48:52 status unpacked libbrotli1:amd64 1.1.0-2build2
2024-04-24 10:48:52 status half-configured libbrotli1:amd64 1.1.0-2build2
2024-04-24 10:48:52 status installed libbrotli1:amd64 1.1.0-2build2
2024-04-24 10:48:52 configure libunity-scopes-json-def-desktop:all 7.1.4+19.04.20190319-6build4 <none>
2024-04-24 10:48:52 status unpacked libunity-scopes-json-def-desktop:all 7.1.4+19.04.20190319-6build4
2024-04-24 10:48:52 status half-configured libunity-scopes-json-def-desktop:all 7.1.4+19.04.20190319-6build4
2024-04-24 10:48:52 status installed libunity-scopes-json-def-desktop:all 7.1.4+19.04.20190319-6build4
2024-04-24 10:48:52 configure wireless-regdb:all 2022.06.06-0ubuntu2 <none>
2024-04-24 10:48:52 status unpacked wireless-regdb:all 2022.06.06-0ubuntu2
2024-04-24 10:48:52 status half-configured wireless-regdb:all 2022.06.06-0ubuntu2
2024-04-24 10:48:52 status installed wireless-regdb:all 2022.06.06-0ubuntu2
2024-04-24 10:48:52 configure fonts-noto-cjk:all 1:20230817+repack1-3 <none>
2024-04-24 10:48:52 status unpacked fonts-noto-cjk:all 1:20230817+repack1-3
2024-04-24 10:48:52 status half-configured fonts-noto-cjk:all 1:20230817+repack1-3
2024-04-24 10:48:52 status installed fonts-noto-cjk:all 1:20230817+repack1-3
2024-04-24 10:48:52 configure libtss2-mu-4.0.1-0t64:amd64 4.0.1-7.1ubuntu5 <none>
2024-04-24 10:48:52 status unpacked libtss2-mu-4.0.1-0t64:amd64 4.0.1-7.1ubuntu5
2024-04-24 10:48:52 status half-configured libtss2-mu-4.0.1-0t64:amd64 4.0.1-7.1ubuntu5
2024-04-24 10:48:52 status installed libtss2-mu-4.0.1-0t64:amd64 4.0.1-7.1ubuntu5
2024-04-24 10:48:52 configure python3-debconf:all 1.5.86ubuntu1 <none>
2024-04-24 10:48:52 status unpacked python3-debconf:all 1.5.86ubuntu1
2024-04-24 10:48:52 status half-configured python3-debconf:all 1.5.86ubuntu1
2024-04-24 10:48:52 status installed python3-debconf:all 1.5.86ubuntu1
2024-04-24 10:48:52 configure libsasl2-modules:amd64 2.1.28+dfsg1-5ubuntu3 <none>
2024-04-24 10:48:52 status unpacked libsasl2-modules:amd64 2.1.28+dfsg1-5ubuntu3
2024-04-24 10:48:52 status half-configured libsasl2-modules:amd64 2.1.28+dfsg1-5ubuntu3
2024-04-24 10:48:52 status installed libsasl2-modules:amd64 2.1.28+dfsg1-5ubuntu3
2024-04-24 10:48:52 configure libgdk-pixbuf2.0-common:all 2.42.10+dfsg-3ubuntu3 <none>
2024-04-24 10:48:52 status unpacked libgdk-pixbuf2.0-common:all 2.42.10+dfsg-3ubuntu3
2024-04-24 10:48:52 status half-configured libgdk-pixbuf2.0-common:all 2.42.10+dfsg-3ubuntu3
2024-04-24 10:48:52 status installed libgdk-pixbuf2.0-common:all 2.42.10+dfsg-3ubuntu3
2024-04-24 10:48:52 configure libuv1t64:amd64 1.48.0-1.1build1 <none>
2024-04-24 10:48:52 status unpacked libuv1t64:amd64 1.48.0-1.1build1
2024-04-24 10:48:52 status half-configured libuv1t64:amd64 1.48.0-1.1build1
2024-04-24 10:48:52 status installed libuv1t64:amd64 1.48.0-1.1build1
2024-04-24 10:48:52 configure dosfstools:amd64 4.2-1.1build1 <none>
2024-04-24 10:48:52 status unpacked dosfstools:amd64 4.2-1.1build1
2024-04-24 10:48:52 status half-configured dosfstools:amd64 4.2-1.1build1
2024-04-24 10:48:52 status installed dosfstools:amd64 4.2-1.1build1
2024-04-24 10:48:52 configure libmagic1t64:amd64 1:5.45-3build1 <none>
2024-04-24 10:48:52 status unpacked libmagic1t64:amd64 1:5.45-3build1
2024-04-24 10:48:52 status half-configured libmagic1t64:amd64 1:5.45-3build1
2024-04-24 10:48:52 status installed libmagic1t64:amd64 1:5.45-3build1
2024-04-24 10:48:52 configure libibus-1.0-5:amd64 1.5.29-2 <none>
2024-04-24 10:48:52 status unpacked libibus-1.0-5:amd64 1.5.29-2
2024-04-24 10:48:52 status half-configured libibus-1.0-5:amd64 1.5.29-2
2024-04-24 10:48:52 status installed libibus-1.0-5:amd64 1.5.29-2
2024-04-24 10:48:52 configure libgdata-common:all 0.18.1-6build2 <none>
2024-04-24 10:48:52 status unpacked libgdata-common:all 0.18.1-6build2
2024-04-24 10:48:52 status half-configured libgdata-common:all 0.18.1-6build2
2024-04-24 10:48:52 status installed libgdata-common:all 0.18.1-6build2
2024-04-24 10:48:52 configure libxcb-keysyms1:amd64 0.4.0-1build4 <none>
2024-04-24 10:48:52 status unpacked libxcb-keysyms1:amd64 0.4.0-1build4
2024-04-24 10:48:52 status half-configured libxcb-keysyms1:amd64 0.4.0-1build4
2024-04-24 10:48:52 status installed libxcb-keysyms1:amd64 0.4.0-1build4
2024-04-24 10:48:52 configure libcollection4t64:amd64 0.6.2-2.1build1 <none>
2024-04-24 10:48:52 status unpacked libcollection4t64:amd64 0.6.2-2.1build1
2024-04-24 10:48:52 status half-configured libcollection4t64:amd64 0.6.2-2.1build1
2024-04-24 10:48:52 status installed libcollection4t64:amd64 0.6.2-2.1build1
2024-04-24 10:48:52 configure libxcb-shape0:amd64 1.15-1ubuntu2 <none>
2024-04-24 10:48:52 status unpacked libxcb-shape0:amd64 1.15-1ubuntu2
2024-04-24 10:48:52 status half-configured libxcb-shape0:amd64 1.15-1ubuntu2
2024-04-24 10:48:52 status installed libxcb-shape0:amd64 1.15-1ubuntu2
2024-04-24 10:48:52 configure x11-common:all 1:7.7+23ubuntu3 <none>
2024-04-24 10:48:52 status unpacked x11-common:all 1:7.7+23ubuntu3
2024-04-24 10:48:52 status half-configured x11-common:all 1:7.7+23ubuntu3
2024-04-24 10:48:52 status installed x11-common:all 1:7.7+23ubuntu3
2024-04-24 10:48:52 configure libsensors-config:all 1:3.6.0-9build1 <none>
2024-04-24 10:48:52 status unpacked libsensors-config:all 1:3.6.0-9build1
2024-04-24 10:48:52 status half-configured libsensors-config:all 1:3.6.0-9build1
2024-04-24 10:48:52 status installed libsensors-config:all 1:3.6.0-9build1
2024-04-24 10:48:52 configure libpsl5t64:amd64 0.21.2-1.1build1 <none>
2024-04-24 10:48:52 status unpacked libpsl5t64:amd64 0.21.2-1.1build1
2024-04-24 10:48:52 status half-configured libpsl5t64:amd64 0.21.2-1.1build1
2024-04-24 10:48:52 status installed libpsl5t64:amd64 0.21.2-1.1build1
2024-04-24 10:48:52 configure libnghttp2-14:amd64 1.59.0-1build4 <none>
2024-04-24 10:48:52 status unpacked libnghttp2-14:amd64 1.59.0-1build4
2024-04-24 10:48:52 status half-configured libnghttp2-14:amd64 1.59.0-1build4
2024-04-24 10:48:52 status installed libnghttp2-14:amd64 1.59.0-1build4
2024-04-24 10:48:52 configure libldacbt-enc2:amd64 2.0.2.3+git20200429+ed310a0-4ubuntu2 <none>
2024-04-24 10:48:52 status unpacked libldacbt-enc2:amd64 2.0.2.3+git20200429+ed310a0-4ubuntu2
2024-04-24 10:48:52 status half-configured libldacbt-enc2:amd64 2.0.2.3+git20200429+ed310a0-4ubuntu2
2024-04-24 10:48:52 status installed libldacbt-enc2:amd64 2.0.2.3+git20200429+ed310a0-4ubuntu2
2024-04-24 10:48:52 configure inetutils-telnet:amd64 2:2.5-3ubuntu4 <none>
2024-04-24 10:48:52 status unpacked inetutils-telnet:amd64 2:2.5-3ubuntu4
2024-04-24 10:48:52 status half-configured inetutils-telnet:amd64 2:2.5-3ubuntu4
2024-04-24 10:48:52 status installed inetutils-telnet:amd64 2:2.5-3ubuntu4
2024-04-24 10:48:52 configure libcdio19t64:amd64 2.1.0-4.1ubuntu1 <none>
2024-04-24 10:48:52 status unpacked libcdio19t64:amd64 2.1.0-4.1ubuntu1
2024-04-24 10:48:52 status half-configured libcdio19t64:amd64 2.1.0-4.1ubuntu1
2024-04-24 10:48:52 status installed libcdio19t64:amd64 2.1.0-4.1ubuntu1
2024-04-24 10:48:52 configure libdeflate0:amd64 1.19-1build1 <none>
2024-04-24 10:48:52 status unpacked libdeflate0:amd64 1.19-1build1
2024-04-24 10:48:52 status half-configured libdeflate0:amd64 1.19-1build1
2024-04-24 10:48:52 status installed libdeflate0:amd64 1.19-1build1
2024-04-24 10:48:52 configure libsysmetrics1:amd64 1.7.3build2 <none>
2024-04-24 10:48:52 status unpacked libsysmetrics1:amd64 1.7.3build2
2024-04-24 10:48:52 status half-configured libsysmetrics1:amd64 1.7.3build2
2024-04-24 10:48:52 status installed libsysmetrics1:amd64 1.7.3build2
2024-04-24 10:48:52 configure m17n-db:all 1.8.5-1 <none>
2024-04-24 10:48:52 status unpacked m17n-db:all 1.8.5-1
2024-04-24 10:48:52 status half-configured m17n-db:all 1.8.5-1
2024-04-24 10:48:52 status installed m17n-db:all 1.8.5-1
2024-04-24 10:48:52 configure libwebrtc-audio-processing1:amd64 0.3.1-0ubuntu6 <none>
2024-04-24 10:48:52 status unpacked libwebrtc-audio-processing1:amd64 0.3.1-0ubuntu6
2024-04-24 10:48:52 status half-configured libwebrtc-audio-processing1:amd64 0.3.1-0ubuntu6
2024-04-24 10:48:52 status installed libwebrtc-audio-processing1:amd64 0.3.1-0ubuntu6
2024-04-24 10:48:52 configure perl-openssl-defaults:amd64 7build3 <none>
2024-04-24 10:48:52 status unpacked perl-openssl-defaults:amd64 7build3
2024-04-24 10:48:52 status half-configured perl-openssl-defaults:amd64 7build3
2024-04-24 10:48:52 status installed perl-openssl-defaults:amd64 7build3
2024-04-24 10:48:52 configure libexempi8:amd64 2.6.5-1build1 <none>
2024-04-24 10:48:52 status unpacked libexempi8:amd64 2.6.5-1build1
2024-04-24 10:48:52 status half-configured libexempi8:amd64 2.6.5-1build1
2024-04-24 10:48:52 status installed libexempi8:amd64 2.6.5-1build1
2024-04-24 10:48:52 configure bc:amd64 1.07.1-3ubuntu4 <none>
2024-04-24 10:48:52 status unpacked bc:amd64 1.07.1-3ubuntu4
2024-04-24 10:48:52 status half-configured bc:amd64 1.07.1-3ubuntu4
2024-04-24 10:48:52 status installed bc:amd64 1.07.1-3ubuntu4
2024-04-24 10:48:52 configure libglib2.0-bin:amd64 2.80.0-6ubuntu1 <none>
2024-04-24 10:48:52 status unpacked libglib2.0-bin:amd64 2.80.0-6ubuntu1
2024-04-24 10:48:52 status half-configured libglib2.0-bin:amd64 2.80.0-6ubuntu1
2024-04-24 10:48:52 status installed libglib2.0-bin:amd64 2.80.0-6ubuntu1
2024-04-24 10:48:52 configure gnome-themes-extra-data:all 3.28-2ubuntu5 <none>
2024-04-24 10:48:52 status unpacked gnome-themes-extra-data:all 3.28-2ubuntu5
2024-04-24 10:48:52 status half-configured gnome-themes-extra-data:all 3.28-2ubuntu5
2024-04-24 10:48:52 status installed gnome-themes-extra-data:all 3.28-2ubuntu5
2024-04-24 10:48:52 configure gettext-base:amd64 0.21-14ubuntu2 <none>
2024-04-24 10:48:52 status unpacked gettext-base:amd64 0.21-14ubuntu2
2024-04-24 10:48:52 status half-configured gettext-base:amd64 0.21-14ubuntu2
2024-04-24 10:48:52 status installed gettext-base:amd64 0.21-14ubuntu2
2024-04-24 10:48:52 configure libpackagekit-glib2-18:amd64 1.2.8-2build3 <none>
2024-04-24 10:48:52 status unpacked libpackagekit-glib2-18:amd64 1.2.8-2build3
2024-04-24 10:48:52 status half-configured libpackagekit-glib2-18:amd64 1.2.8-2build3
2024-04-24 10:48:52 status installed libpackagekit-glib2-18:amd64 1.2.8-2build3
2024-04-24 10:48:52 configure fwupd-signed:amd64 1.52+1.4-1 <none>
2024-04-24 10:48:52 status unpacked fwupd-signed:amd64 1.52+1.4-1
2024-04-24 10:48:52 status half-configured fwupd-signed:amd64 1.52+1.4-1
2024-04-24 10:48:52 status installed fwupd-signed:amd64 1.52+1.4-1
2024-04-24 10:48:52 configure libxcb-render-util0:amd64 0.3.9-1build4 <none>
2024-04-24 10:48:52 status unpacked libxcb-render-util0:amd64 0.3.9-1build4
2024-04-24 10:48:52 status half-configured libxcb-render-util0:amd64 0.3.9-1build4
2024-04-24 10:48:52 status installed libxcb-render-util0:amd64 0.3.9-1build4
2024-04-24 10:48:52 configure apg:amd64 2.2.3.dfsg.1-5build3 <none>
2024-04-24 10:48:52 status unpacked apg:amd64 2.2.3.dfsg.1-5build3
2024-04-24 10:48:52 status half-configured apg:amd64 2.2.3.dfsg.1-5build3
2024-04-24 10:48:52 status installed apg:amd64 2.2.3.dfsg.1-5build3
2024-04-24 10:48:52 configure libnftnl11:amd64 1.2.6-2build1 <none>
2024-04-24 10:48:52 status unpacked libnftnl11:amd64 1.2.6-2build1
2024-04-24 10:48:52 status half-configured libnftnl11:amd64 1.2.6-2build1
2024-04-24 10:48:52 status installed libnftnl11:amd64 1.2.6-2build1
2024-04-24 10:48:52 configure hdparm:amd64 9.65+ds-1build1 <none>
2024-04-24 10:48:52 status unpacked hdparm:amd64 9.65+ds-1build1
2024-04-24 10:48:52 status half-configured hdparm:amd64 9.65+ds-1build1
2024-04-24 10:48:52 status installed hdparm:amd64 9.65+ds-1build1
2024-04-24 10:48:52 configure python3-lazr.uri:all 1.0.6-3 <none>
2024-04-24 10:48:52 status unpacked python3-lazr.uri:all 1.0.6-3
2024-04-24 10:48:52 status half-configured python3-lazr.uri:all 1.0.6-3
2024-04-24 10:48:52 status installed python3-lazr.uri:all 1.0.6-3
2024-04-24 10:48:52 configure libpeas-common:all 1.36.0-3build4 <none>
2024-04-24 10:48:52 status unpacked libpeas-common:all 1.36.0-3build4
2024-04-24 10:48:52 status half-configured libpeas-common:all 1.36.0-3build4
2024-04-24 10:48:52 status installed libpeas-common:all 1.36.0-3build4
2024-04-24 10:48:52 configure libxcb-shm0:amd64 1.15-1ubuntu2 <none>
2024-04-24 10:48:52 status unpacked libxcb-shm0:amd64 1.15-1ubuntu2
2024-04-24 10:48:52 status half-configured libxcb-shm0:amd64 1.15-1ubuntu2
2024-04-24 10:48:52 status installed libxcb-shm0:amd64 1.15-1ubuntu2
2024-04-24 10:48:52 configure libxcb-icccm4:amd64 0.4.1-1.1build3 <none>
2024-04-24 10:48:52 status unpacked libxcb-icccm4:amd64 0.4.1-1.1build3
2024-04-24 10:48:52 status half-configured libxcb-icccm4:amd64 0.4.1-1.1build3
2024-04-24 10:48:52 status installed libxcb-icccm4:amd64 0.4.1-1.1build3
2024-04-24 10:48:52 configure fonts-arphic-uming:all 0.2.20080216.2-10ubuntu2 <none>
2024-04-24 10:48:52 status unpacked fonts-arphic-uming:all 0.2.20080216.2-10ubuntu2
2024-04-24 10:48:52 status half-configured fonts-arphic-uming:all 0.2.20080216.2-10ubuntu2
2024-04-24 10:48:52 status installed fonts-arphic-uming:all 0.2.20080216.2-10ubuntu2
2024-04-24 10:48:52 configure libwhoopsie0:amd64 0.2.77build3 <none>
2024-04-24 10:48:52 status unpacked libwhoopsie0:amd64 0.2.77build3
2024-04-24 10:48:52 status half-configured libwhoopsie0:amd64 0.2.77build3
2024-04-24 10:48:52 status installed libwhoopsie0:amd64 0.2.77build3
2024-04-24 10:48:52 configure libtss2-tcti-libtpms0t64:amd64 4.0.1-7.1ubuntu5 <none>
2024-04-24 10:48:52 status unpacked libtss2-tcti-libtpms0t64:amd64 4.0.1-7.1ubuntu5
2024-04-24 10:48:52 status half-configured libtss2-tcti-libtpms0t64:amd64 4.0.1-7.1ubuntu5
2024-04-24 10:48:52 status installed libtss2-tcti-libtpms0t64:amd64 4.0.1-7.1ubuntu5
2024-04-24 10:48:52 configure file:amd64 1:5.45-3build1 <none>
2024-04-24 10:48:52 status unpacked file:amd64 1:5.45-3build1
2024-04-24 10:48:52 status half-configured file:amd64 1:5.45-3build1
2024-04-24 10:48:52 status installed file:amd64 1:5.45-3build1
2024-04-24 10:48:52 configure libpaper-utils:amd64 1.1.29build1 <none>
2024-04-24 10:48:52 status unpacked libpaper-utils:amd64 1.1.29build1
2024-04-24 10:48:52 status half-configured libpaper-utils:amd64 1.1.29build1
2024-04-24 10:48:52 status installed libpaper-utils:amd64 1.1.29build1
2024-04-24 10:48:52 configure libsoup-3.0-common:all 3.4.4-5build2 <none>
2024-04-24 10:48:52 status unpacked libsoup-3.0-common:all 3.4.4-5build2
2024-04-24 10:48:52 status half-configured libsoup-3.0-common:all 3.4.4-5build2
2024-04-24 10:48:52 status installed libsoup-3.0-common:all 3.4.4-5build2
2024-04-24 10:48:52 configure libmpg123-0t64:amd64 1.32.5-1ubuntu1 <none>
2024-04-24 10:48:52 status unpacked libmpg123-0t64:amd64 1.32.5-1ubuntu1
2024-04-24 10:48:52 status half-configured libmpg123-0t64:amd64 1.32.5-1ubuntu1
2024-04-24 10:48:52 status installed libmpg123-0t64:amd64 1.32.5-1ubuntu1
2024-04-24 10:48:52 configure libgomp1:amd64 14-20240412-0ubuntu1 <none>
2024-04-24 10:48:52 status unpacked libgomp1:amd64 14-20240412-0ubuntu1
2024-04-24 10:48:52 status half-configured libgomp1:amd64 14-20240412-0ubuntu1
2024-04-24 10:48:52 status installed libgomp1:amd64 14-20240412-0ubuntu1
2024-04-24 10:48:52 configure python3-click:all 8.1.6-2 <none>
2024-04-24 10:48:52 status unpacked python3-click:all 8.1.6-2
2024-04-24 10:48:52 status half-configured python3-click:all 8.1.6-2
2024-04-24 10:48:52 status installed python3-click:all 8.1.6-2
2024-04-24 10:48:52 configure python3-xdg:all 0.28-2 <none>
2024-04-24 10:48:52 status unpacked python3-xdg:all 0.28-2
2024-04-24 10:48:52 status half-configured python3-xdg:all 0.28-2
2024-04-24 10:48:53 status installed python3-xdg:all 0.28-2
2024-04-24 10:48:53 configure lshw:amd64 02.19.git.2021.06.19.996aaad9c7-2build3 <none>
2024-04-24 10:48:53 status unpacked lshw:amd64 02.19.git.2021.06.19.996aaad9c7-2build3
2024-04-24 10:48:53 status half-configured lshw:amd64 02.19.git.2021.06.19.996aaad9c7-2build3
2024-04-24 10:48:53 status installed lshw:amd64 02.19.git.2021.06.19.996aaad9c7-2build3
2024-04-24 10:48:53 configure gir1.2-gdesktopenums-3.0:amd64 46.0-1ubuntu2 <none>
2024-04-24 10:48:53 status unpacked gir1.2-gdesktopenums-3.0:amd64 46.0-1ubuntu2
2024-04-24 10:48:53 status half-configured gir1.2-gdesktopenums-3.0:amd64 46.0-1ubuntu2
2024-04-24 10:48:53 status installed gir1.2-gdesktopenums-3.0:amd64 46.0-1ubuntu2
2024-04-24 10:48:53 configure libldap-common:all 2.6.7+dfsg-1~exp1ubuntu8 <none>
2024-04-24 10:48:53 status unpacked libldap-common:all 2.6.7+dfsg-1~exp1ubuntu8
2024-04-24 10:48:53 status half-configured libldap-common:all 2.6.7+dfsg-1~exp1ubuntu8
2024-04-24 10:48:53 status installed libldap-common:all 2.6.7+dfsg-1~exp1ubuntu8
2024-04-24 10:48:53 configure libunwind8:amd64 1.6.2-3build1 <none>
2024-04-24 10:48:53 status unpacked libunwind8:amd64 1.6.2-3build1
2024-04-24 10:48:53 status half-configured libunwind8:amd64 1.6.2-3build1
2024-04-24 10:48:53 status installed libunwind8:amd64 1.6.2-3build1
2024-04-24 10:48:53 configure python3-markupsafe:amd64 2.1.5-1build2 <none>
2024-04-24 10:48:53 status unpacked python3-markupsafe:amd64 2.1.5-1build2
2024-04-24 10:48:53 status half-configured python3-markupsafe:amd64 2.1.5-1build2
2024-04-24 10:48:53 status installed python3-markupsafe:amd64 2.1.5-1build2
2024-04-24 10:48:53 configure libgphoto2-l10n:all 2.5.31-2.1build2 <none>
2024-04-24 10:48:53 status unpacked libgphoto2-l10n:all 2.5.31-2.1build2
2024-04-24 10:48:53 status half-configured libgphoto2-l10n:all 2.5.31-2.1build2
2024-04-24 10:48:53 status installed libgphoto2-l10n:all 2.5.31-2.1build2
2024-04-24 10:48:53 configure libprotobuf-c1:amd64 1.4.1-1ubuntu4 <none>
2024-04-24 10:48:53 status unpacked libprotobuf-c1:amd64 1.4.1-1ubuntu4
2024-04-24 10:48:53 status half-configured libprotobuf-c1:amd64 1.4.1-1ubuntu4
2024-04-24 10:48:53 status installed libprotobuf-c1:amd64 1.4.1-1ubuntu4
2024-04-24 10:48:53 configure apport-symptoms:all 0.25 <none>
2024-04-24 10:48:53 status unpacked apport-symptoms:all 0.25
2024-04-24 10:48:53 status half-configured apport-symptoms:all 0.25
2024-04-24 10:48:53 status installed apport-symptoms:all 0.25
2024-04-24 10:48:53 configure libjbig0:amd64 2.1-6.1ubuntu2 <none>
2024-04-24 10:48:53 status unpacked libjbig0:amd64 2.1-6.1ubuntu2
2024-04-24 10:48:53 status half-configured libjbig0:amd64 2.1-6.1ubuntu2
2024-04-24 10:48:53 status installed libjbig0:amd64 2.1-6.1ubuntu2
2024-04-24 10:48:53 configure libiw30t64:amd64 30~pre9-16.1ubuntu2 <none>
2024-04-24 10:48:53 status unpacked libiw30t64:amd64 30~pre9-16.1ubuntu2
2024-04-24 10:48:53 status half-configured libiw30t64:amd64 30~pre9-16.1ubuntu2
2024-04-24 10:48:53 status installed libiw30t64:amd64 30~pre9-16.1ubuntu2
2024-04-24 10:48:53 configure libwbclient0:amd64 2:4.19.5+dfsg-4ubuntu9 <none>
2024-04-24 10:48:53 status unpacked libwbclient0:amd64 2:4.19.5+dfsg-4ubuntu9
2024-04-24 10:48:53 status half-configured libwbclient0:amd64 2:4.19.5+dfsg-4ubuntu9
2024-04-24 10:48:53 status installed libwbclient0:amd64 2:4.19.5+dfsg-4ubuntu9
2024-04-24 10:48:53 configure libcolord2:amd64 1.4.7-1build2 <none>
2024-04-24 10:48:53 status unpacked libcolord2:amd64 1.4.7-1build2
2024-04-24 10:48:53 status half-configured libcolord2:amd64 1.4.7-1build2
2024-04-24 10:48:53 status installed libcolord2:amd64 1.4.7-1build2
2024-04-24 10:48:53 configure ntfs-3g:amd64 1:2022.10.3-1.2ubuntu3 <none>
2024-04-24 10:48:53 status unpacked ntfs-3g:amd64 1:2022.10.3-1.2ubuntu3
2024-04-24 10:48:53 status half-configured ntfs-3g:amd64 1:2022.10.3-1.2ubuntu3
2024-04-24 10:48:53 status installed ntfs-3g:amd64 1:2022.10.3-1.2ubuntu3
2024-04-24 10:48:53 configure gnome-terminal-data:all 3.52.0-1ubuntu2 <none>
2024-04-24 10:48:53 status unpacked gnome-terminal-data:all 3.52.0-1ubuntu2
2024-04-24 10:48:53 status half-configured gnome-terminal-data:all 3.52.0-1ubuntu2
2024-04-24 10:48:53 status installed gnome-terminal-data:all 3.52.0-1ubuntu2
2024-04-24 10:48:53 configure libsource-highlight-common:all 3.1.9-4.3build1 <none>
2024-04-24 10:48:53 status unpacked libsource-highlight-common:all 3.1.9-4.3build1
2024-04-24 10:48:53 status half-configured libsource-highlight-common:all 3.1.9-4.3build1
2024-04-24 10:48:53 status installed libsource-highlight-common:all 3.1.9-4.3build1
2024-04-24 10:48:53 configure fdisk:amd64 2.39.3-9ubuntu6 <none>
2024-04-24 10:48:53 status unpacked fdisk:amd64 2.39.3-9ubuntu6
2024-04-24 10:48:53 status half-configured fdisk:amd64 2.39.3-9ubuntu6
2024-04-24 10:48:53 status installed fdisk:amd64 2.39.3-9ubuntu6
2024-04-24 10:48:53 configure libopengl0:amd64 1.7.0-1build1 <none>
2024-04-24 10:48:53 status unpacked libopengl0:amd64 1.7.0-1build1
2024-04-24 10:48:53 status half-configured libopengl0:amd64 1.7.0-1build1
2024-04-24 10:48:53 status installed libopengl0:amd64 1.7.0-1build1
2024-04-24 10:48:53 configure python3-tz:all 2024.1-2 <none>
2024-04-24 10:48:53 status unpacked python3-tz:all 2024.1-2
2024-04-24 10:48:53 status half-configured python3-tz:all 2024.1-2
2024-04-24 10:48:53 status installed python3-tz:all 2024.1-2
2024-04-24 10:48:53 configure colord-data:all 1.4.7-1build2 <none>
2024-04-24 10:48:53 status unpacked colord-data:all 1.4.7-1build2
2024-04-24 10:48:53 status half-configured colord-data:all 1.4.7-1build2
2024-04-24 10:48:53 status installed colord-data:all 1.4.7-1build2
2024-04-24 10:48:53 configure python-babel-localedata:all 2.10.3-3build1 <none>
2024-04-24 10:48:53 status unpacked python-babel-localedata:all 2.10.3-3build1
2024-04-24 10:48:53 status half-configured python-babel-localedata:all 2.10.3-3build1
2024-04-24 10:48:53 status installed python-babel-localedata:all 2.10.3-3build1
2024-04-24 10:48:53 configure libnfs14:amd64 5.0.2-1build1 <none>
2024-04-24 10:48:53 status unpacked libnfs14:amd64 5.0.2-1build1
2024-04-24 10:48:53 status half-configured libnfs14:amd64 5.0.2-1build1
2024-04-24 10:48:53 status installed libnfs14:amd64 5.0.2-1build1
2024-04-24 10:48:53 configure libxcb-util1:amd64 0.4.0-1build3 <none>
2024-04-24 10:48:53 status unpacked libxcb-util1:amd64 0.4.0-1build3
2024-04-24 10:48:53 status half-configured libxcb-util1:amd64 0.4.0-1build3
2024-04-24 10:48:53 status installed libxcb-util1:amd64 0.4.0-1build3
2024-04-24 10:48:53 configure libjansson4:amd64 2.14-2build2 <none>
2024-04-24 10:48:53 status unpacked libjansson4:amd64 2.14-2build2
2024-04-24 10:48:53 status half-configured libjansson4:amd64 2.14-2build2
2024-04-24 10:48:53 status installed libjansson4:amd64 2.14-2build2
2024-04-24 10:48:53 configure poppler-data:all 0.4.12-1 <none>
2024-04-24 10:48:53 status unpacked poppler-data:all 0.4.12-1
2024-04-24 10:48:53 status half-configured poppler-data:all 0.4.12-1
2024-04-24 10:48:53 status installed poppler-data:all 0.4.12-1
2024-04-24 10:48:53 configure libc6-dbg:amd64 2.39-0ubuntu8 <none>
2024-04-24 10:48:53 status unpacked libc6-dbg:amd64 2.39-0ubuntu8
2024-04-24 10:48:53 status half-configured libc6-dbg:amd64 2.39-0ubuntu8
2024-04-24 10:48:53 status installed libc6-dbg:amd64 2.39-0ubuntu8
2024-04-24 10:48:53 configure liborc-0.4-0t64:amd64 1:0.4.38-1build1 <none>
2024-04-24 10:48:53 status unpacked liborc-0.4-0t64:amd64 1:0.4.38-1build1
2024-04-24 10:48:53 status half-configured liborc-0.4-0t64:amd64 1:0.4.38-1build1
2024-04-24 10:48:53 status installed liborc-0.4-0t64:amd64 1:0.4.38-1build1
2024-04-24 10:48:53 configure acl:amd64 2.3.2-1build1 <none>
2024-04-24 10:48:53 status unpacked acl:amd64 2.3.2-1build1
2024-04-24 10:48:53 status half-configured acl:amd64 2.3.2-1build1
2024-04-24 10:48:53 status installed acl:amd64 2.3.2-1build1
2024-04-24 10:48:53 configure libcdio-cdda2t64:amd64 10.2+2.0.1-1.1build2 <none>
2024-04-24 10:48:53 status unpacked libcdio-cdda2t64:amd64 10.2+2.0.1-1.1build2
2024-04-24 10:48:53 status half-configured libcdio-cdda2t64:amd64 10.2+2.0.1-1.1build2
2024-04-24 10:48:53 status installed libcdio-cdda2t64:amd64 10.2+2.0.1-1.1build2
2024-04-24 10:48:53 configure libxcb-xkb1:amd64 1.15-1ubuntu2 <none>
2024-04-24 10:48:53 status unpacked libxcb-xkb1:amd64 1.15-1ubuntu2
2024-04-24 10:48:53 status half-configured libxcb-xkb1:amd64 1.15-1ubuntu2
2024-04-24 10:48:53 status installed libxcb-xkb1:amd64 1.15-1ubuntu2
2024-04-24 10:48:53 configure libxcb-image0:amd64 0.4.0-2build1 <none>
2024-04-24 10:48:53 status unpacked libxcb-image0:amd64 0.4.0-2build1
2024-04-24 10:48:53 status half-configured libxcb-image0:amd64 0.4.0-2build1
2024-04-24 10:48:53 status installed libxcb-image0:amd64 0.4.0-2build1
2024-04-24 10:48:53 configure libgsf-1-114:amd64 1.14.51-2build2 <none>
2024-04-24 10:48:53 status unpacked libgsf-1-114:amd64 1.14.51-2build2
2024-04-24 10:48:53 status half-configured libgsf-1-114:amd64 1.14.51-2build2
2024-04-24 10:48:53 status installed libgsf-1-114:amd64 1.14.51-2build2
2024-04-24 10:48:53 configure libao-common:all 1.2.2+20180113-1.1ubuntu4 <none>
2024-04-24 10:48:53 status unpacked libao-common:all 1.2.2+20180113-1.1ubuntu4
2024-04-24 10:48:53 status half-configured libao-common:all 1.2.2+20180113-1.1ubuntu4
2024-04-24 10:48:53 status installed libao-common:all 1.2.2+20180113-1.1ubuntu4
2024-04-24 10:48:53 configure libdw1t64:amd64 0.190-1.1build4 <none>
2024-04-24 10:48:53 status unpacked libdw1t64:amd64 0.190-1.1build4
2024-04-24 10:48:53 status half-configured libdw1t64:amd64 0.190-1.1build4
2024-04-24 10:48:53 status installed libdw1t64:amd64 0.190-1.1build4
2024-04-24 10:48:53 configure dns-root-data:all 2023112702~willsync1 <none>
2024-04-24 10:48:53 status unpacked dns-root-data:all 2023112702~willsync1
2024-04-24 10:48:53 status half-configured dns-root-data:all 2023112702~willsync1
2024-04-24 10:48:53 status installed dns-root-data:all 2023112702~willsync1
2024-04-24 10:48:53 configure libsasl2-modules-db:amd64 2.1.28+dfsg1-5ubuntu3 <none>
2024-04-24 10:48:53 status unpacked libsasl2-modules-db:amd64 2.1.28+dfsg1-5ubuntu3
2024-04-24 10:48:53 status half-configured libsasl2-modules-db:amd64 2.1.28+dfsg1-5ubuntu3
2024-04-24 10:48:53 status installed libsasl2-modules-db:amd64 2.1.28+dfsg1-5ubuntu3
2024-04-24 10:48:53 configure python3-serial:all 3.5-2 <none>
2024-04-24 10:48:53 status unpacked python3-serial:all 3.5-2
2024-04-24 10:48:53 status half-configured python3-serial:all 3.5-2
2024-04-24 10:48:53 status installed python3-serial:all 3.5-2
2024-04-24 10:48:53 configure libxcb-present0:amd64 1.15-1ubuntu2 <none>
2024-04-24 10:48:53 status unpacked libxcb-present0:amd64 1.15-1ubuntu2
2024-04-24 10:48:53 status half-configured libxcb-present0:amd64 1.15-1ubuntu2
2024-04-24 10:48:53 status installed libxcb-present0:amd64 1.15-1ubuntu2
2024-04-24 10:48:53 configure mscompress:amd64 0.4-10build1 <none>
2024-04-24 10:48:53 status unpacked mscompress:amd64 0.4-10build1
2024-04-24 10:48:53 status half-configured mscompress:amd64 0.4-10build1
2024-04-24 10:48:53 status installed mscompress:amd64 0.4-10build1
2024-04-24 10:48:53 configure libtalloc2:amd64 2.4.2-1build2 <none>
2024-04-24 10:48:53 status unpacked libtalloc2:amd64 2.4.2-1build2
2024-04-24 10:48:53 status half-configured libtalloc2:amd64 2.4.2-1build2
2024-04-24 10:48:53 status installed libtalloc2:amd64 2.4.2-1build2
2024-04-24 10:48:53 configure libdconf1:amd64 0.40.0-4build2 <none>
2024-04-24 10:48:53 status unpacked libdconf1:amd64 0.40.0-4build2
2024-04-24 10:48:53 status half-configured libdconf1:amd64 0.40.0-4build2
2024-04-24 10:48:53 status installed libdconf1:amd64 0.40.0-4build2
2024-04-24 10:48:53 configure libexiv2-27:amd64 0.27.6-1build1 <none>
2024-04-24 10:48:53 status unpacked libexiv2-27:amd64 0.27.6-1build1
2024-04-24 10:48:53 status half-configured libexiv2-27:amd64 0.27.6-1build1
2024-04-24 10:48:53 status installed libexiv2-27:amd64 0.27.6-1build1
2024-04-24 10:48:53 configure gnome-desktop3-data:all 44.0-5build2 <none>
2024-04-24 10:48:53 status unpacked gnome-desktop3-data:all 44.0-5build2
2024-04-24 10:48:53 status half-configured gnome-desktop3-data:all 44.0-5build2
2024-04-24 10:48:53 status installed gnome-desktop3-data:all 44.0-5build2
2024-04-24 10:48:53 configure python3-six:all 1.16.0-4 <none>
2024-04-24 10:48:53 status unpacked python3-six:all 1.16.0-4
2024-04-24 10:48:53 status half-configured python3-six:all 1.16.0-4
2024-04-24 10:48:53 status installed python3-six:all 1.16.0-4
2024-04-24 10:48:53 configure libpython3.12t64:amd64 3.12.3-1 <none>
2024-04-24 10:48:53 status unpacked libpython3.12t64:amd64 3.12.3-1
2024-04-24 10:48:53 status half-configured libpython3.12t64:amd64 3.12.3-1
2024-04-24 10:48:53 status installed libpython3.12t64:amd64 3.12.3-1
2024-04-24 10:48:53 configure libasound2-data:all 1.2.11-1build2 <none>
2024-04-24 10:48:53 status unpacked libasound2-data:all 1.2.11-1build2
2024-04-24 10:48:53 status half-configured libasound2-data:all 1.2.11-1build2
2024-04-24 10:48:53 status installed libasound2-data:all 1.2.11-1build2
2024-04-24 10:48:53 configure dmz-cursor-theme:all 0.4.5ubuntu1 <none>
2024-04-24 10:48:53 status unpacked dmz-cursor-theme:all 0.4.5ubuntu1
2024-04-24 10:48:53 status half-configured dmz-cursor-theme:all 0.4.5ubuntu1
2024-04-24 10:48:53 status installed dmz-cursor-theme:all 0.4.5ubuntu1
2024-04-24 10:48:53 configure gdisk:amd64 1.0.10-1build1 <none>
2024-04-24 10:48:53 status unpacked gdisk:amd64 1.0.10-1build1
2024-04-24 10:48:53 status half-configured gdisk:amd64 1.0.10-1build1
2024-04-24 10:48:53 status installed gdisk:amd64 1.0.10-1build1
2024-04-24 10:48:53 configure libspeechd2:amd64 0.12.0~rc2-2build3 <none>
2024-04-24 10:48:53 status unpacked libspeechd2:amd64 0.12.0~rc2-2build3
2024-04-24 10:48:53 status half-configured libspeechd2:amd64 0.12.0~rc2-2build3
2024-04-24 10:48:53 status installed libspeechd2:amd64 0.12.0~rc2-2build3
2024-04-24 10:48:53 configure libgtop2-common:all 2.41.3-1build4 <none>
2024-04-24 10:48:53 status unpacked libgtop2-common:all 2.41.3-1build4
2024-04-24 10:48:53 status half-configured libgtop2-common:all 2.41.3-1build4
2024-04-24 10:48:53 status installed libgtop2-common:all 2.41.3-1build4
2024-04-24 10:48:53 configure gir1.2-packagekitglib-1.0:amd64 1.2.8-2build3 <none>
2024-04-24 10:48:53 status unpacked gir1.2-packagekitglib-1.0:amd64 1.2.8-2build3
2024-04-24 10:48:53 status half-configured gir1.2-packagekitglib-1.0:amd64 1.2.8-2build3
2024-04-24 10:48:53 status installed gir1.2-packagekitglib-1.0:amd64 1.2.8-2build3
2024-04-24 10:48:53 configure p11-kit-modules:amd64 0.25.3-4ubuntu2 <none>
2024-04-24 10:48:53 status unpacked p11-kit-modules:amd64 0.25.3-4ubuntu2
2024-04-24 10:48:53 status half-configured p11-kit-modules:amd64 0.25.3-4ubuntu2
2024-04-24 10:48:53 status installed p11-kit-modules:amd64 0.25.3-4ubuntu2
2024-04-24 10:48:53 configure libklibc:amd64 2.0.13-4 <none>
2024-04-24 10:48:53 status unpacked libklibc:amd64 2.0.13-4
2024-04-24 10:48:53 status half-configured libklibc:amd64 2.0.13-4
2024-04-24 10:48:53 status installed libklibc:amd64 2.0.13-4
2024-04-24 10:48:53 configure xorg-docs-core:all 1:1.7.1-1.2 <none>
2024-04-24 10:48:53 status unpacked xorg-docs-core:all 1:1.7.1-1.2
2024-04-24 10:48:53 status half-configured xorg-docs-core:all 1:1.7.1-1.2
2024-04-24 10:48:53 status installed xorg-docs-core:all 1:1.7.1-1.2
2024-04-24 10:48:53 configure libpath-utils1t64:amd64 0.6.2-2.1build1 <none>
2024-04-24 10:48:53 status unpacked libpath-utils1t64:amd64 0.6.2-2.1build1
2024-04-24 10:48:53 status half-configured libpath-utils1t64:amd64 0.6.2-2.1build1
2024-04-24 10:48:53 status installed libpath-utils1t64:amd64 0.6.2-2.1build1
2024-04-24 10:48:53 configure zip:amd64 3.0-13build1 <none>
2024-04-24 10:48:53 status unpacked zip:amd64 3.0-13build1
2024-04-24 10:48:53 status half-configured zip:amd64 3.0-13build1
2024-04-24 10:48:53 status installed zip:amd64 3.0-13build1
2024-04-24 10:48:53 configure libfontenc1:amd64 1:1.1.8-1build1 <none>
2024-04-24 10:48:53 status unpacked libfontenc1:amd64 1:1.1.8-1build1
2024-04-24 10:48:53 status half-configured libfontenc1:amd64 1:1.1.8-1build1
2024-04-24 10:48:53 status installed libfontenc1:amd64 1:1.1.8-1build1
2024-04-24 10:48:53 configure python3-jinja2:all 3.1.2-1ubuntu1 <none>
2024-04-24 10:48:53 status unpacked python3-jinja2:all 3.1.2-1ubuntu1
2024-04-24 10:48:53 status half-configured python3-jinja2:all 3.1.2-1ubuntu1
2024-04-24 10:48:54 status installed python3-jinja2:all 3.1.2-1ubuntu1
2024-04-24 10:48:54 configure libpcre2-32-0:amd64 10.42-4ubuntu2 <none>
2024-04-24 10:48:54 status unpacked libpcre2-32-0:amd64 10.42-4ubuntu2
2024-04-24 10:48:54 status half-configured libpcre2-32-0:amd64 10.42-4ubuntu2
2024-04-24 10:48:54 status installed libpcre2-32-0:amd64 10.42-4ubuntu2
2024-04-24 10:48:54 configure libei1:amd64 1.2.1-1 <none>
2024-04-24 10:48:54 status unpacked libei1:amd64 1.2.1-1
2024-04-24 10:48:54 status half-configured libei1:amd64 1.2.1-1
2024-04-24 10:48:54 status installed libei1:amd64 1.2.1-1
2024-04-24 10:48:54 configure gnome-accessibility-themes:all 3.28-2ubuntu5 <none>
2024-04-24 10:48:54 status unpacked gnome-accessibility-themes:all 3.28-2ubuntu5
2024-04-24 10:48:54 status half-configured gnome-accessibility-themes:all 3.28-2ubuntu5
2024-04-24 10:48:54 status installed gnome-accessibility-themes:all 3.28-2ubuntu5
2024-04-24 10:48:54 configure python3-chardet:all 5.2.0+dfsg-1 <none>
2024-04-24 10:48:54 status unpacked python3-chardet:all 5.2.0+dfsg-1
2024-04-24 10:48:54 status half-configured python3-chardet:all 5.2.0+dfsg-1
2024-04-24 10:48:54 status installed python3-chardet:all 5.2.0+dfsg-1
2024-04-24 10:48:54 configure python3-configobj:all 5.0.8-3 <none>
2024-04-24 10:48:54 status unpacked python3-configobj:all 5.0.8-3
2024-04-24 10:48:54 status half-configured python3-configobj:all 5.0.8-3
2024-04-24 10:48:54 status installed python3-configobj:all 5.0.8-3
2024-04-24 10:48:54 configure libgles2:amd64 1.7.0-1build1 <none>
2024-04-24 10:48:54 status unpacked libgles2:amd64 1.7.0-1build1
2024-04-24 10:48:54 status half-configured libgles2:amd64 1.7.0-1build1
2024-04-24 10:48:54 status installed libgles2:amd64 1.7.0-1build1
2024-04-24 10:48:54 configure libasound2t64:amd64 1.2.11-1build2 <none>
2024-04-24 10:48:54 status unpacked libasound2t64:amd64 1.2.11-1build2
2024-04-24 10:48:54 status half-configured libasound2t64:amd64 1.2.11-1build2
2024-04-24 10:48:54 status installed libasound2t64:amd64 1.2.11-1build2
2024-04-24 10:48:54 configure gcc-13-base:amd64 13.2.0-23ubuntu4 <none>
2024-04-24 10:48:54 status unpacked gcc-13-base:amd64 13.2.0-23ubuntu4
2024-04-24 10:48:54 status half-configured gcc-13-base:amd64 13.2.0-23ubuntu4
2024-04-24 10:48:54 status installed gcc-13-base:amd64 13.2.0-23ubuntu4
2024-04-24 10:48:54 configure libllvm17t64:amd64 1:17.0.6-9ubuntu1 <none>
2024-04-24 10:48:54 status unpacked libllvm17t64:amd64 1:17.0.6-9ubuntu1
2024-04-24 10:48:54 status half-configured libllvm17t64:amd64 1:17.0.6-9ubuntu1
2024-04-24 10:48:54 status installed libllvm17t64:amd64 1:17.0.6-9ubuntu1
2024-04-24 10:48:54 configure libqrtr-glib0:amd64 1.2.2-1ubuntu4 <none>
2024-04-24 10:48:54 status unpacked libqrtr-glib0:amd64 1.2.2-1ubuntu4
2024-04-24 10:48:54 status half-configured libqrtr-glib0:amd64 1.2.2-1ubuntu4
2024-04-24 10:48:54 status installed libqrtr-glib0:amd64 1.2.2-1ubuntu4
2024-04-24 10:48:54 configure liblouis-data:all 3.29.0-1build1 <none>
2024-04-24 10:48:54 status unpacked liblouis-data:all 3.29.0-1build1
2024-04-24 10:48:54 status half-configured liblouis-data:all 3.29.0-1build1
2024-04-24 10:48:54 status installed liblouis-data:all 3.29.0-1build1
2024-04-24 10:48:54 configure emacsen-common:all 3.0.5 <none>
2024-04-24 10:48:54 status unpacked emacsen-common:all 3.0.5
2024-04-24 10:48:54 status half-configured emacsen-common:all 3.0.5
2024-04-24 10:48:54 status installed emacsen-common:all 3.0.5
2024-04-24 10:48:54 configure libatasmart4:amd64 0.19-5build3 <none>
2024-04-24 10:48:54 status unpacked libatasmart4:amd64 0.19-5build3
2024-04-24 10:48:54 status half-configured libatasmart4:amd64 0.19-5build3
2024-04-24 10:48:54 status installed libatasmart4:amd64 0.19-5build3
2024-04-24 10:48:54 configure python3-pyparsing:all 3.1.1-1 <none>
2024-04-24 10:48:54 status unpacked python3-pyparsing:all 3.1.1-1
2024-04-24 10:48:54 status half-configured python3-pyparsing:all 3.1.1-1
2024-04-24 10:48:54 status installed python3-pyparsing:all 3.1.1-1
2024-04-24 10:48:54 configure inputattach:amd64 1:1.8.1-2build1 <none>
2024-04-24 10:48:54 status unpacked inputattach:amd64 1:1.8.1-2build1
2024-04-24 10:48:54 status half-configured inputattach:amd64 1:1.8.1-2build1
2024-04-24 10:48:54 status installed inputattach:amd64 1:1.8.1-2build1
2024-04-24 10:48:54 configure libtss2-sys1t64:amd64 4.0.1-7.1ubuntu5 <none>
2024-04-24 10:48:54 status unpacked libtss2-sys1t64:amd64 4.0.1-7.1ubuntu5
2024-04-24 10:48:54 status half-configured libtss2-sys1t64:amd64 4.0.1-7.1ubuntu5
2024-04-24 10:48:54 status installed libtss2-sys1t64:amd64 4.0.1-7.1ubuntu5
2024-04-24 10:48:54 configure busybox-static:amd64 1:1.36.1-6ubuntu3 <none>
2024-04-24 10:48:54 status unpacked busybox-static:amd64 1:1.36.1-6ubuntu3
2024-04-24 10:48:54 status half-configured busybox-static:amd64 1:1.36.1-6ubuntu3
2024-04-24 10:48:54 status installed busybox-static:amd64 1:1.36.1-6ubuntu3
2024-04-24 10:48:54 configure libwrap0:amd64 7.6.q-33 <none>
2024-04-24 10:48:54 status unpacked libwrap0:amd64 7.6.q-33
2024-04-24 10:48:54 status half-configured libwrap0:amd64 7.6.q-33
2024-04-24 10:48:54 status installed libwrap0:amd64 7.6.q-33
2024-04-24 10:48:54 configure python3-certifi:all 2023.11.17-1 <none>
2024-04-24 10:48:54 status unpacked python3-certifi:all 2023.11.17-1
2024-04-24 10:48:54 status half-configured python3-certifi:all 2023.11.17-1
2024-04-24 10:48:54 status installed python3-certifi:all 2023.11.17-1
2024-04-24 10:48:54 configure libnvme1t64:amd64 1.8-3build1 <none>
2024-04-24 10:48:54 status unpacked libnvme1t64:amd64 1.8-3build1
2024-04-24 10:48:54 status half-configured libnvme1t64:amd64 1.8-3build1
2024-04-24 10:48:54 status installed libnvme1t64:amd64 1.8-3build1
2024-04-24 10:48:54 configure libx11-data:all 2:1.8.7-1build1 <none>
2024-04-24 10:48:54 status unpacked libx11-data:all 2:1.8.7-1build1
2024-04-24 10:48:54 status half-configured libx11-data:all 2:1.8.7-1build1
2024-04-24 10:48:54 status installed libx11-data:all 2:1.8.7-1build1
2024-04-24 10:48:54 configure libepoxy0:amd64 1.5.10-1build1 <none>
2024-04-24 10:48:54 status unpacked libepoxy0:amd64 1.5.10-1build1
2024-04-24 10:48:54 status half-configured libepoxy0:amd64 1.5.10-1build1
2024-04-24 10:48:54 status installed libepoxy0:amd64 1.5.10-1build1
2024-04-24 10:48:54 configure libmpfr6:amd64 4.2.1-1build1 <none>
2024-04-24 10:48:54 status unpacked libmpfr6:amd64 4.2.1-1build1
2024-04-24 10:48:54 status half-configured libmpfr6:amd64 4.2.1-1build1
2024-04-24 10:48:54 status installed libmpfr6:amd64 4.2.1-1build1
2024-04-24 10:48:54 configure libnspr4:amd64 2:4.35-1.1build1 <none>
2024-04-24 10:48:54 status unpacked libnspr4:amd64 2:4.35-1.1build1
2024-04-24 10:48:54 status half-configured libnspr4:amd64 2:4.35-1.1build1
2024-04-24 10:48:55 status installed libnspr4:amd64 2:4.35-1.1build1
2024-04-24 10:48:55 configure gnupg-l10n:all 2.4.4-2ubuntu17 <none>
2024-04-24 10:48:55 status unpacked gnupg-l10n:all 2.4.4-2ubuntu17
2024-04-24 10:48:55 status half-configured gnupg-l10n:all 2.4.4-2ubuntu17
2024-04-24 10:48:55 status installed gnupg-l10n:all 2.4.4-2ubuntu17
2024-04-24 10:48:55 configure libspa-0.2-modules:amd64 1.0.5-1 <none>
2024-04-24 10:48:55 status unpacked libspa-0.2-modules:amd64 1.0.5-1
2024-04-24 10:48:55 status half-configured libspa-0.2-modules:amd64 1.0.5-1
2024-04-24 10:48:55 status installed libspa-0.2-modules:amd64 1.0.5-1
2024-04-24 10:48:55 configure ssl-cert:all 1.1.2ubuntu1 <none>
2024-04-24 10:48:55 status unpacked ssl-cert:all 1.1.2ubuntu1
2024-04-24 10:48:55 status half-configured ssl-cert:all 1.1.2ubuntu1
2024-04-24 10:48:55 status installed ssl-cert:all 1.1.2ubuntu1
2024-04-24 10:48:55 configure ed:amd64 1.20.1-1 <none>
2024-04-24 10:48:55 status unpacked ed:amd64 1.20.1-1
2024-04-24 10:48:55 status half-configured ed:amd64 1.20.1-1
2024-04-24 10:48:55 status installed ed:amd64 1.20.1-1
2024-04-24 10:48:55 configure libxcb-sync1:amd64 1.15-1ubuntu2 <none>
2024-04-24 10:48:55 status unpacked libxcb-sync1:amd64 1.15-1ubuntu2
2024-04-24 10:48:55 status half-configured libxcb-sync1:amd64 1.15-1ubuntu2
2024-04-24 10:48:55 status installed libxcb-sync1:amd64 1.15-1ubuntu2
2024-04-24 10:48:55 configure libjbig2dec0:amd64 0.20-1build3 <none>
2024-04-24 10:48:55 status unpacked libjbig2dec0:amd64 0.20-1build3
2024-04-24 10:48:55 status half-configured libjbig2dec0:amd64 0.20-1build3
2024-04-24 10:48:55 status installed libjbig2dec0:amd64 0.20-1build3
2024-04-24 10:48:55 configure librtmp1:amd64 2.4+20151223.gitfa8646d.1-2build7 <none>
2024-04-24 10:48:55 status unpacked librtmp1:amd64 2.4+20151223.gitfa8646d.1-2build7
2024-04-24 10:48:55 status half-configured librtmp1:amd64 2.4+20151223.gitfa8646d.1-2build7
2024-04-24 10:48:55 status installed librtmp1:amd64 2.4+20151223.gitfa8646d.1-2build7
2024-04-24 10:48:55 configure gnome-bluetooth-3-common:all 46.0-1build1 <none>
2024-04-24 10:48:55 status unpacked gnome-bluetooth-3-common:all 46.0-1build1
2024-04-24 10:48:55 status half-configured gnome-bluetooth-3-common:all 46.0-1build1
2024-04-24 10:48:55 status installed gnome-bluetooth-3-common:all 46.0-1build1
2024-04-24 10:48:55 configure libdbus-glib-1-2:amd64 0.112-3build2 <none>
2024-04-24 10:48:55 status unpacked libdbus-glib-1-2:amd64 0.112-3build2
2024-04-24 10:48:55 status half-configured libdbus-glib-1-2:amd64 0.112-3build2
2024-04-24 10:48:55 status installed libdbus-glib-1-2:amd64 0.112-3build2
2024-04-24 10:48:55 configure libteamdctl0:amd64 1.31-1build3 <none>
2024-04-24 10:48:55 status unpacked libteamdctl0:amd64 1.31-1build3
2024-04-24 10:48:55 status half-configured libteamdctl0:amd64 1.31-1build3
2024-04-24 10:48:55 status installed libteamdctl0:amd64 1.31-1build3
2024-04-24 10:48:55 configure libmarisa0:amd64 0.2.6-14ubuntu4 <none>
2024-04-24 10:48:55 status unpacked libmarisa0:amd64 0.2.6-14ubuntu4
2024-04-24 10:48:55 status half-configured libmarisa0:amd64 0.2.6-14ubuntu4
2024-04-24 10:48:55 status installed libmarisa0:amd64 0.2.6-14ubuntu4
2024-04-24 10:48:55 configure python3-cryptography:amd64 41.0.7-4build3 <none>
2024-04-24 10:48:55 status unpacked python3-cryptography:amd64 41.0.7-4build3
2024-04-24 10:48:55 status half-configured python3-cryptography:amd64 41.0.7-4build3
2024-04-24 10:48:55 status installed python3-cryptography:amd64 41.0.7-4build3
2024-04-24 10:48:55 configure friendly-recovery:all 0.2.42 <none>
2024-04-24 10:48:55 status unpacked friendly-recovery:all 0.2.42
2024-04-24 10:48:55 status half-configured friendly-recovery:all 0.2.42
2024-04-24 10:48:55 status installed friendly-recovery:all 0.2.42
2024-04-24 10:48:55 configure libavahi-common-data:amd64 0.8-13ubuntu6 <none>
2024-04-24 10:48:55 status unpacked libavahi-common-data:amd64 0.8-13ubuntu6
2024-04-24 10:48:55 status half-configured libavahi-common-data:amd64 0.8-13ubuntu6
2024-04-24 10:48:55 status installed libavahi-common-data:amd64 0.8-13ubuntu6
2024-04-24 10:48:55 configure libncurses6:amd64 6.4+20240113-1ubuntu2 <none>
2024-04-24 10:48:55 status unpacked libncurses6:amd64 6.4+20240113-1ubuntu2
2024-04-24 10:48:55 status half-configured libncurses6:amd64 6.4+20240113-1ubuntu2
2024-04-24 10:48:55 status installed libncurses6:amd64 6.4+20240113-1ubuntu2
2024-04-24 10:48:55 configure strace:amd64 6.8-0ubuntu2 <none>
2024-04-24 10:48:55 status unpacked strace:amd64 6.8-0ubuntu2
2024-04-24 10:48:55 status half-configured strace:amd64 6.8-0ubuntu2
2024-04-24 10:48:55 status installed strace:amd64 6.8-0ubuntu2
2024-04-24 10:48:55 configure python3-wadllib:all 1.3.6-5 <none>
2024-04-24 10:48:55 status unpacked python3-wadllib:all 1.3.6-5
2024-04-24 10:48:55 status half-configured python3-wadllib:all 1.3.6-5
2024-04-24 10:48:55 status installed python3-wadllib:all 1.3.6-5
2024-04-24 10:48:55 configure wamerican:all 2020.12.07-2 <none>
2024-04-24 10:48:55 status unpacked wamerican:all 2020.12.07-2
2024-04-24 10:48:55 status half-configured wamerican:all 2020.12.07-2
2024-04-24 10:48:56 status installed wamerican:all 2020.12.07-2
2024-04-24 10:48:56 configure xz-utils:amd64 5.6.1+really5.4.5-1 <none>
2024-04-24 10:48:56 status unpacked xz-utils:amd64 5.6.1+really5.4.5-1
2024-04-24 10:48:56 status half-configured xz-utils:amd64 5.6.1+really5.4.5-1
2024-04-24 10:48:56 status installed xz-utils:amd64 5.6.1+really5.4.5-1
2024-04-24 10:48:56 configure xfonts-encodings:all 1:1.0.5-0ubuntu2 <none>
2024-04-24 10:48:56 status unpacked xfonts-encodings:all 1:1.0.5-0ubuntu2
2024-04-24 10:48:56 status half-configured xfonts-encodings:all 1:1.0.5-0ubuntu2
2024-04-24 10:48:56 status installed xfonts-encodings:all 1:1.0.5-0ubuntu2
2024-04-24 10:48:56 configure zenity-common:all 4.0.1-1build3 <none>
2024-04-24 10:48:56 status unpacked zenity-common:all 4.0.1-1build3
2024-04-24 10:48:56 status half-configured zenity-common:all 4.0.1-1build3
2024-04-24 10:48:56 status installed zenity-common:all 4.0.1-1build3
2024-04-24 10:48:56 configure libmtp-common:all 1.1.21-3.1build1 <none>
2024-04-24 10:48:56 status unpacked libmtp-common:all 1.1.21-3.1build1
2024-04-24 10:48:56 status half-configured libmtp-common:all 1.1.21-3.1build1
2024-04-24 10:48:56 status installed libmtp-common:all 1.1.21-3.1build1
2024-04-24 10:48:56 configure perl-modules-5.38:all 5.38.2-3.2build2 <none>
2024-04-24 10:48:56 status unpacked perl-modules-5.38:all 5.38.2-3.2build2
2024-04-24 10:48:56 status half-configured perl-modules-5.38:all 5.38.2-3.2build2
2024-04-24 10:48:56 status installed perl-modules-5.38:all 5.38.2-3.2build2
2024-04-24 10:48:56 configure libopus0:amd64 1.4-1build1 <none>
2024-04-24 10:48:56 status unpacked libopus0:amd64 1.4-1build1
2024-04-24 10:48:56 status half-configured libopus0:amd64 1.4-1build1
2024-04-24 10:48:56 status installed libopus0:amd64 1.4-1build1
2024-04-24 10:48:56 configure python3-commandnotfound:all 23.04.0 <none>
2024-04-24 10:48:56 status unpacked python3-commandnotfound:all 23.04.0
2024-04-24 10:48:56 status half-configured python3-commandnotfound:all 23.04.0
2024-04-24 10:48:56 status installed python3-commandnotfound:all 23.04.0
2024-04-24 10:48:56 configure libexif12:amd64 0.6.24-1build2 <none>
2024-04-24 10:48:56 status unpacked libexif12:amd64 0.6.24-1build2
2024-04-24 10:48:56 status half-configured libexif12:amd64 0.6.24-1build2
2024-04-24 10:48:56 status installed libexif12:amd64 0.6.24-1build2
2024-04-24 10:48:56 configure rfkill:amd64 2.39.3-9ubuntu6 <none>
2024-04-24 10:48:56 status unpacked rfkill:amd64 2.39.3-9ubuntu6
2024-04-24 10:48:56 status half-configured rfkill:amd64 2.39.3-9ubuntu6
2024-04-24 10:48:56 status installed rfkill:amd64 2.39.3-9ubuntu6
2024-04-24 10:48:56 configure libimagequant0:amd64 2.18.0-1build1 <none>
2024-04-24 10:48:56 status unpacked libimagequant0:amd64 2.18.0-1build1
2024-04-24 10:48:56 status half-configured libimagequant0:amd64 2.18.0-1build1
2024-04-24 10:48:56 status installed libimagequant0:amd64 2.18.0-1build1
2024-04-24 10:48:56 configure libbytesize-common:all 2.10-1ubuntu2 <none>
2024-04-24 10:48:56 status unpacked libbytesize-common:all 2.10-1ubuntu2
2024-04-24 10:48:56 status half-configured libbytesize-common:all 2.10-1ubuntu2
2024-04-24 10:48:56 status installed libbytesize-common:all 2.10-1ubuntu2
2024-04-24 10:48:56 configure libcdio-paranoia2t64:amd64 10.2+2.0.1-1.1build2 <none>
2024-04-24 10:48:56 status unpacked libcdio-paranoia2t64:amd64 10.2+2.0.1-1.1build2
2024-04-24 10:48:56 status half-configured libcdio-paranoia2t64:amd64 10.2+2.0.1-1.1build2
2024-04-24 10:48:56 status installed libcdio-paranoia2t64:amd64 10.2+2.0.1-1.1build2
2024-04-24 10:48:56 configure libblockdev-utils3:amd64 3.1.1-1 <none>
2024-04-24 10:48:56 status unpacked libblockdev-utils3:amd64 3.1.1-1
2024-04-24 10:48:56 status half-configured libblockdev-utils3:amd64 3.1.1-1
2024-04-24 10:48:56 status installed libblockdev-utils3:amd64 3.1.1-1
2024-04-24 10:48:56 configure fonts-dejavu-mono:all 2.37-8 <none>
2024-04-24 10:48:56 status unpacked fonts-dejavu-mono:all 2.37-8
2024-04-24 10:48:56 status half-configured fonts-dejavu-mono:all 2.37-8
2024-04-24 10:48:56 status installed fonts-dejavu-mono:all 2.37-8
2024-04-24 10:48:56 configure libpng16-16t64:amd64 1.6.43-5build1 <none>
2024-04-24 10:48:56 status unpacked libpng16-16t64:amd64 1.6.43-5build1
2024-04-24 10:48:56 status half-configured libpng16-16t64:amd64 1.6.43-5build1
2024-04-24 10:48:56 status installed libpng16-16t64:amd64 1.6.43-5build1
2024-04-24 10:48:56 configure libcares2:amd64 1.27.0-1.0ubuntu1 <none>
2024-04-24 10:48:56 status unpacked libcares2:amd64 1.27.0-1.0ubuntu1
2024-04-24 10:48:56 status half-configured libcares2:amd64 1.27.0-1.0ubuntu1
2024-04-24 10:48:56 status installed libcares2:amd64 1.27.0-1.0ubuntu1
2024-04-24 10:48:56 configure usb-modeswitch-data:all 20191128-6 <none>
2024-04-24 10:48:56 status unpacked usb-modeswitch-data:all 20191128-6
2024-04-24 10:48:56 status half-configured usb-modeswitch-data:all 20191128-6
2024-04-24 10:48:56 status installed usb-modeswitch-data:all 20191128-6
2024-04-24 10:48:56 configure libmpc3:amd64 1.3.1-1build1 <none>
2024-04-24 10:48:56 status unpacked libmpc3:amd64 1.3.1-1build1
2024-04-24 10:48:56 status half-configured libmpc3:amd64 1.3.1-1build1
2024-04-24 10:48:56 status installed libmpc3:amd64 1.3.1-1build1
2024-04-24 10:48:56 configure libdhash1t64:amd64 0.6.2-2.1build1 <none>
2024-04-24 10:48:56 status unpacked libdhash1t64:amd64 0.6.2-2.1build1
2024-04-24 10:48:56 status half-configured libdhash1t64:amd64 0.6.2-2.1build1
2024-04-24 10:48:56 status installed libdhash1t64:amd64 0.6.2-2.1build1
2024-04-24 10:48:56 configure libgee-0.8-2:amd64 0.20.6-1build2 <none>
2024-04-24 10:48:56 status unpacked libgee-0.8-2:amd64 0.20.6-1build2
2024-04-24 10:48:56 status half-configured libgee-0.8-2:amd64 0.20.6-1build2
2024-04-24 10:48:56 status installed libgee-0.8-2:amd64 0.20.6-1build2
2024-04-24 10:48:56 configure libtss2-tcti-device0t64:amd64 4.0.1-7.1ubuntu5 <none>
2024-04-24 10:48:56 status unpacked libtss2-tcti-device0t64:amd64 4.0.1-7.1ubuntu5
2024-04-24 10:48:56 status half-configured libtss2-tcti-device0t64:amd64 4.0.1-7.1ubuntu5
2024-04-24 10:48:56 status installed libtss2-tcti-device0t64:amd64 4.0.1-7.1ubuntu5
2024-04-24 10:48:56 configure libatomic1:amd64 14-20240412-0ubuntu1 <none>
2024-04-24 10:48:56 status unpacked libatomic1:amd64 14-20240412-0ubuntu1
2024-04-24 10:48:56 status half-configured libatomic1:amd64 14-20240412-0ubuntu1
2024-04-24 10:48:56 status installed libatomic1:amd64 14-20240412-0ubuntu1
2024-04-24 10:48:56 configure libvorbis0a:amd64 1.3.7-1build3 <none>
2024-04-24 10:48:56 status unpacked libvorbis0a:amd64 1.3.7-1build3
2024-04-24 10:48:56 status half-configured libvorbis0a:amd64 1.3.7-1build3
2024-04-24 10:48:56 status installed libvorbis0a:amd64 1.3.7-1build3
2024-04-24 10:48:56 configure python3-idna:all 3.6-2 <none>
2024-04-24 10:48:56 status unpacked python3-idna:all 3.6-2
2024-04-24 10:48:56 status half-configured python3-idna:all 3.6-2
2024-04-24 10:48:56 status installed python3-idna:all 3.6-2
2024-04-24 10:48:56 configure libidn12:amd64 1.42-1build1 <none>
2024-04-24 10:48:56 status unpacked libidn12:amd64 1.42-1build1
2024-04-24 10:48:56 status half-configured libidn12:amd64 1.42-1build1
2024-04-24 10:48:56 status installed libidn12:amd64 1.42-1build1
2024-04-24 10:48:56 configure libnautilus-extension4:amd64 1:46.0-0ubuntu2 <none>
2024-04-24 10:48:56 status unpacked libnautilus-extension4:amd64 1:46.0-0ubuntu2
2024-04-24 10:48:56 status half-configured libnautilus-extension4:amd64 1:46.0-0ubuntu2
2024-04-24 10:48:56 status installed libnautilus-extension4:amd64 1:46.0-0ubuntu2
2024-04-24 10:48:56 configure patch:amd64 2.7.6-7build3 <none>
2024-04-24 10:48:56 status unpacked patch:amd64 2.7.6-7build3
2024-04-24 10:48:56 status half-configured patch:amd64 2.7.6-7build3
2024-04-24 10:48:56 status installed patch:amd64 2.7.6-7build3
2024-04-24 10:48:56 configure libtcl8.6:amd64 8.6.14+dfsg-1build1 <none>
2024-04-24 10:48:56 status unpacked libtcl8.6:amd64 8.6.14+dfsg-1build1
2024-04-24 10:48:56 status half-configured libtcl8.6:amd64 8.6.14+dfsg-1build1
2024-04-24 10:48:56 status installed libtcl8.6:amd64 8.6.14+dfsg-1build1
2024-04-24 10:48:56 configure usb.ids:all 2024.03.18-1 <none>
2024-04-24 10:48:56 status unpacked usb.ids:all 2024.03.18-1
2024-04-24 10:48:56 status half-configured usb.ids:all 2024.03.18-1
2024-04-24 10:48:56 status installed usb.ids:all 2024.03.18-1
2024-04-24 10:48:56 configure printer-driver-min12xxw:amd64 0.0.9-11build3 <none>
2024-04-24 10:48:56 status unpacked printer-driver-min12xxw:amd64 0.0.9-11build3
2024-04-24 10:48:56 status half-configured printer-driver-min12xxw:amd64 0.0.9-11build3
2024-04-24 10:48:56 status installed printer-driver-min12xxw:amd64 0.0.9-11build3
2024-04-24 10:48:56 configure libipt2:amd64 2.0.6-1build1 <none>
2024-04-24 10:48:56 status unpacked libipt2:amd64 2.0.6-1build1
2024-04-24 10:48:56 status half-configured libipt2:amd64 2.0.6-1build1
2024-04-24 10:48:56 status installed libipt2:amd64 2.0.6-1build1
2024-04-24 10:48:56 configure fonts-dejavu-core:all 2.37-8 <none>
2024-04-24 10:48:56 status unpacked fonts-dejavu-core:all 2.37-8
2024-04-24 10:48:56 status half-configured fonts-dejavu-core:all 2.37-8
2024-04-24 10:48:56 status installed fonts-dejavu-core:all 2.37-8
2024-04-24 10:48:56 configure yaru-theme-icon:all 24.04.2-0ubuntu1 <none>
2024-04-24 10:48:56 status unpacked yaru-theme-icon:all 24.04.2-0ubuntu1
2024-04-24 10:48:56 status half-configured yaru-theme-icon:all 24.04.2-0ubuntu1
2024-04-24 10:48:56 status installed yaru-theme-icon:all 24.04.2-0ubuntu1
2024-04-24 10:48:56 configure libdv4t64:amd64 1.0.0-17.1build1 <none>
2024-04-24 10:48:56 status unpacked libdv4t64:amd64 1.0.0-17.1build1
2024-04-24 10:48:56 status half-configured libdv4t64:amd64 1.0.0-17.1build1
2024-04-24 10:48:56 status installed libdv4t64:amd64 1.0.0-17.1build1
2024-04-24 10:48:56 configure libpcsclite1:amd64 2.0.3-1build1 <none>
2024-04-24 10:48:56 status unpacked libpcsclite1:amd64 2.0.3-1build1
2024-04-24 10:48:56 status half-configured libpcsclite1:amd64 2.0.3-1build1
2024-04-24 10:48:56 status installed libpcsclite1:amd64 2.0.3-1build1
2024-04-24 10:48:56 configure libsensors5:amd64 1:3.6.0-9build1 <none>
2024-04-24 10:48:56 status unpacked libsensors5:amd64 1:3.6.0-9build1
2024-04-24 10:48:56 status half-configured libsensors5:amd64 1:3.6.0-9build1
2024-04-24 10:48:56 status installed libsensors5:amd64 1:3.6.0-9build1
2024-04-24 10:48:56 configure libical3t64:amd64 3.0.17-1.1build3 <none>
2024-04-24 10:48:56 status unpacked libical3t64:amd64 3.0.17-1.1build3
2024-04-24 10:48:56 status half-configured libical3t64:amd64 3.0.17-1.1build3
2024-04-24 10:48:56 status installed libical3t64:amd64 3.0.17-1.1build3
2024-04-24 10:48:56 configure libjpeg-turbo8:amd64 2.1.5-2ubuntu2 <none>
2024-04-24 10:48:56 status unpacked libjpeg-turbo8:amd64 2.1.5-2ubuntu2
2024-04-24 10:48:56 status half-configured libjpeg-turbo8:amd64 2.1.5-2ubuntu2
2024-04-24 10:48:56 status installed libjpeg-turbo8:amd64 2.1.5-2ubuntu2
2024-04-24 10:48:56 configure busybox-initramfs:amd64 1:1.36.1-6ubuntu3 <none>
2024-04-24 10:48:56 status unpacked busybox-initramfs:amd64 1:1.36.1-6ubuntu3
2024-04-24 10:48:56 status half-configured busybox-initramfs:amd64 1:1.36.1-6ubuntu3
2024-04-24 10:48:56 status installed busybox-initramfs:amd64 1:1.36.1-6ubuntu3
2024-04-24 10:48:56 configure libsonic0:amd64 0.2.0-13build1 <none>
2024-04-24 10:48:56 status unpacked libsonic0:amd64 0.2.0-13build1
2024-04-24 10:48:56 status half-configured libsonic0:amd64 0.2.0-13build1
2024-04-24 10:48:56 status installed libsonic0:amd64 0.2.0-13build1
2024-04-24 10:48:56 configure libchewing3-data:all 0.6.0-1build1 <none>
2024-04-24 10:48:56 status unpacked libchewing3-data:all 0.6.0-1build1
2024-04-24 10:48:56 status half-configured libchewing3-data:all 0.6.0-1build1
2024-04-24 10:48:56 status installed libchewing3-data:all 0.6.0-1build1
2024-04-24 10:48:56 configure libltdl7:amd64 2.4.7-7build1 <none>
2024-04-24 10:48:56 status unpacked libltdl7:amd64 2.4.7-7build1
2024-04-24 10:48:56 status half-configured libltdl7:amd64 2.4.7-7build1
2024-04-24 10:48:56 status installed libltdl7:amd64 2.4.7-7build1
2024-04-24 10:48:56 configure libgnome-menu-3-0:amd64 3.36.0-1.1ubuntu3 <none>
2024-04-24 10:48:56 status unpacked libgnome-menu-3-0:amd64 3.36.0-1.1ubuntu3
2024-04-24 10:48:56 status half-configured libgnome-menu-3-0:amd64 3.36.0-1.1ubuntu3
2024-04-24 10:48:56 status installed libgnome-menu-3-0:amd64 3.36.0-1.1ubuntu3
2024-04-24 10:48:56 configure libbabeltrace1:amd64 1.5.11-3build3 <none>
2024-04-24 10:48:56 status unpacked libbabeltrace1:amd64 1.5.11-3build3
2024-04-24 10:48:56 status half-configured libbabeltrace1:amd64 1.5.11-3build3
2024-04-24 10:48:56 status installed libbabeltrace1:amd64 1.5.11-3build3
2024-04-24 10:48:56 configure libglapi-mesa:amd64 24.0.5-1ubuntu1 <none>
2024-04-24 10:48:56 status unpacked libglapi-mesa:amd64 24.0.5-1ubuntu1
2024-04-24 10:48:56 status half-configured libglapi-mesa:amd64 24.0.5-1ubuntu1
2024-04-24 10:48:56 status installed libglapi-mesa:amd64 24.0.5-1ubuntu1
2024-04-24 10:48:56 configure libnm0:amd64 1.46.0-1ubuntu2 <none>
2024-04-24 10:48:56 status unpacked libnm0:amd64 1.46.0-1ubuntu2
2024-04-24 10:48:56 status half-configured libnm0:amd64 1.46.0-1ubuntu2
2024-04-24 10:48:56 status installed libnm0:amd64 1.46.0-1ubuntu2
2024-04-24 10:48:56 configure libkpathsea6:amd64 2023.20230311.66589-9build3 <none>
2024-04-24 10:48:56 status unpacked libkpathsea6:amd64 2023.20230311.66589-9build3
2024-04-24 10:48:56 status half-configured libkpathsea6:amd64 2023.20230311.66589-9build3
2024-04-24 10:48:56 status installed libkpathsea6:amd64 2023.20230311.66589-9build3
2024-04-24 10:48:56 configure libsasl2-2:amd64 2.1.28+dfsg1-5ubuntu3 <none>
2024-04-24 10:48:56 status unpacked libsasl2-2:amd64 2.1.28+dfsg1-5ubuntu3
2024-04-24 10:48:56 status half-configured libsasl2-2:amd64 2.1.28+dfsg1-5ubuntu3
2024-04-24 10:48:56 status installed libsasl2-2:amd64 2.1.28+dfsg1-5ubuntu3
2024-04-24 10:48:56 configure libssh-4:amd64 0.10.6-2build2 <none>
2024-04-24 10:48:56 status unpacked libssh-4:amd64 0.10.6-2build2
2024-04-24 10:48:56 status half-configured libssh-4:amd64 0.10.6-2build2
2024-04-24 10:48:56 status installed libssh-4:amd64 0.10.6-2build2
2024-04-24 10:48:56 configure libvulkan1:amd64 1.3.275.0-1build1 <none>
2024-04-24 10:48:56 status unpacked libvulkan1:amd64 1.3.275.0-1build1
2024-04-24 10:48:56 status half-configured libvulkan1:amd64 1.3.275.0-1build1
2024-04-24 10:48:56 status installed libvulkan1:amd64 1.3.275.0-1build1
2024-04-24 10:48:56 configure lsof:amd64 4.95.0-1build3 <none>
2024-04-24 10:48:56 status unpacked lsof:amd64 4.95.0-1build3
2024-04-24 10:48:56 status half-configured lsof:amd64 4.95.0-1build3
2024-04-24 10:48:56 status installed lsof:amd64 4.95.0-1build3
2024-04-24 10:48:56 configure libcrack2:amd64 2.9.6-5.1build2 <none>
2024-04-24 10:48:56 status unpacked libcrack2:amd64 2.9.6-5.1build2
2024-04-24 10:48:56 status half-configured libcrack2:amd64 2.9.6-5.1build2
2024-04-24 10:48:56 status installed libcrack2:amd64 2.9.6-5.1build2
2024-04-24 10:48:56 configure python3-urllib3:all 2.0.7-1 <none>
2024-04-24 10:48:56 status unpacked python3-urllib3:all 2.0.7-1
2024-04-24 10:48:56 status half-configured python3-urllib3:all 2.0.7-1
2024-04-24 10:48:56 status installed python3-urllib3:all 2.0.7-1
2024-04-24 10:48:56 configure im-config:all 0.57-2 <none>
2024-04-24 10:48:56 status unpacked im-config:all 0.57-2
2024-04-24 10:48:56 status half-configured im-config:all 0.57-2
2024-04-24 10:48:56 status installed im-config:all 0.57-2
2024-04-24 10:48:56 configure libsoup2.4-common:all 2.74.3-6ubuntu1 <none>
2024-04-24 10:48:56 status unpacked libsoup2.4-common:all 2.74.3-6ubuntu1
2024-04-24 10:48:56 status half-configured libsoup2.4-common:all 2.74.3-6ubuntu1
2024-04-24 10:48:57 status installed libsoup2.4-common:all 2.74.3-6ubuntu1
2024-04-24 10:48:57 configure libwebp7:amd64 1.3.2-0.4build3 <none>
2024-04-24 10:48:57 status unpacked libwebp7:amd64 1.3.2-0.4build3
2024-04-24 10:48:57 status half-configured libwebp7:amd64 1.3.2-0.4build3
2024-04-24 10:48:57 status installed libwebp7:amd64 1.3.2-0.4build3
2024-04-24 10:48:57 configure libpinyin-data:amd64 2.8.1-1build3 <none>
2024-04-24 10:48:57 status unpacked libpinyin-data:amd64 2.8.1-1build3
2024-04-24 10:48:57 status half-configured libpinyin-data:amd64 2.8.1-1build3
2024-04-24 10:48:57 status installed libpinyin-data:amd64 2.8.1-1build3
2024-04-24 10:48:57 configure ubuntu-wallpapers-noble:all 24.04.2 <none>
2024-04-24 10:48:57 status unpacked ubuntu-wallpapers-noble:all 24.04.2
2024-04-24 10:48:57 status half-configured ubuntu-wallpapers-noble:all 24.04.2
2024-04-24 10:48:57 status installed ubuntu-wallpapers-noble:all 24.04.2
2024-04-24 10:48:57 configure libblockdev-nvme3:amd64 3.1.1-1 <none>
2024-04-24 10:48:57 status unpacked libblockdev-nvme3:amd64 3.1.1-1
2024-04-24 10:48:57 status half-configured libblockdev-nvme3:amd64 3.1.1-1
2024-04-24 10:48:57 status installed libblockdev-nvme3:amd64 3.1.1-1
2024-04-24 10:48:57 configure gir1.2-gck-2:amd64 4.2.0-5 <none>
2024-04-24 10:48:57 status unpacked gir1.2-gck-2:amd64 4.2.0-5
2024-04-24 10:48:57 status half-configured gir1.2-gck-2:amd64 4.2.0-5
2024-04-24 10:48:57 status installed gir1.2-gck-2:amd64 4.2.0-5
2024-04-24 10:48:57 configure libxcb-dri2-0:amd64 1.15-1ubuntu2 <none>
2024-04-24 10:48:57 status unpacked libxcb-dri2-0:amd64 1.15-1ubuntu2
2024-04-24 10:48:57 status half-configured libxcb-dri2-0:amd64 1.15-1ubuntu2
2024-04-24 10:48:57 status installed libxcb-dri2-0:amd64 1.15-1ubuntu2
2024-04-24 10:48:57 configure libsigc++-3.0-0:amd64 3.6.0-2 <none>
2024-04-24 10:48:57 status unpacked libsigc++-3.0-0:amd64 3.6.0-2
2024-04-24 10:48:57 status half-configured libsigc++-3.0-0:amd64 3.6.0-2
2024-04-24 10:48:57 status installed libsigc++-3.0-0:amd64 3.6.0-2
2024-04-24 10:48:57 configure libgif7:amd64 5.2.2-1ubuntu1 <none>
2024-04-24 10:48:57 status unpacked libgif7:amd64 5.2.2-1ubuntu1
2024-04-24 10:48:57 status half-configured libgif7:amd64 5.2.2-1ubuntu1
2024-04-24 10:48:57 status installed libgif7:amd64 5.2.2-1ubuntu1
2024-04-24 10:48:57 configure nano:amd64 7.2-2build1 <none>
2024-04-24 10:48:57 status unpacked nano:amd64 7.2-2build1
2024-04-24 10:48:57 status half-configured nano:amd64 7.2-2build1
2024-04-24 10:48:57 status installed nano:amd64 7.2-2build1
2024-04-24 10:48:57 configure libpci3:amd64 1:3.10.0-2build1 <none>
2024-04-24 10:48:57 status unpacked libpci3:amd64 1:3.10.0-2build1
2024-04-24 10:48:57 status half-configured libpci3:amd64 1:3.10.0-2build1
2024-04-24 10:48:57 status installed libpci3:amd64 1:3.10.0-2build1
2024-04-24 10:48:57 configure yaru-theme-sound:all 24.04.2-0ubuntu1 <none>
2024-04-24 10:48:57 status unpacked yaru-theme-sound:all 24.04.2-0ubuntu1
2024-04-24 10:48:57 status half-configured yaru-theme-sound:all 24.04.2-0ubuntu1
2024-04-24 10:48:57 status installed yaru-theme-sound:all 24.04.2-0ubuntu1
2024-04-24 10:48:57 configure libao4:amd64 1.2.2+20180113-1.1ubuntu4 <none>
2024-04-24 10:48:57 status unpacked libao4:amd64 1.2.2+20180113-1.1ubuntu4
2024-04-24 10:48:57 status half-configured libao4:amd64 1.2.2+20180113-1.1ubuntu4
2024-04-24 10:48:57 status installed libao4:amd64 1.2.2+20180113-1.1ubuntu4
2024-04-24 10:48:57 configure xdg-dbus-proxy:amd64 0.1.5-1build2 <none>
2024-04-24 10:48:57 status unpacked xdg-dbus-proxy:amd64 0.1.5-1build2
2024-04-24 10:48:57 status half-configured xdg-dbus-proxy:amd64 0.1.5-1build2
2024-04-24 10:48:57 status installed xdg-dbus-proxy:amd64 0.1.5-1build2
2024-04-24 10:48:57 configure libopencc-data:all 1.1.7+ds1-1build1 <none>
2024-04-24 10:48:57 status unpacked libopencc-data:all 1.1.7+ds1-1build1
2024-04-24 10:48:57 status half-configured libopencc-data:all 1.1.7+ds1-1build1
2024-04-24 10:48:57 status installed libopencc-data:all 1.1.7+ds1-1build1
2024-04-24 10:48:57 configure libnuma1:amd64 2.0.18-1build1 <none>
2024-04-24 10:48:57 status unpacked libnuma1:amd64 2.0.18-1build1
2024-04-24 10:48:57 status half-configured libnuma1:amd64 2.0.18-1build1
2024-04-24 10:48:57 status installed libnuma1:amd64 2.0.18-1build1
2024-04-24 10:48:57 configure libblockdev-fs3:amd64 3.1.1-1 <none>
2024-04-24 10:48:57 status unpacked libblockdev-fs3:amd64 3.1.1-1
2024-04-24 10:48:57 status half-configured libblockdev-fs3:amd64 3.1.1-1
2024-04-24 10:48:57 status installed libblockdev-fs3:amd64 3.1.1-1
2024-04-24 10:48:57 configure pcmciautils:amd64 018-14build1 <none>
2024-04-24 10:48:57 status unpacked pcmciautils:amd64 018-14build1
2024-04-24 10:48:57 status half-configured pcmciautils:amd64 018-14build1
2024-04-24 10:48:57 status installed pcmciautils:amd64 018-14build1
2024-04-24 10:48:57 configure libcupsfilters2-common:all 2.0.0-0ubuntu7 <none>
2024-04-24 10:48:57 status unpacked libcupsfilters2-common:all 2.0.0-0ubuntu7
2024-04-24 10:48:57 status half-configured libcupsfilters2-common:all 2.0.0-0ubuntu7
2024-04-24 10:48:57 status installed libcupsfilters2-common:all 2.0.0-0ubuntu7
2024-04-24 10:48:57 configure libldacbt-abr2:amd64 2.0.2.3+git20200429+ed310a0-4ubuntu2 <none>
2024-04-24 10:48:57 status unpacked libldacbt-abr2:amd64 2.0.2.3+git20200429+ed310a0-4ubuntu2
2024-04-24 10:48:57 status half-configured libldacbt-abr2:amd64 2.0.2.3+git20200429+ed310a0-4ubuntu2
2024-04-24 10:48:57 status installed libldacbt-abr2:amd64 2.0.2.3+git20200429+ed310a0-4ubuntu2
2024-04-24 10:48:57 configure libvpx9:amd64 1.14.0-1ubuntu2 <none>
2024-04-24 10:48:57 status unpacked libvpx9:amd64 1.14.0-1ubuntu2
2024-04-24 10:48:57 status half-configured libvpx9:amd64 1.14.0-1ubuntu2
2024-04-24 10:48:57 status installed libvpx9:amd64 1.14.0-1ubuntu2
2024-04-24 10:48:57 configure python3-pyrsistent:amd64 0.20.0-1build2 <none>
2024-04-24 10:48:57 status unpacked python3-pyrsistent:amd64 0.20.0-1build2
2024-04-24 10:48:57 status half-configured python3-pyrsistent:amd64 0.20.0-1build2
2024-04-24 10:48:57 status installed python3-pyrsistent:amd64 0.20.0-1build2
2024-04-24 10:48:57 configure libplist-2.0-4:amd64 2.3.0-1~exp2build2 <none>
2024-04-24 10:48:57 status unpacked libplist-2.0-4:amd64 2.3.0-1~exp2build2
2024-04-24 10:48:57 status half-configured libplist-2.0-4:amd64 2.3.0-1~exp2build2
2024-04-24 10:48:57 status installed libplist-2.0-4:amd64 2.3.0-1~exp2build2
2024-04-24 10:48:57 configure alsa-topology-conf:all 1.2.5.1-2 <none>
2024-04-24 10:48:57 status unpacked alsa-topology-conf:all 1.2.5.1-2
2024-04-24 10:48:57 status half-configured alsa-topology-conf:all 1.2.5.1-2
2024-04-24 10:48:57 status installed alsa-topology-conf:all 1.2.5.1-2
2024-04-24 10:48:57 configure dracut-install:amd64 060+5-1ubuntu3 <none>
2024-04-24 10:48:57 status unpacked dracut-install:amd64 060+5-1ubuntu3
2024-04-24 10:48:57 status half-configured dracut-install:amd64 060+5-1ubuntu3
2024-04-24 10:48:57 status installed dracut-install:amd64 060+5-1ubuntu3
2024-04-24 10:48:57 configure libtag1v5:amd64 1.13.1-1build1 <none>
2024-04-24 10:48:57 status unpacked libtag1v5:amd64 1.13.1-1build1
2024-04-24 10:48:57 status half-configured libtag1v5:amd64 1.13.1-1build1
2024-04-24 10:48:57 status installed libtag1v5:amd64 1.13.1-1build1
2024-04-24 10:48:57 configure gnome-keyring-pkcs11:amd64 46.1-2build1 <none>
2024-04-24 10:48:57 status unpacked gnome-keyring-pkcs11:amd64 46.1-2build1
2024-04-24 10:48:57 status half-configured gnome-keyring-pkcs11:amd64 46.1-2build1
2024-04-24 10:48:57 status installed gnome-keyring-pkcs11:amd64 46.1-2build1
2024-04-24 10:48:57 configure libmtdev1t64:amd64 1.1.6-1.1build1 <none>
2024-04-24 10:48:57 status unpacked libmtdev1t64:amd64 1.1.6-1.1build1
2024-04-24 10:48:57 status half-configured libmtdev1t64:amd64 1.1.6-1.1build1
2024-04-24 10:48:57 status installed libmtdev1t64:amd64 1.1.6-1.1build1
2024-04-24 10:48:57 configure sound-theme-freedesktop:all 0.8-2ubuntu1 <none>
2024-04-24 10:48:57 status unpacked sound-theme-freedesktop:all 0.8-2ubuntu1
2024-04-24 10:48:57 status half-configured sound-theme-freedesktop:all 0.8-2ubuntu1
2024-04-24 10:48:57 status installed sound-theme-freedesktop:all 0.8-2ubuntu1
2024-04-24 10:48:57 configure ubuntu-report:amd64 1.7.3build2 <none>
2024-04-24 10:48:57 status unpacked ubuntu-report:amd64 1.7.3build2
2024-04-24 10:48:57 status half-configured ubuntu-report:amd64 1.7.3build2
2024-04-24 10:48:57 status installed ubuntu-report:amd64 1.7.3build2
2024-04-24 10:48:57 configure libmozjs-115-0t64:amd64 115.10.0-1 <none>
2024-04-24 10:48:57 status unpacked libmozjs-115-0t64:amd64 115.10.0-1
2024-04-24 10:48:57 status half-configured libmozjs-115-0t64:amd64 115.10.0-1
2024-04-24 10:48:57 status installed libmozjs-115-0t64:amd64 115.10.0-1
2024-04-24 10:48:57 configure gnome-control-center-faces:all 1:46.0.1-1ubuntu7 <none>
2024-04-24 10:48:57 status unpacked gnome-control-center-faces:all 1:46.0.1-1ubuntu7
2024-04-24 10:48:57 status half-configured gnome-control-center-faces:all 1:46.0.1-1ubuntu7
2024-04-24 10:48:57 status installed gnome-control-center-faces:all 1:46.0.1-1ubuntu7
2024-04-24 10:48:57 configure libduktape207:amd64 2.7.0+tests-0ubuntu3 <none>
2024-04-24 10:48:57 status unpacked libduktape207:amd64 2.7.0+tests-0ubuntu3
2024-04-24 10:48:57 status half-configured libduktape207:amd64 2.7.0+tests-0ubuntu3
2024-04-24 10:48:57 status installed libduktape207:amd64 2.7.0+tests-0ubuntu3
2024-04-24 10:48:57 configure libasyncns0:amd64 0.8-6build4 <none>
2024-04-24 10:48:57 status unpacked libasyncns0:amd64 0.8-6build4
2024-04-24 10:48:57 status half-configured libasyncns0:amd64 0.8-6build4
2024-04-24 10:48:57 status installed libasyncns0:amd64 0.8-6build4
2024-04-24 10:48:57 configure libxshmfence1:amd64 1.3-1build5 <none>
2024-04-24 10:48:57 status unpacked libxshmfence1:amd64 1.3-1build5
2024-04-24 10:48:57 status half-configured libxshmfence1:amd64 1.3-1build5
2024-04-24 10:48:57 status installed libxshmfence1:amd64 1.3-1build5
2024-04-24 10:48:57 configure libmm-glib0:amd64 1.23.4-0ubuntu2 <none>
2024-04-24 10:48:57 status unpacked libmm-glib0:amd64 1.23.4-0ubuntu2
2024-04-24 10:48:57 status half-configured libmm-glib0:amd64 1.23.4-0ubuntu2
2024-04-24 10:48:57 status installed libmm-glib0:amd64 1.23.4-0ubuntu2
2024-04-24 10:48:57 configure python3-json-pointer:all 2.0-0ubuntu1 <none>
2024-04-24 10:48:57 status unpacked python3-json-pointer:all 2.0-0ubuntu1
2024-04-24 10:48:57 status half-configured python3-json-pointer:all 2.0-0ubuntu1
2024-04-24 10:48:57 status installed python3-json-pointer:all 2.0-0ubuntu1
2024-04-24 10:48:57 configure libusbmuxd6:amd64 2.0.2-4build3 <none>
2024-04-24 10:48:57 status unpacked libusbmuxd6:amd64 2.0.2-4build3
2024-04-24 10:48:57 status half-configured libusbmuxd6:amd64 2.0.2-4build3
2024-04-24 10:48:57 status installed libusbmuxd6:amd64 2.0.2-4build3
2024-04-24 10:48:57 configure at-spi2-common:all 2.52.0-1build1 <none>
2024-04-24 10:48:57 status unpacked at-spi2-common:all 2.52.0-1build1
2024-04-24 10:48:57 status half-configured at-spi2-common:all 2.52.0-1build1
2024-04-24 10:48:57 status installed at-spi2-common:all 2.52.0-1build1
2024-04-24 10:48:57 configure libtraceevent1:amd64 1:1.8.2-1ubuntu2 <none>
2024-04-24 10:48:57 status unpacked libtraceevent1:amd64 1:1.8.2-1ubuntu2
2024-04-24 10:48:57 status half-configured libtraceevent1:amd64 1:1.8.2-1ubuntu2
2024-04-24 10:48:57 status installed libtraceevent1:amd64 1:1.8.2-1ubuntu2
2024-04-24 10:48:57 configure libbluetooth3:amd64 5.72-0ubuntu5 <none>
2024-04-24 10:48:57 status unpacked libbluetooth3:amd64 5.72-0ubuntu5
2024-04-24 10:48:57 status half-configured libbluetooth3:amd64 5.72-0ubuntu5
2024-04-24 10:48:57 status installed libbluetooth3:amd64 5.72-0ubuntu5
2024-04-24 10:48:57 configure libwavpack1:amd64 5.6.0-1build1 <none>
2024-04-24 10:48:57 status unpacked libwavpack1:amd64 5.6.0-1build1
2024-04-24 10:48:57 status half-configured libwavpack1:amd64 5.6.0-1build1
2024-04-24 10:48:57 status installed libwavpack1:amd64 5.6.0-1build1
2024-04-24 10:48:57 configure libnfnetlink0:amd64 1.0.2-2build1 <none>
2024-04-24 10:48:57 status unpacked libnfnetlink0:amd64 1.0.2-2build1
2024-04-24 10:48:57 status half-configured libnfnetlink0:amd64 1.0.2-2build1
2024-04-24 10:48:57 status installed libnfnetlink0:amd64 1.0.2-2build1
2024-04-24 10:48:57 configure libxcb-randr0:amd64 1.15-1ubuntu2 <none>
2024-04-24 10:48:57 status unpacked libxcb-randr0:amd64 1.15-1ubuntu2
2024-04-24 10:48:57 status half-configured libxcb-randr0:amd64 1.15-1ubuntu2
2024-04-24 10:48:57 status installed libxcb-randr0:amd64 1.15-1ubuntu2
2024-04-24 10:48:57 configure python3-defer:all 1.0.6-2.1ubuntu1 <none>
2024-04-24 10:48:57 status unpacked python3-defer:all 1.0.6-2.1ubuntu1
2024-04-24 10:48:57 status half-configured python3-defer:all 1.0.6-2.1ubuntu1
2024-04-24 10:48:57 status installed python3-defer:all 1.0.6-2.1ubuntu1
2024-04-24 10:48:57 configure libxcb-xv0:amd64 1.15-1ubuntu2 <none>
2024-04-24 10:48:57 status unpacked libxcb-xv0:amd64 1.15-1ubuntu2
2024-04-24 10:48:57 status half-configured libxcb-xv0:amd64 1.15-1ubuntu2
2024-04-24 10:48:57 status installed libxcb-xv0:amd64 1.15-1ubuntu2
2024-04-24 10:48:57 configure libuchardet0:amd64 0.0.8-1build1 <none>
2024-04-24 10:48:57 status unpacked libuchardet0:amd64 0.0.8-1build1
2024-04-24 10:48:57 status half-configured libuchardet0:amd64 0.0.8-1build1
2024-04-24 10:48:57 status installed libuchardet0:amd64 0.0.8-1build1
2024-04-24 10:48:57 configure libeatmydata1:amd64 131-1ubuntu1 <none>
2024-04-24 10:48:57 status unpacked libeatmydata1:amd64 131-1ubuntu1
2024-04-24 10:48:57 status half-configured libeatmydata1:amd64 131-1ubuntu1
2024-04-24 10:48:57 status installed libeatmydata1:amd64 131-1ubuntu1
2024-04-24 10:48:57 configure libtss2-tcti-mssim0t64:amd64 4.0.1-7.1ubuntu5 <none>
2024-04-24 10:48:57 status unpacked libtss2-tcti-mssim0t64:amd64 4.0.1-7.1ubuntu5
2024-04-24 10:48:57 status half-configured libtss2-tcti-mssim0t64:amd64 4.0.1-7.1ubuntu5
2024-04-24 10:48:57 status installed libtss2-tcti-mssim0t64:amd64 4.0.1-7.1ubuntu5
2024-04-24 10:48:57 configure libspeexdsp1:amd64 1.2.1-1ubuntu3 <none>
2024-04-24 10:48:57 status unpacked libspeexdsp1:amd64 1.2.1-1ubuntu3
2024-04-24 10:48:57 status half-configured libspeexdsp1:amd64 1.2.1-1ubuntu3
2024-04-24 10:48:57 status installed libspeexdsp1:amd64 1.2.1-1ubuntu3
2024-04-24 10:48:57 configure libefiboot1t64:amd64 38-3.1build1 <none>
2024-04-24 10:48:57 status unpacked libefiboot1t64:amd64 38-3.1build1
2024-04-24 10:48:57 status half-configured libefiboot1t64:amd64 38-3.1build1
2024-04-24 10:48:57 status installed libefiboot1t64:amd64 38-3.1build1
2024-04-24 10:48:57 configure libxslt1.1:amd64 1.1.39-0exp1build1 <none>
2024-04-24 10:48:57 status unpacked libxslt1.1:amd64 1.1.39-0exp1build1
2024-04-24 10:48:57 status half-configured libxslt1.1:amd64 1.1.39-0exp1build1
2024-04-24 10:48:57 status installed libxslt1.1:amd64 1.1.39-0exp1build1
2024-04-24 10:48:57 configure fonts-liberation:all 1:2.1.5-3 <none>
2024-04-24 10:48:57 status unpacked fonts-liberation:all 1:2.1.5-3
2024-04-24 10:48:57 status half-configured fonts-liberation:all 1:2.1.5-3
2024-04-24 10:48:57 status installed fonts-liberation:all 1:2.1.5-3
2024-04-24 10:48:57 configure libnl-3-200:amd64 3.7.0-0.3build1 <none>
2024-04-24 10:48:57 status unpacked libnl-3-200:amd64 3.7.0-0.3build1
2024-04-24 10:48:57 status half-configured libnl-3-200:amd64 3.7.0-0.3build1
2024-04-24 10:48:57 status installed libnl-3-200:amd64 3.7.0-0.3build1
2024-04-24 10:48:57 configure gir1.2-gmenu-3.0:amd64 3.36.0-1.1ubuntu3 <none>
2024-04-24 10:48:57 status unpacked gir1.2-gmenu-3.0:amd64 3.36.0-1.1ubuntu3
2024-04-24 10:48:57 status half-configured gir1.2-gmenu-3.0:amd64 3.36.0-1.1ubuntu3
2024-04-24 10:48:57 status installed gir1.2-gmenu-3.0:amd64 3.36.0-1.1ubuntu3
2024-04-24 10:48:57 configure gpgconf:amd64 2.4.4-2ubuntu17 <none>
2024-04-24 10:48:57 status unpacked gpgconf:amd64 2.4.4-2ubuntu17
2024-04-24 10:48:57 status half-configured gpgconf:amd64 2.4.4-2ubuntu17
2024-04-24 10:48:57 status installed gpgconf:amd64 2.4.4-2ubuntu17
2024-04-24 10:48:57 configure libxcvt0:amd64 0.1.2-1build1 <none>
2024-04-24 10:48:57 status unpacked libxcvt0:amd64 0.1.2-1build1
2024-04-24 10:48:57 status half-configured libxcvt0:amd64 0.1.2-1build1
2024-04-24 10:48:57 status installed libxcvt0:amd64 0.1.2-1build1
2024-04-24 10:48:57 configure gnome-session-common:all 46.0-1ubuntu4 <none>
2024-04-24 10:48:57 status unpacked gnome-session-common:all 46.0-1ubuntu4
2024-04-24 10:48:57 status half-configured gnome-session-common:all 46.0-1ubuntu4
2024-04-24 10:48:57 status installed gnome-session-common:all 46.0-1ubuntu4
2024-04-24 10:48:57 configure python3-httplib2:all 0.20.4-3 <none>
2024-04-24 10:48:57 status unpacked python3-httplib2:all 0.20.4-3
2024-04-24 10:48:57 status half-configured python3-httplib2:all 0.20.4-3
2024-04-24 10:48:57 status installed python3-httplib2:all 0.20.4-3
2024-04-24 10:48:57 configure libgtop-2.0-11:amd64 2.41.3-1build4 <none>
2024-04-24 10:48:57 status unpacked libgtop-2.0-11:amd64 2.41.3-1build4
2024-04-24 10:48:57 status half-configured libgtop-2.0-11:amd64 2.41.3-1build4
2024-04-24 10:48:57 status installed libgtop-2.0-11:amd64 2.41.3-1build4
2024-04-24 10:48:57 configure libupower-glib3:amd64 1.90.3-1 <none>
2024-04-24 10:48:57 status unpacked libupower-glib3:amd64 1.90.3-1
2024-04-24 10:48:57 status half-configured libupower-glib3:amd64 1.90.3-1
2024-04-24 10:48:57 status installed libupower-glib3:amd64 1.90.3-1
2024-04-24 10:48:57 configure systemd-oomd:amd64 255.4-1ubuntu8 <none>
2024-04-24 10:48:57 status unpacked systemd-oomd:amd64 255.4-1ubuntu8
2024-04-24 10:48:57 status half-configured systemd-oomd:amd64 255.4-1ubuntu8
2024-04-24 10:48:58 status installed systemd-oomd:amd64 255.4-1ubuntu8
2024-04-24 10:48:58 configure libdotconf0:amd64 1.3-0.3fakesync1build3 <none>
2024-04-24 10:48:58 status unpacked libdotconf0:amd64 1.3-0.3fakesync1build3
2024-04-24 10:48:58 status half-configured libdotconf0:amd64 1.3-0.3fakesync1build3
2024-04-24 10:48:58 status installed libdotconf0:amd64 1.3-0.3fakesync1build3
2024-04-24 10:48:58 configure ubuntu-wallpapers:all 24.04.2 <none>
2024-04-24 10:48:58 status unpacked ubuntu-wallpapers:all 24.04.2
2024-04-24 10:48:58 status half-configured ubuntu-wallpapers:all 24.04.2
2024-04-24 10:48:58 status installed ubuntu-wallpapers:all 24.04.2
2024-04-24 10:48:58 configure libpkcs11-helper1t64:amd64 1.29.0-2.1build2 <none>
2024-04-24 10:48:58 status unpacked libpkcs11-helper1t64:amd64 1.29.0-2.1build2
2024-04-24 10:48:58 status half-configured libpkcs11-helper1t64:amd64 1.29.0-2.1build2
2024-04-24 10:48:58 status installed libpkcs11-helper1t64:amd64 1.29.0-2.1build2
2024-04-24 10:48:58 configure liblua5.4-0:amd64 5.4.6-3build2 <none>
2024-04-24 10:48:58 status unpacked liblua5.4-0:amd64 5.4.6-3build2
2024-04-24 10:48:58 status half-configured liblua5.4-0:amd64 5.4.6-3build2
2024-04-24 10:48:58 status installed liblua5.4-0:amd64 5.4.6-3build2
2024-04-24 10:48:58 configure libopenjp2-7:amd64 2.5.0-2build3 <none>
2024-04-24 10:48:58 status unpacked libopenjp2-7:amd64 2.5.0-2build3
2024-04-24 10:48:58 status half-configured libopenjp2-7:amd64 2.5.0-2build3
2024-04-24 10:48:58 status installed libopenjp2-7:amd64 2.5.0-2build3
2024-04-24 10:48:58 configure dc:amd64 1.07.1-3ubuntu4 <none>
2024-04-24 10:48:58 status unpacked dc:amd64 1.07.1-3ubuntu4
2024-04-24 10:48:58 status half-configured dc:amd64 1.07.1-3ubuntu4
2024-04-24 10:48:58 status installed dc:amd64 1.07.1-3ubuntu4
2024-04-24 10:48:58 configure libx11-6:amd64 2:1.8.7-1build1 <none>
2024-04-24 10:48:58 status unpacked libx11-6:amd64 2:1.8.7-1build1
2024-04-24 10:48:58 status half-configured libx11-6:amd64 2:1.8.7-1build1
2024-04-24 10:48:58 status installed libx11-6:amd64 2:1.8.7-1build1
2024-04-24 10:48:58 configure libthai-data:all 0.1.29-2build1 <none>
2024-04-24 10:48:58 status unpacked libthai-data:all 0.1.29-2build1
2024-04-24 10:48:58 status half-configured libthai-data:all 0.1.29-2build1
2024-04-24 10:48:58 status installed libthai-data:all 0.1.29-2build1
2024-04-24 10:48:58 configure python3-dateutil:all 2.8.2-3ubuntu1 <none>
2024-04-24 10:48:58 status unpacked python3-dateutil:all 2.8.2-3ubuntu1
2024-04-24 10:48:58 status half-configured python3-dateutil:all 2.8.2-3ubuntu1
2024-04-24 10:48:58 status installed python3-dateutil:all 2.8.2-3ubuntu1
2024-04-24 10:48:58 configure libjson-glib-1.0-common:all 1.8.0-2build2 <none>
2024-04-24 10:48:58 status unpacked libjson-glib-1.0-common:all 1.8.0-2build2
2024-04-24 10:48:58 status half-configured libjson-glib-1.0-common:all 1.8.0-2build2
2024-04-24 10:48:58 status installed libjson-glib-1.0-common:all 1.8.0-2build2
2024-04-24 10:48:58 configure sgml-base:all 1.31 <none>
2024-04-24 10:48:58 status unpacked sgml-base:all 1.31
2024-04-24 10:48:58 status half-configured sgml-base:all 1.31
2024-04-24 10:48:58 status installed sgml-base:all 1.31
2024-04-24 10:48:58 configure libgtk2.0-common:all 2.24.33-4ubuntu1 <none>
2024-04-24 10:48:58 status unpacked libgtk2.0-common:all 2.24.33-4ubuntu1
2024-04-24 10:48:58 status half-configured libgtk2.0-common:all 2.24.33-4ubuntu1
2024-04-24 10:48:58 status installed libgtk2.0-common:all 2.24.33-4ubuntu1
2024-04-24 10:48:58 configure libbytesize1:amd64 2.10-1ubuntu2 <none>
2024-04-24 10:48:58 status unpacked libbytesize1:amd64 2.10-1ubuntu2
2024-04-24 10:48:58 status half-configured libbytesize1:amd64 2.10-1ubuntu2
2024-04-24 10:48:58 status installed libbytesize1:amd64 2.10-1ubuntu2
2024-04-24 10:48:58 configure libtss2-tcti-cmd0t64:amd64 4.0.1-7.1ubuntu5 <none>
2024-04-24 10:48:58 status unpacked libtss2-tcti-cmd0t64:amd64 4.0.1-7.1ubuntu5
2024-04-24 10:48:58 status half-configured libtss2-tcti-cmd0t64:amd64 4.0.1-7.1ubuntu5
2024-04-24 10:48:58 status installed libtss2-tcti-cmd0t64:amd64 4.0.1-7.1ubuntu5
2024-04-24 10:48:58 configure libabsl20220623t64:amd64 20220623.1-3.1ubuntu3 <none>
2024-04-24 10:48:58 status unpacked libabsl20220623t64:amd64 20220623.1-3.1ubuntu3
2024-04-24 10:48:58 status half-configured libabsl20220623t64:amd64 20220623.1-3.1ubuntu3
2024-04-24 10:48:58 status installed libabsl20220623t64:amd64 20220623.1-3.1ubuntu3
2024-04-24 10:48:58 configure libglu1-mesa:amd64 9.0.2-1.1build1 <none>
2024-04-24 10:48:58 status unpacked libglu1-mesa:amd64 9.0.2-1.1build1
2024-04-24 10:48:58 status half-configured libglu1-mesa:amd64 9.0.2-1.1build1
2024-04-24 10:48:58 status installed libglu1-mesa:amd64 9.0.2-1.1build1
2024-04-24 10:48:58 configure libflac12t64:amd64 1.4.3+ds-2.1ubuntu2 <none>
2024-04-24 10:48:58 status unpacked libflac12t64:amd64 1.4.3+ds-2.1ubuntu2
2024-04-24 10:48:58 status half-configured libflac12t64:amd64 1.4.3+ds-2.1ubuntu2
2024-04-24 10:48:58 status installed libflac12t64:amd64 1.4.3+ds-2.1ubuntu2
2024-04-24 10:48:58 configure libbrlapi0.8:amd64 6.6-4ubuntu5 <none>
2024-04-24 10:48:58 status unpacked libbrlapi0.8:amd64 6.6-4ubuntu5
2024-04-24 10:48:58 status half-configured libbrlapi0.8:amd64 6.6-4ubuntu5
2024-04-24 10:48:58 status installed libbrlapi0.8:amd64 6.6-4ubuntu5
2024-04-24 10:48:58 configure fonts-droid-fallback:all 1:6.0.1r16-1.1build1 <none>
2024-04-24 10:48:58 status unpacked fonts-droid-fallback:all 1:6.0.1r16-1.1build1
2024-04-24 10:48:58 status half-configured fonts-droid-fallback:all 1:6.0.1r16-1.1build1
2024-04-24 10:48:58 status installed fonts-droid-fallback:all 1:6.0.1r16-1.1build1
2024-04-24 10:48:58 configure libwayland-egl1:amd64 1.22.0-2.1build1 <none>
2024-04-24 10:48:58 status unpacked libwayland-egl1:amd64 1.22.0-2.1build1
2024-04-24 10:48:58 status half-configured libwayland-egl1:amd64 1.22.0-2.1build1
2024-04-24 10:48:58 status installed libwayland-egl1:amd64 1.22.0-2.1build1
2024-04-24 10:48:58 configure libusb-1.0-0:amd64 2:1.0.27-1 <none>
2024-04-24 10:48:58 status unpacked libusb-1.0-0:amd64 2:1.0.27-1
2024-04-24 10:48:58 status half-configured libusb-1.0-0:amd64 2:1.0.27-1
2024-04-24 10:48:58 status installed libusb-1.0-0:amd64 2:1.0.27-1
2024-04-24 10:48:58 configure libstemmer0d:amd64 2.2.0-4build1 <none>
2024-04-24 10:48:58 status unpacked libstemmer0d:amd64 2.2.0-4build1
2024-04-24 10:48:58 status half-configured libstemmer0d:amd64 2.2.0-4build1
2024-04-24 10:48:58 status installed libstemmer0d:amd64 2.2.0-4build1
2024-04-24 10:48:58 configure aptdaemon-data:all 1.1.1+bzr982-0ubuntu44 <none>
2024-04-24 10:48:58 status unpacked aptdaemon-data:all 1.1.1+bzr982-0ubuntu44
2024-04-24 10:48:58 status half-configured aptdaemon-data:all 1.1.1+bzr982-0ubuntu44
2024-04-24 10:48:58 status installed aptdaemon-data:all 1.1.1+bzr982-0ubuntu44
2024-04-24 10:48:58 configure libperl5.38t64:amd64 5.38.2-3.2build2 <none>
2024-04-24 10:48:58 status unpacked libperl5.38t64:amd64 5.38.2-3.2build2
2024-04-24 10:48:58 status half-configured libperl5.38t64:amd64 5.38.2-3.2build2
2024-04-24 10:48:58 status installed libperl5.38t64:amd64 5.38.2-3.2build2
2024-04-24 10:48:58 configure libxkbfile1:amd64 1:1.1.0-1build4 <none>
2024-04-24 10:48:58 status unpacked libxkbfile1:amd64 1:1.1.0-1build4
2024-04-24 10:48:58 status half-configured libxkbfile1:amd64 1:1.1.0-1build4
2024-04-24 10:48:58 status installed libxkbfile1:amd64 1:1.1.0-1build4
2024-04-24 10:48:58 configure tnftp:amd64 20230507-2build3 <none>
2024-04-24 10:48:58 status unpacked tnftp:amd64 20230507-2build3
2024-04-24 10:48:58 status half-configured tnftp:amd64 20230507-2build3
2024-04-24 10:48:58 status installed tnftp:amd64 20230507-2build3
2024-04-24 10:48:58 configure libdjvulibre-text:all 3.5.28-2build4 <none>
2024-04-24 10:48:58 status unpacked libdjvulibre-text:all 3.5.28-2build4
2024-04-24 10:48:58 status half-configured libdjvulibre-text:all 3.5.28-2build4
2024-04-24 10:48:58 status installed libdjvulibre-text:all 3.5.28-2build4
2024-04-24 10:48:58 configure libgexiv2-2:amd64 0.14.2-2build3 <none>
2024-04-24 10:48:58 status unpacked libgexiv2-2:amd64 0.14.2-2build3
2024-04-24 10:48:58 status half-configured libgexiv2-2:amd64 0.14.2-2build3
2024-04-24 10:48:58 status installed libgexiv2-2:amd64 0.14.2-2build3
2024-04-24 10:48:58 configure libchewing3:amd64 0.6.0-1build1 <none>
2024-04-24 10:48:58 status unpacked libchewing3:amd64 0.6.0-1build1
2024-04-24 10:48:58 status half-configured libchewing3:amd64 0.6.0-1build1
2024-04-24 10:48:58 status installed libchewing3:amd64 0.6.0-1build1
2024-04-24 10:48:58 configure libndp0:amd64 1.8-1fakesync1build1 <none>
2024-04-24 10:48:58 status unpacked libndp0:amd64 1.8-1fakesync1build1
2024-04-24 10:48:58 status half-configured libndp0:amd64 1.8-1fakesync1build1
2024-04-24 10:48:58 status installed libndp0:amd64 1.8-1fakesync1build1
2024-04-24 10:48:58 configure policykit-desktop-privileges:all 0.22 <none>
2024-04-24 10:48:58 status unpacked policykit-desktop-privileges:all 0.22
2024-04-24 10:48:58 status half-configured policykit-desktop-privileges:all 0.22
2024-04-24 10:48:58 status installed policykit-desktop-privileges:all 0.22
2024-04-24 10:48:58 configure libgupnp-av-1.0-3:amd64 0.14.1-2build2 <none>
2024-04-24 10:48:58 status unpacked libgupnp-av-1.0-3:amd64 0.14.1-2build2
2024-04-24 10:48:58 status half-configured libgupnp-av-1.0-3:amd64 0.14.1-2build2
2024-04-24 10:48:58 status installed libgupnp-av-1.0-3:amd64 0.14.1-2build2
2024-04-24 10:48:58 configure dmidecode:amd64 3.5-3build1 <none>
2024-04-24 10:48:58 status unpacked dmidecode:amd64 3.5-3build1
2024-04-24 10:48:58 status half-configured dmidecode:amd64 3.5-3build1
2024-04-24 10:48:58 status installed dmidecode:amd64 3.5-3build1
2024-04-24 10:48:58 configure libhunspell-1.7-0:amd64 1.7.2+really1.7.2-10build3 <none>
2024-04-24 10:48:58 status unpacked libhunspell-1.7-0:amd64 1.7.2+really1.7.2-10build3
2024-04-24 10:48:58 status half-configured libhunspell-1.7-0:amd64 1.7.2+really1.7.2-10build3
2024-04-24 10:48:58 status installed libhunspell-1.7-0:amd64 1.7.2+really1.7.2-10build3
2024-04-24 10:48:58 configure sbsigntool:amd64 0.9.4-3.1ubuntu7 <none>
2024-04-24 10:48:58 status unpacked sbsigntool:amd64 0.9.4-3.1ubuntu7
2024-04-24 10:48:58 status half-configured sbsigntool:amd64 0.9.4-3.1ubuntu7
2024-04-24 10:48:58 status installed sbsigntool:amd64 0.9.4-3.1ubuntu7
2024-04-24 10:48:58 configure libaccountsservice0:amd64 23.13.9-2ubuntu6 <none>
2024-04-24 10:48:58 status unpacked libaccountsservice0:amd64 23.13.9-2ubuntu6
2024-04-24 10:48:58 status half-configured libaccountsservice0:amd64 23.13.9-2ubuntu6
2024-04-24 10:48:58 status installed libaccountsservice0:amd64 23.13.9-2ubuntu6
2024-04-24 10:48:58 configure p11-kit:amd64 0.25.3-4ubuntu2 <none>
2024-04-24 10:48:58 status unpacked p11-kit:amd64 0.25.3-4ubuntu2
2024-04-24 10:48:58 status half-configured p11-kit:amd64 0.25.3-4ubuntu2
2024-04-24 10:48:58 status installed p11-kit:amd64 0.25.3-4ubuntu2
2024-04-24 10:48:58 configure glib-networking-common:all 2.80.0-1build1 <none>
2024-04-24 10:48:58 status unpacked glib-networking-common:all 2.80.0-1build1
2024-04-24 10:48:58 status half-configured glib-networking-common:all 2.80.0-1build1
2024-04-24 10:48:58 status installed glib-networking-common:all 2.80.0-1build1
2024-04-24 10:48:58 configure fonts-liberation-sans-narrow:all 1:1.07.6-4 <none>
2024-04-24 10:48:58 status unpacked fonts-liberation-sans-narrow:all 1:1.07.6-4
2024-04-24 10:48:58 status half-configured fonts-liberation-sans-narrow:all 1:1.07.6-4
2024-04-24 10:48:58 status installed fonts-liberation-sans-narrow:all 1:1.07.6-4
2024-04-24 10:48:58 configure gir1.2-nm-1.0:amd64 1.46.0-1ubuntu2 <none>
2024-04-24 10:48:58 status unpacked gir1.2-nm-1.0:amd64 1.46.0-1ubuntu2
2024-04-24 10:48:58 status half-configured gir1.2-nm-1.0:amd64 1.46.0-1ubuntu2
2024-04-24 10:48:58 status installed gir1.2-nm-1.0:amd64 1.46.0-1ubuntu2
2024-04-24 10:48:58 configure libsane-common:all 1.2.1-7build4 <none>
2024-04-24 10:48:58 status unpacked libsane-common:all 1.2.1-7build4
2024-04-24 10:48:58 status half-configured libsane-common:all 1.2.1-7build4
2024-04-24 10:48:58 status installed libsane-common:all 1.2.1-7build4
2024-04-24 10:48:58 configure libgck-1-0:amd64 3.41.2-1build3 <none>
2024-04-24 10:48:58 status unpacked libgck-1-0:amd64 3.41.2-1build3
2024-04-24 10:48:58 status half-configured libgck-1-0:amd64 3.41.2-1build3
2024-04-24 10:48:58 status installed libgck-1-0:amd64 3.41.2-1build3
2024-04-24 10:48:58 configure libisl23:amd64 0.26-3build1 <none>
2024-04-24 10:48:58 status unpacked libisl23:amd64 0.26-3build1
2024-04-24 10:48:58 status half-configured libisl23:amd64 0.26-3build1
2024-04-24 10:48:58 status installed libisl23:amd64 0.26-3build1
2024-04-24 10:48:58 configure libde265-0:amd64 1.0.15-1build3 <none>
2024-04-24 10:48:58 status unpacked libde265-0:amd64 1.0.15-1build3
2024-04-24 10:48:58 status half-configured libde265-0:amd64 1.0.15-1build3
2024-04-24 10:48:58 status installed libde265-0:amd64 1.0.15-1build3
2024-04-24 10:48:58 configure python3-xkit:all 0.5.0ubuntu6 <none>
2024-04-24 10:48:58 status unpacked python3-xkit:all 0.5.0ubuntu6
2024-04-24 10:48:58 status half-configured python3-xkit:all 0.5.0ubuntu6
2024-04-24 10:48:58 status installed python3-xkit:all 0.5.0ubuntu6
2024-04-24 10:48:58 configure libtss2-tcti-swtpm0t64:amd64 4.0.1-7.1ubuntu5 <none>
2024-04-24 10:48:58 status unpacked libtss2-tcti-swtpm0t64:amd64 4.0.1-7.1ubuntu5
2024-04-24 10:48:58 status half-configured libtss2-tcti-swtpm0t64:amd64 4.0.1-7.1ubuntu5
2024-04-24 10:48:58 status installed libtss2-tcti-swtpm0t64:amd64 4.0.1-7.1ubuntu5
2024-04-24 10:48:58 configure libdaemon0:amd64 0.14-7.1ubuntu4 <none>
2024-04-24 10:48:58 status unpacked libdaemon0:amd64 0.14-7.1ubuntu4
2024-04-24 10:48:58 status half-configured libdaemon0:amd64 0.14-7.1ubuntu4
2024-04-24 10:48:58 status installed libdaemon0:amd64 0.14-7.1ubuntu4
2024-04-24 10:48:58 configure klibc-utils:amd64 2.0.13-4 <none>
2024-04-24 10:48:58 status unpacked klibc-utils:amd64 2.0.13-4
2024-04-24 10:48:58 status half-configured klibc-utils:amd64 2.0.13-4
2024-04-24 10:48:58 status installed klibc-utils:amd64 2.0.13-4
2024-04-24 10:48:58 configure libsamplerate0:amd64 0.2.2-4build1 <none>
2024-04-24 10:48:58 status unpacked libsamplerate0:amd64 0.2.2-4build1
2024-04-24 10:48:58 status half-configured libsamplerate0:amd64 0.2.2-4build1
2024-04-24 10:48:58 status installed libsamplerate0:amd64 0.2.2-4build1
2024-04-24 10:48:58 configure libimobiledevice6:amd64 1.3.0-8.1build3 <none>
2024-04-24 10:48:58 status unpacked libimobiledevice6:amd64 1.3.0-8.1build3
2024-04-24 10:48:58 status half-configured libimobiledevice6:amd64 1.3.0-8.1build3
2024-04-24 10:48:58 status installed libimobiledevice6:amd64 1.3.0-8.1build3
2024-04-24 10:48:58 configure libnss-mdns:amd64 0.15.1-4build1 <none>
2024-04-24 10:48:58 status unpacked libnss-mdns:amd64 0.15.1-4build1
2024-04-24 10:48:58 status half-configured libnss-mdns:amd64 0.15.1-4build1
2024-04-24 10:48:58 status installed libnss-mdns:amd64 0.15.1-4build1
2024-04-24 10:48:58 configure libwebpmux3:amd64 1.3.2-0.4build3 <none>
2024-04-24 10:48:58 status unpacked libwebpmux3:amd64 1.3.2-0.4build3
2024-04-24 10:48:58 status half-configured libwebpmux3:amd64 1.3.2-0.4build3
2024-04-24 10:48:58 status installed libwebpmux3:amd64 1.3.2-0.4build3
2024-04-24 10:48:58 configure libppd2-common:all 2:2.0.0-0ubuntu4 <none>
2024-04-24 10:48:58 status unpacked libppd2-common:all 2:2.0.0-0ubuntu4
2024-04-24 10:48:58 status half-configured libppd2-common:all 2:2.0.0-0ubuntu4
2024-04-24 10:48:58 status installed libppd2-common:all 2:2.0.0-0ubuntu4
2024-04-24 10:48:58 configure libsss-nss-idmap0:amd64 2.9.4-1.1ubuntu6 <none>
2024-04-24 10:48:58 status unpacked libsss-nss-idmap0:amd64 2.9.4-1.1ubuntu6
2024-04-24 10:48:58 status half-configured libsss-nss-idmap0:amd64 2.9.4-1.1ubuntu6
2024-04-24 10:48:58 status installed libsss-nss-idmap0:amd64 2.9.4-1.1ubuntu6
2024-04-24 10:48:58 configure libini-config5t64:amd64 0.6.2-2.1build1 <none>
2024-04-24 10:48:58 status unpacked libini-config5t64:amd64 0.6.2-2.1build1
2024-04-24 10:48:58 status half-configured libini-config5t64:amd64 0.6.2-2.1build1
2024-04-24 10:48:58 status installed libini-config5t64:amd64 0.6.2-2.1build1
2024-04-24 10:48:58 configure fonts-arphic-ukai:all 0.2.20080216.2-5 <none>
2024-04-24 10:48:58 status unpacked fonts-arphic-ukai:all 0.2.20080216.2-5
2024-04-24 10:48:58 status half-configured fonts-arphic-ukai:all 0.2.20080216.2-5
2024-04-24 10:48:58 status installed fonts-arphic-ukai:all 0.2.20080216.2-5
2024-04-24 10:48:58 configure libgamemodeauto0:amd64 1.8.1-2build1 <none>
2024-04-24 10:48:58 status unpacked libgamemodeauto0:amd64 1.8.1-2build1
2024-04-24 10:48:58 status half-configured libgamemodeauto0:amd64 1.8.1-2build1
2024-04-24 10:48:58 status installed libgamemodeauto0:amd64 1.8.1-2build1
2024-04-24 10:48:58 configure libeis1:amd64 1.2.1-1 <none>
2024-04-24 10:48:58 status unpacked libeis1:amd64 1.2.1-1
2024-04-24 10:48:58 status half-configured libeis1:amd64 1.2.1-1
2024-04-24 10:48:58 status installed libeis1:amd64 1.2.1-1
2024-04-24 10:48:58 configure cloud-guest-utils:all 0.33-1 <none>
2024-04-24 10:48:58 status unpacked cloud-guest-utils:all 0.33-1
2024-04-24 10:48:58 status half-configured cloud-guest-utils:all 0.33-1
2024-04-24 10:48:58 status installed cloud-guest-utils:all 0.33-1
2024-04-24 10:48:58 configure libsasl2-modules-gssapi-mit:amd64 2.1.28+dfsg1-5ubuntu3 <none>
2024-04-24 10:48:58 status unpacked libsasl2-modules-gssapi-mit:amd64 2.1.28+dfsg1-5ubuntu3
2024-04-24 10:48:58 status half-configured libsasl2-modules-gssapi-mit:amd64 2.1.28+dfsg1-5ubuntu3
2024-04-24 10:48:58 status installed libsasl2-modules-gssapi-mit:amd64 2.1.28+dfsg1-5ubuntu3
2024-04-24 10:48:58 configure gvfs-common:all 1.54.0-1ubuntu2 <none>
2024-04-24 10:48:58 status unpacked gvfs-common:all 1.54.0-1ubuntu2
2024-04-24 10:48:58 status half-configured gvfs-common:all 1.54.0-1ubuntu2
2024-04-24 10:48:58 status installed gvfs-common:all 1.54.0-1ubuntu2
2024-04-24 10:48:58 configure gir1.2-ibus-1.0:amd64 1.5.29-2 <none>
2024-04-24 10:48:58 status unpacked gir1.2-ibus-1.0:amd64 1.5.29-2
2024-04-24 10:48:58 status half-configured gir1.2-ibus-1.0:amd64 1.5.29-2
2024-04-24 10:48:58 status installed gir1.2-ibus-1.0:amd64 1.5.29-2
2024-04-24 10:48:58 configure libdrm-common:all 2.4.120-2build1 <none>
2024-04-24 10:48:58 status unpacked libdrm-common:all 2.4.120-2build1
2024-04-24 10:48:58 status half-configured libdrm-common:all 2.4.120-2build1
2024-04-24 10:48:58 status installed libdrm-common:all 2.4.120-2build1
2024-04-24 10:48:58 configure libxcomposite1:amd64 1:0.4.5-1build3 <none>
2024-04-24 10:48:58 status unpacked libxcomposite1:amd64 1:0.4.5-1build3
2024-04-24 10:48:58 status half-configured libxcomposite1:amd64 1:0.4.5-1build3
2024-04-24 10:48:58 status installed libxcomposite1:amd64 1:0.4.5-1build3
2024-04-24 10:48:58 configure libarchive13t64:amd64 3.7.2-2 <none>
2024-04-24 10:48:58 status unpacked libarchive13t64:amd64 3.7.2-2
2024-04-24 10:48:58 status half-configured libarchive13t64:amd64 3.7.2-2
2024-04-24 10:48:58 status installed libarchive13t64:amd64 3.7.2-2
2024-04-24 10:48:58 configure python3-distro-info:all 1.7build1 <none>
2024-04-24 10:48:58 status unpacked python3-distro-info:all 1.7build1
2024-04-24 10:48:58 status half-configured python3-distro-info:all 1.7build1
2024-04-24 10:48:58 status installed python3-distro-info:all 1.7build1
2024-04-24 10:48:58 configure libgcr-base-3-1:amd64 3.41.2-1build3 <none>
2024-04-24 10:48:58 status unpacked libgcr-base-3-1:amd64 3.41.2-1build3
2024-04-24 10:48:58 status half-configured libgcr-base-3-1:amd64 3.41.2-1build3
2024-04-24 10:48:58 status installed libgcr-base-3-1:amd64 3.41.2-1build3
2024-04-24 10:48:58 configure libevdev2:amd64 1.13.1+dfsg-1build1 <none>
2024-04-24 10:48:58 status unpacked libevdev2:amd64 1.13.1+dfsg-1build1
2024-04-24 10:48:58 status half-configured libevdev2:amd64 1.13.1+dfsg-1build1
2024-04-24 10:48:58 status installed libevdev2:amd64 1.13.1+dfsg-1build1
2024-04-24 10:48:58 configure libpipewire-0.3-0t64:amd64 1.0.5-1 <none>
2024-04-24 10:48:58 status unpacked libpipewire-0.3-0t64:amd64 1.0.5-1
2024-04-24 10:48:58 status half-configured libpipewire-0.3-0t64:amd64 1.0.5-1
2024-04-24 10:48:58 status installed libpipewire-0.3-0t64:amd64 1.0.5-1
2024-04-24 10:48:58 configure publicsuffix:all 20231001.0357-0.1 <none>
2024-04-24 10:48:58 status unpacked publicsuffix:all 20231001.0357-0.1
2024-04-24 10:48:58 status half-configured publicsuffix:all 20231001.0357-0.1
2024-04-24 10:48:58 status installed publicsuffix:all 20231001.0357-0.1
2024-04-24 10:48:58 configure sysstat:amd64 12.6.1-2 <none>
2024-04-24 10:48:58 status unpacked sysstat:amd64 12.6.1-2
2024-04-24 10:48:58 status half-configured sysstat:amd64 12.6.1-2
2024-04-24 10:48:59 status installed sysstat:amd64 12.6.1-2
2024-04-24 10:48:59 configure libpam-gnome-keyring:amd64 46.1-2build1 <none>
2024-04-24 10:48:59 status unpacked libpam-gnome-keyring:amd64 46.1-2build1
2024-04-24 10:48:59 status half-configured libpam-gnome-keyring:amd64 46.1-2build1
2024-04-24 10:48:59 status installed libpam-gnome-keyring:amd64 46.1-2build1
2024-04-24 10:48:59 configure fonts-noto-core:all 20201225-2 <none>
2024-04-24 10:48:59 status unpacked fonts-noto-core:all 20201225-2
2024-04-24 10:48:59 status half-configured fonts-noto-core:all 20201225-2
2024-04-24 10:48:59 status installed fonts-noto-core:all 20201225-2
2024-04-24 10:48:59 configure xdg-utils:all 1.1.3-4.1ubuntu3 <none>
2024-04-24 10:48:59 status unpacked xdg-utils:all 1.1.3-4.1ubuntu3
2024-04-24 10:48:59 status half-configured xdg-utils:all 1.1.3-4.1ubuntu3
2024-04-24 10:48:59 status installed xdg-utils:all 1.1.3-4.1ubuntu3
2024-04-24 10:48:59 configure zstd:amd64 1.5.5+dfsg2-2build1 <none>
2024-04-24 10:48:59 status unpacked zstd:amd64 1.5.5+dfsg2-2build1
2024-04-24 10:48:59 status half-configured zstd:amd64 1.5.5+dfsg2-2build1
2024-04-24 10:48:59 status installed zstd:amd64 1.5.5+dfsg2-2build1
2024-04-24 10:48:59 configure libldap2:amd64 2.6.7+dfsg-1~exp1ubuntu8 <none>
2024-04-24 10:48:59 status unpacked libldap2:amd64 2.6.7+dfsg-1~exp1ubuntu8
2024-04-24 10:48:59 status half-configured libldap2:amd64 2.6.7+dfsg-1~exp1ubuntu8
2024-04-24 10:48:59 status installed libldap2:amd64 2.6.7+dfsg-1~exp1ubuntu8
2024-04-24 10:48:59 configure foomatic-db-compressed-ppds:all 20230202-1 <none>
2024-04-24 10:48:59 status unpacked foomatic-db-compressed-ppds:all 20230202-1
2024-04-24 10:48:59 status half-configured foomatic-db-compressed-ppds:all 20230202-1
2024-04-24 10:48:59 status installed foomatic-db-compressed-ppds:all 20230202-1
2024-04-24 10:48:59 configure libxmuu1:amd64 2:1.1.3-3build2 <none>
2024-04-24 10:48:59 status unpacked libxmuu1:amd64 2:1.1.3-3build2
2024-04-24 10:48:59 status half-configured libxmuu1:amd64 2:1.1.3-3build2
2024-04-24 10:48:59 status installed libxmuu1:amd64 2:1.1.3-3build2
2024-04-24 10:48:59 configure libonig5:amd64 6.9.9-1build1 <none>
2024-04-24 10:48:59 status unpacked libonig5:amd64 6.9.9-1build1
2024-04-24 10:48:59 status half-configured libonig5:amd64 6.9.9-1build1
2024-04-24 10:48:59 status installed libonig5:amd64 6.9.9-1build1
2024-04-24 10:48:59 configure libunity-protocol-private0:amd64 7.1.4+19.04.20190319-6build4 <none>
2024-04-24 10:48:59 status unpacked libunity-protocol-private0:amd64 7.1.4+19.04.20190319-6build4
2024-04-24 10:48:59 status half-configured libunity-protocol-private0:amd64 7.1.4+19.04.20190319-6build4
2024-04-24 10:48:59 status installed libunity-protocol-private0:amd64 7.1.4+19.04.20190319-6build4
2024-04-24 10:48:59 configure info:amd64 7.1-3build2 <none>
2024-04-24 10:48:59 status unpacked info:amd64 7.1-3build2
2024-04-24 10:48:59 status half-configured info:amd64 7.1-3build2
2024-04-24 10:48:59 status installed info:amd64 7.1-3build2
2024-04-24 10:48:59 configure gpg:amd64 2.4.4-2ubuntu17 <none>
2024-04-24 10:48:59 status unpacked gpg:amd64 2.4.4-2ubuntu17
2024-04-24 10:48:59 status half-configured gpg:amd64 2.4.4-2ubuntu17
2024-04-24 10:48:59 status installed gpg:amd64 2.4.4-2ubuntu17
2024-04-24 10:48:59 configure libgudev-1.0-0:amd64 1:238-5ubuntu1 <none>
2024-04-24 10:48:59 status unpacked libgudev-1.0-0:amd64 1:238-5ubuntu1
2024-04-24 10:48:59 status half-configured libgudev-1.0-0:amd64 1:238-5ubuntu1
2024-04-24 10:48:59 status installed libgudev-1.0-0:amd64 1:238-5ubuntu1
2024-04-24 10:48:59 configure libpolkit-gobject-1-0:amd64 124-2ubuntu1 <none>
2024-04-24 10:48:59 status unpacked libpolkit-gobject-1-0:amd64 124-2ubuntu1
2024-04-24 10:48:59 status half-configured libpolkit-gobject-1-0:amd64 124-2ubuntu1
2024-04-24 10:48:59 status installed libpolkit-gobject-1-0:amd64 124-2ubuntu1
2024-04-24 10:48:59 configure xbitmaps:all 1.1.1-2.2 <none>
2024-04-24 10:48:59 status unpacked xbitmaps:all 1.1.1-2.2
2024-04-24 10:48:59 status half-configured xbitmaps:all 1.1.1-2.2
2024-04-24 10:48:59 status installed xbitmaps:all 1.1.1-2.2
2024-04-24 10:48:59 configure libsecret-common:all 0.21.4-1build3 <none>
2024-04-24 10:48:59 status unpacked libsecret-common:all 0.21.4-1build3
2024-04-24 10:48:59 status half-configured libsecret-common:all 0.21.4-1build3
2024-04-24 10:48:59 status installed libsecret-common:all 0.21.4-1build3
2024-04-24 10:48:59 configure libmbim-glib4:amd64 1.31.2-0ubuntu3 <none>
2024-04-24 10:48:59 status unpacked libmbim-glib4:amd64 1.31.2-0ubuntu3
2024-04-24 10:48:59 status half-configured libmbim-glib4:amd64 1.31.2-0ubuntu3
2024-04-24 10:48:59 status installed libmbim-glib4:amd64 1.31.2-0ubuntu3
2024-04-24 10:48:59 configure iputils-tracepath:amd64 3:20240117-1build1 <none>
2024-04-24 10:48:59 status unpacked iputils-tracepath:amd64 3:20240117-1build1
2024-04-24 10:48:59 status half-configured iputils-tracepath:amd64 3:20240117-1build1
2024-04-24 10:48:59 status installed iputils-tracepath:amd64 3:20240117-1build1
2024-04-24 10:48:59 configure libgstreamer1.0-0:amd64 1.24.2-1 <none>
2024-04-24 10:48:59 status unpacked libgstreamer1.0-0:amd64 1.24.2-1
2024-04-24 10:48:59 status half-configured libgstreamer1.0-0:amd64 1.24.2-1
2024-04-24 10:48:59 status installed libgstreamer1.0-0:amd64 1.24.2-1
2024-04-24 10:48:59 configure yelp-xsl:all 42.1-2 <none>
2024-04-24 10:48:59 status unpacked yelp-xsl:all 42.1-2
2024-04-24 10:48:59 status half-configured yelp-xsl:all 42.1-2
2024-04-24 10:48:59 status installed yelp-xsl:all 42.1-2
2024-04-24 10:48:59 configure libmp3lame0:amd64 3.100-6build1 <none>
2024-04-24 10:48:59 status unpacked libmp3lame0:amd64 3.100-6build1
2024-04-24 10:48:59 status half-configured libmp3lame0:amd64 3.100-6build1
2024-04-24 10:48:59 status installed libmp3lame0:amd64 3.100-6build1
2024-04-24 10:48:59 configure libtevent0t64:amd64 0.16.1-2build1 <none>
2024-04-24 10:48:59 status unpacked libtevent0t64:amd64 0.16.1-2build1
2024-04-24 10:48:59 status half-configured libtevent0t64:amd64 0.16.1-2build1
2024-04-24 10:48:59 status installed libtevent0t64:amd64 0.16.1-2build1
2024-04-24 10:48:59 configure libgraphene-1.0-0:amd64 1.10.8-3build2 <none>
2024-04-24 10:48:59 status unpacked libgraphene-1.0-0:amd64 1.10.8-3build2
2024-04-24 10:48:59 status half-configured libgraphene-1.0-0:amd64 1.10.8-3build2
2024-04-24 10:48:59 status installed libgraphene-1.0-0:amd64 1.10.8-3build2
2024-04-24 10:48:59 configure rsync:amd64 3.2.7-1ubuntu1 <none>
2024-04-24 10:48:59 status unpacked rsync:amd64 3.2.7-1ubuntu1
2024-04-24 10:48:59 status half-configured rsync:amd64 3.2.7-1ubuntu1
2024-04-24 10:48:59 status installed rsync:amd64 3.2.7-1ubuntu1
2024-04-24 10:48:59 configure libudisks2-0:amd64 2.10.1-6build1 <none>
2024-04-24 10:48:59 status unpacked libudisks2-0:amd64 2.10.1-6build1
2024-04-24 10:48:59 status half-configured libudisks2-0:amd64 2.10.1-6build1
2024-04-24 10:48:59 status installed libudisks2-0:amd64 2.10.1-6build1
2024-04-24 10:48:59 configure python3-systemd:amd64 235-1build4 <none>
2024-04-24 10:48:59 status unpacked python3-systemd:amd64 235-1build4
2024-04-24 10:48:59 status half-configured python3-systemd:amd64 235-1build4
2024-04-24 10:48:59 status installed python3-systemd:amd64 235-1build4
2024-04-24 10:48:59 configure espeak-ng-data:amd64 1.51+dfsg-12build1 <none>
2024-04-24 10:48:59 status unpacked espeak-ng-data:amd64 1.51+dfsg-12build1
2024-04-24 10:48:59 status half-configured espeak-ng-data:amd64 1.51+dfsg-12build1
2024-04-24 10:48:59 status installed espeak-ng-data:amd64 1.51+dfsg-12build1
2024-04-24 10:48:59 configure libvorbisenc2:amd64 1.3.7-1build3 <none>
2024-04-24 10:48:59 status unpacked libvorbisenc2:amd64 1.3.7-1build3
2024-04-24 10:48:59 status half-configured libvorbisenc2:amd64 1.3.7-1build3
2024-04-24 10:48:59 status installed libvorbisenc2:amd64 1.3.7-1build3
2024-04-24 10:48:59 configure libsynctex2:amd64 2023.20230311.66589-9build3 <none>
2024-04-24 10:48:59 status unpacked libsynctex2:amd64 2023.20230311.66589-9build3
2024-04-24 10:48:59 status half-configured libsynctex2:amd64 2023.20230311.66589-9build3
2024-04-24 10:48:59 status installed libsynctex2:amd64 2023.20230311.66589-9build3
2024-04-24 10:48:59 configure bolt:amd64 0.9.7-1 <none>
2024-04-24 10:48:59 status unpacked bolt:amd64 0.9.7-1
2024-04-24 10:48:59 status half-configured bolt:amd64 0.9.7-1
2024-04-24 10:48:59 status installed bolt:amd64 0.9.7-1
2024-04-24 10:48:59 configure laptop-detect:all 0.16 <none>
2024-04-24 10:48:59 status unpacked laptop-detect:all 0.16
2024-04-24 10:48:59 status half-configured laptop-detect:all 0.16
2024-04-24 10:48:59 status installed laptop-detect:all 0.16
2024-04-24 10:48:59 configure xcursor-themes:all 1.0.6-0ubuntu1 <none>
2024-04-24 10:48:59 status unpacked xcursor-themes:all 1.0.6-0ubuntu1
2024-04-24 10:48:59 status half-configured xcursor-themes:all 1.0.6-0ubuntu1
2024-04-24 10:48:59 status installed xcursor-themes:all 1.0.6-0ubuntu1
2024-04-24 10:48:59 configure ethtool:amd64 1:6.7-1build1 <none>
2024-04-24 10:48:59 status unpacked ethtool:amd64 1:6.7-1build1
2024-04-24 10:48:59 status half-configured ethtool:amd64 1:6.7-1build1
2024-04-24 10:48:59 status installed ethtool:amd64 1:6.7-1build1
2024-04-24 10:48:59 configure libaa1:amd64 1.4p5-51.1 <none>
2024-04-24 10:48:59 status unpacked libaa1:amd64 1.4p5-51.1
2024-04-24 10:48:59 status half-configured libaa1:amd64 1.4p5-51.1
2024-04-24 10:48:59 status installed libaa1:amd64 1.4p5-51.1
2024-04-24 10:49:00 configure gnupg-utils:amd64 2.4.4-2ubuntu17 <none>
2024-04-24 10:49:00 status unpacked gnupg-utils:amd64 2.4.4-2ubuntu17
2024-04-24 10:49:00 status half-configured gnupg-utils:amd64 2.4.4-2ubuntu17
2024-04-24 10:49:00 status installed gnupg-utils:amd64 2.4.4-2ubuntu17
2024-04-24 10:49:00 configure libiec61883-0:amd64 1.2.0-6build1 <none>
2024-04-24 10:49:00 status unpacked libiec61883-0:amd64 1.2.0-6build1
2024-04-24 10:49:00 status half-configured libiec61883-0:amd64 1.2.0-6build1
2024-04-24 10:49:00 status installed libiec61883-0:amd64 1.2.0-6build1
2024-04-24 10:49:00 configure python3-ptyprocess:all 0.7.0-5 <none>
2024-04-24 10:49:00 status unpacked python3-ptyprocess:all 0.7.0-5
2024-04-24 10:49:00 status half-configured python3-ptyprocess:all 0.7.0-5
2024-04-24 10:49:00 status installed python3-ptyprocess:all 0.7.0-5
2024-04-24 10:49:00 configure initramfs-tools-bin:amd64 0.142ubuntu25 <none>
2024-04-24 10:49:00 status unpacked initramfs-tools-bin:amd64 0.142ubuntu25
2024-04-24 10:49:00 status half-configured initramfs-tools-bin:amd64 0.142ubuntu25
2024-04-24 10:49:00 status installed initramfs-tools-bin:amd64 0.142ubuntu25
2024-04-24 10:49:00 configure libwacom-common:all 2.10.0-2 <none>
2024-04-24 10:49:00 status unpacked libwacom-common:all 2.10.0-2
2024-04-24 10:49:00 status half-configured libwacom-common:all 2.10.0-2
2024-04-24 10:49:00 status installed libwacom-common:all 2.10.0-2
2024-04-24 10:49:00 configure libxcb-damage0:amd64 1.15-1ubuntu2 <none>
2024-04-24 10:49:00 status unpacked libxcb-damage0:amd64 1.15-1ubuntu2
2024-04-24 10:49:00 status half-configured libxcb-damage0:amd64 1.15-1ubuntu2
2024-04-24 10:49:00 status installed libxcb-damage0:amd64 1.15-1ubuntu2
2024-04-24 10:49:00 configure python3-blinker:all 1.7.0-1 <none>
2024-04-24 10:49:00 status unpacked python3-blinker:all 1.7.0-1
2024-04-24 10:49:00 status half-configured python3-blinker:all 1.7.0-1
2024-04-24 10:49:00 status installed python3-blinker:all 1.7.0-1
2024-04-24 10:49:00 configure libnss-sss:amd64 2.9.4-1.1ubuntu6 <none>
2024-04-24 10:49:00 status unpacked libnss-sss:amd64 2.9.4-1.1ubuntu6
2024-04-24 10:49:00 status half-configured libnss-sss:amd64 2.9.4-1.1ubuntu6
2024-04-24 10:49:00 status installed libnss-sss:amd64 2.9.4-1.1ubuntu6
2024-04-24 10:49:00 configure libxkbcommon0:amd64 1.6.0-1build1 <none>
2024-04-24 10:49:00 status unpacked libxkbcommon0:amd64 1.6.0-1build1
2024-04-24 10:49:00 status half-configured libxkbcommon0:amd64 1.6.0-1build1
2024-04-24 10:49:00 status installed libxkbcommon0:amd64 1.6.0-1build1
2024-04-24 10:49:00 configure libwayland-client0:amd64 1.22.0-2.1build1 <none>
2024-04-24 10:49:00 status unpacked libwayland-client0:amd64 1.22.0-2.1build1
2024-04-24 10:49:00 status half-configured libwayland-client0:amd64 1.22.0-2.1build1
2024-04-24 10:49:00 status installed libwayland-client0:amd64 1.22.0-2.1build1
2024-04-24 10:49:00 configure libjpeg8:amd64 8c-2ubuntu11 <none>
2024-04-24 10:49:00 status unpacked libjpeg8:amd64 8c-2ubuntu11
2024-04-24 10:49:00 status half-configured libjpeg8:amd64 8c-2ubuntu11
2024-04-24 10:49:00 status installed libjpeg8:amd64 8c-2ubuntu11
2024-04-24 10:49:00 configure gir1.2-graphene-1.0:amd64 1.10.8-3build2 <none>
2024-04-24 10:49:00 status unpacked gir1.2-graphene-1.0:amd64 1.10.8-3build2
2024-04-24 10:49:00 status half-configured gir1.2-graphene-1.0:amd64 1.10.8-3build2
2024-04-24 10:49:00 status installed gir1.2-graphene-1.0:amd64 1.10.8-3build2
2024-04-24 10:49:00 configure libavc1394-0:amd64 0.5.4-5build3 <none>
2024-04-24 10:49:00 status unpacked libavc1394-0:amd64 0.5.4-5build3
2024-04-24 10:49:00 status half-configured libavc1394-0:amd64 0.5.4-5build3
2024-04-24 10:49:00 status installed libavc1394-0:amd64 0.5.4-5build3
2024-04-24 10:49:00 configure liblouis20:amd64 3.29.0-1build1 <none>
2024-04-24 10:49:00 status unpacked liblouis20:amd64 3.29.0-1build1
2024-04-24 10:49:00 status half-configured liblouis20:amd64 3.29.0-1build1
2024-04-24 10:49:00 status installed liblouis20:amd64 3.29.0-1build1
2024-04-24 10:49:00 configure libxcb-dri3-0:amd64 1.15-1ubuntu2 <none>
2024-04-24 10:49:00 status unpacked libxcb-dri3-0:amd64 1.15-1ubuntu2
2024-04-24 10:49:00 status half-configured libxcb-dri3-0:amd64 1.15-1ubuntu2
2024-04-24 10:49:00 status installed libxcb-dri3-0:amd64 1.15-1ubuntu2
2024-04-24 10:49:00 configure libatopology2t64:amd64 1.2.11-1build2 <none>
2024-04-24 10:49:00 status unpacked libatopology2t64:amd64 1.2.11-1build2
2024-04-24 10:49:00 status half-configured libatopology2t64:amd64 1.2.11-1build2
2024-04-24 10:49:00 status installed libatopology2t64:amd64 1.2.11-1build2
2024-04-24 10:49:00 configure libx11-xcb1:amd64 2:1.8.7-1build1 <none>
2024-04-24 10:49:00 status unpacked libx11-xcb1:amd64 2:1.8.7-1build1
2024-04-24 10:49:00 status half-configured libx11-xcb1:amd64 2:1.8.7-1build1
2024-04-24 10:49:00 status installed libx11-xcb1:amd64 2:1.8.7-1build1
2024-04-24 10:49:00 configure libice6:amd64 2:1.0.10-1build3 <none>
2024-04-24 10:49:00 status unpacked libice6:amd64 2:1.0.10-1build3
2024-04-24 10:49:00 status half-configured libice6:amd64 2:1.0.10-1build3
2024-04-24 10:49:00 status installed libice6:amd64 2:1.0.10-1build3
2024-04-24 10:49:00 configure gir1.2-gstreamer-1.0:amd64 1.24.2-1 <none>
2024-04-24 10:49:00 status unpacked gir1.2-gstreamer-1.0:amd64 1.24.2-1
2024-04-24 10:49:00 status half-configured gir1.2-gstreamer-1.0:amd64 1.24.2-1
2024-04-24 10:49:00 status installed gir1.2-gstreamer-1.0:amd64 1.24.2-1
2024-04-24 10:49:00 configure libxcb-res0:amd64 1.15-1ubuntu2 <none>
2024-04-24 10:49:00 status unpacked libxcb-res0:amd64 1.15-1ubuntu2
2024-04-24 10:49:00 status half-configured libxcb-res0:amd64 1.15-1ubuntu2
2024-04-24 10:49:00 status installed libxcb-res0:amd64 1.15-1ubuntu2
2024-04-24 10:49:00 configure iio-sensor-proxy:amd64 3.5-1build2 <none>
2024-04-24 10:49:00 status unpacked iio-sensor-proxy:amd64 3.5-1build2
2024-04-24 10:49:00 status half-configured iio-sensor-proxy:amd64 3.5-1build2
2024-04-24 10:49:00 status installed iio-sensor-proxy:amd64 3.5-1build2
2024-04-24 10:49:00 configure tcl8.6:amd64 8.6.14+dfsg-1build1 <none>
2024-04-24 10:49:00 status unpacked tcl8.6:amd64 8.6.14+dfsg-1build1
2024-04-24 10:49:00 status half-configured tcl8.6:amd64 8.6.14+dfsg-1build1
2024-04-24 10:49:00 status installed tcl8.6:amd64 8.6.14+dfsg-1build1
2024-04-24 10:49:00 configure eatmydata:all 131-1ubuntu1 <none>
2024-04-24 10:49:00 status unpacked eatmydata:all 131-1ubuntu1
2024-04-24 10:49:00 status half-configured eatmydata:all 131-1ubuntu1
2024-04-24 10:49:00 status installed eatmydata:all 131-1ubuntu1
2024-04-24 10:49:00 configure libnfsidmap1:amd64 1:2.6.4-3ubuntu5 <none>
2024-04-24 10:49:00 status unpacked libnfsidmap1:amd64 1:2.6.4-3ubuntu5
2024-04-24 10:49:00 status half-configured libnfsidmap1:amd64 1:2.6.4-3ubuntu5
2024-04-24 10:49:00 status installed libnfsidmap1:amd64 1:2.6.4-3ubuntu5
2024-04-24 10:49:00 configure libtss2-tcti-spi-helper0t64:amd64 4.0.1-7.1ubuntu5 <none>
2024-04-24 10:49:00 status unpacked libtss2-tcti-spi-helper0t64:amd64 4.0.1-7.1ubuntu5
2024-04-24 10:49:00 status half-configured libtss2-tcti-spi-helper0t64:amd64 4.0.1-7.1ubuntu5
2024-04-24 10:49:00 status installed libtss2-tcti-spi-helper0t64:amd64 4.0.1-7.1ubuntu5
2024-04-24 10:49:00 configure libsnmp40t64:amd64 5.9.4+dfsg-1.1ubuntu3 <none>
2024-04-24 10:49:00 status unpacked libsnmp40t64:amd64 5.9.4+dfsg-1.1ubuntu3
2024-04-24 10:49:00 status half-configured libsnmp40t64:amd64 5.9.4+dfsg-1.1ubuntu3
2024-04-24 10:49:00 status installed libsnmp40t64:amd64 5.9.4+dfsg-1.1ubuntu3
2024-04-24 10:49:00 configure libnftables1:amd64 1.0.9-1build1 <none>
2024-04-24 10:49:00 status unpacked libnftables1:amd64 1.0.9-1build1
2024-04-24 10:49:00 status half-configured libnftables1:amd64 1.0.9-1build1
2024-04-24 10:49:00 status installed libnftables1:amd64 1.0.9-1build1
2024-04-24 10:49:00 configure libfftw3-single3:amd64 3.3.10-1ubuntu3 <none>
2024-04-24 10:49:00 status unpacked libfftw3-single3:amd64 3.3.10-1ubuntu3
2024-04-24 10:49:00 status half-configured libfftw3-single3:amd64 3.3.10-1ubuntu3
2024-04-24 10:49:00 status installed libfftw3-single3:amd64 3.3.10-1ubuntu3
2024-04-24 10:49:00 configure libxdamage1:amd64 1:1.1.6-1build1 <none>
2024-04-24 10:49:00 status unpacked libxdamage1:amd64 1:1.1.6-1build1
2024-04-24 10:49:00 status half-configured libxdamage1:amd64 1:1.1.6-1build1
2024-04-24 10:49:00 status installed libxdamage1:amd64 1:1.1.6-1build1
2024-04-24 10:49:00 configure gpg-agent:amd64 2.4.4-2ubuntu17 <none>
2024-04-24 10:49:00 status unpacked gpg-agent:amd64 2.4.4-2ubuntu17
2024-04-24 10:49:00 status half-configured gpg-agent:amd64 2.4.4-2ubuntu17
2024-04-24 10:49:00 status installed gpg-agent:amd64 2.4.4-2ubuntu17
2024-04-24 10:49:00 configure nftables:amd64 1.0.9-1build1 <none>
2024-04-24 10:49:00 status unpacked nftables:amd64 1.0.9-1build1
2024-04-24 10:49:00 status half-configured nftables:amd64 1.0.9-1build1
2024-04-24 10:49:00 status installed nftables:amd64 1.0.9-1build1
2024-04-24 10:49:00 configure libatk1.0-0t64:amd64 2.52.0-1build1 <none>
2024-04-24 10:49:00 status unpacked libatk1.0-0t64:amd64 2.52.0-1build1
2024-04-24 10:49:00 status half-configured libatk1.0-0t64:amd64 2.52.0-1build1
2024-04-24 10:49:00 status installed libatk1.0-0t64:amd64 2.52.0-1build1
2024-04-24 10:49:00 configure telnet:all 0.17+2.5-3ubuntu4 <none>
2024-04-24 10:49:00 status unpacked telnet:all 0.17+2.5-3ubuntu4
2024-04-24 10:49:00 status half-configured telnet:all 0.17+2.5-3ubuntu4
2024-04-24 10:49:00 status installed telnet:all 0.17+2.5-3ubuntu4
2024-04-24 10:49:00 configure dconf-cli:amd64 0.40.0-4build2 <none>
2024-04-24 10:49:00 status unpacked dconf-cli:amd64 0.40.0-4build2
2024-04-24 10:49:00 status half-configured dconf-cli:amd64 0.40.0-4build2
2024-04-24 10:49:00 status installed dconf-cli:amd64 0.40.0-4build2
2024-04-24 10:49:00 configure libblockdev-mdraid3:amd64 3.1.1-1 <none>
2024-04-24 10:49:00 status unpacked libblockdev-mdraid3:amd64 3.1.1-1
2024-04-24 10:49:00 status half-configured libblockdev-mdraid3:amd64 3.1.1-1
2024-04-24 10:49:00 status installed libblockdev-mdraid3:amd64 3.1.1-1
2024-04-24 10:49:00 configure printer-driver-foo2zjs-common:all 20200505dfsg0-2ubuntu6 <none>
2024-04-24 10:49:00 status unpacked printer-driver-foo2zjs-common:all 20200505dfsg0-2ubuntu6
2024-04-24 10:49:00 status half-configured printer-driver-foo2zjs-common:all 20200505dfsg0-2ubuntu6
2024-04-24 10:49:00 status installed printer-driver-foo2zjs-common:all 20200505dfsg0-2ubuntu6
2024-04-24 10:49:00 configure libglibmm-2.68-1t64:amd64 2.78.1-2.2build2 <none>
2024-04-24 10:49:00 status unpacked libglibmm-2.68-1t64:amd64 2.78.1-2.2build2
2024-04-24 10:49:00 status half-configured libglibmm-2.68-1t64:amd64 2.78.1-2.2build2
2024-04-24 10:49:00 status installed libglibmm-2.68-1t64:amd64 2.78.1-2.2build2
2024-04-24 10:49:00 configure libxpm4:amd64 1:3.5.17-1build2 <none>
2024-04-24 10:49:00 status unpacked libxpm4:amd64 1:3.5.17-1build2
2024-04-24 10:49:00 status half-configured libxpm4:amd64 1:3.5.17-1build2
2024-04-24 10:49:00 status installed libxpm4:amd64 1:3.5.17-1build2
2024-04-24 10:49:00 configure libv4lconvert0t64:amd64 1.26.1-4build3 <none>
2024-04-24 10:49:00 status unpacked libv4lconvert0t64:amd64 1.26.1-4build3
2024-04-24 10:49:00 status half-configured libv4lconvert0t64:amd64 1.26.1-4build3
2024-04-24 10:49:00 status installed libv4lconvert0t64:amd64 1.26.1-4build3
2024-04-24 10:49:00 configure wget:amd64 1.21.4-1ubuntu4 <none>
2024-04-24 10:49:00 status unpacked wget:amd64 1.21.4-1ubuntu4
2024-04-24 10:49:00 status half-configured wget:amd64 1.21.4-1ubuntu4
2024-04-24 10:49:00 status installed wget:amd64 1.21.4-1ubuntu4
2024-04-24 10:49:00 configure numactl:amd64 2.0.18-1build1 <none>
2024-04-24 10:49:00 status unpacked numactl:amd64 2.0.18-1build1
2024-04-24 10:49:00 status half-configured numactl:amd64 2.0.18-1build1
2024-04-24 10:49:00 status installed numactl:amd64 2.0.18-1build1
2024-04-24 10:49:00 configure libwoff1:amd64 1.0.2-2build1 <none>
2024-04-24 10:49:00 status unpacked libwoff1:amd64 1.0.2-2build1
2024-04-24 10:49:00 status half-configured libwoff1:amd64 1.0.2-2build1
2024-04-24 10:49:00 status installed libwoff1:amd64 1.0.2-2build1
2024-04-24 10:49:00 configure libxrender1:amd64 1:0.9.10-1.1build1 <none>
2024-04-24 10:49:00 status unpacked libxrender1:amd64 1:0.9.10-1.1build1
2024-04-24 10:49:00 status half-configured libxrender1:amd64 1:0.9.10-1.1build1
2024-04-24 10:49:00 status installed libxrender1:amd64 1:0.9.10-1.1build1
2024-04-24 10:49:00 configure libcurl4t64:amd64 8.5.0-2ubuntu10 <none>
2024-04-24 10:49:00 status unpacked libcurl4t64:amd64 8.5.0-2ubuntu10
2024-04-24 10:49:00 status half-configured libcurl4t64:amd64 8.5.0-2ubuntu10
2024-04-24 10:49:00 status installed libcurl4t64:amd64 8.5.0-2ubuntu10
2024-04-24 10:49:00 configure bind9-libs:amd64 1:9.18.24-0ubuntu5 <none>
2024-04-24 10:49:00 status unpacked bind9-libs:amd64 1:9.18.24-0ubuntu5
2024-04-24 10:49:00 status half-configured bind9-libs:amd64 1:9.18.24-0ubuntu5
2024-04-24 10:49:00 status installed bind9-libs:amd64 1:9.18.24-0ubuntu5
2024-04-24 10:49:00 configure libwireplumber-0.4-0:amd64 0.4.17-1ubuntu4 <none>
2024-04-24 10:49:00 status unpacked libwireplumber-0.4-0:amd64 0.4.17-1ubuntu4
2024-04-24 10:49:00 status half-configured libwireplumber-0.4-0:amd64 0.4.17-1ubuntu4
2024-04-24 10:49:00 status installed libwireplumber-0.4-0:amd64 0.4.17-1ubuntu4
2024-04-24 10:49:00 configure alsa-base:all 1.0.25+dfsg-0ubuntu7 <none>
2024-04-24 10:49:00 status unpacked alsa-base:all 1.0.25+dfsg-0ubuntu7
2024-04-24 10:49:00 status half-configured alsa-base:all 1.0.25+dfsg-0ubuntu7
2024-04-24 10:49:00 status installed alsa-base:all 1.0.25+dfsg-0ubuntu7
2024-04-24 10:49:00 configure dictionaries-common:all 1.29.7 <none>
2024-04-24 10:49:00 status unpacked dictionaries-common:all 1.29.7
2024-04-24 10:49:00 status half-configured dictionaries-common:all 1.29.7
2024-04-24 10:49:01 status installed dictionaries-common:all 1.29.7
2024-04-24 10:49:01 status triggers-pending dictionaries-common:all 1.29.7
2024-04-24 10:49:01 configure alsa-ucm-conf:all 1.2.10-1ubuntu5 <none>
2024-04-24 10:49:01 status unpacked alsa-ucm-conf:all 1.2.10-1ubuntu5
2024-04-24 10:49:01 status half-configured alsa-ucm-conf:all 1.2.10-1ubuntu5
2024-04-24 10:49:01 status installed alsa-ucm-conf:all 1.2.10-1ubuntu5
2024-04-24 10:49:01 configure python3-babel:all 2.10.3-3build1 <none>
2024-04-24 10:49:01 status unpacked python3-babel:all 2.10.3-3build1
2024-04-24 10:49:01 status half-configured python3-babel:all 2.10.3-3build1
2024-04-24 10:49:01 status installed python3-babel:all 2.10.3-3build1
2024-04-24 10:49:01 configure python3-speechd:all 0.12.0~rc2-2build3 <none>
2024-04-24 10:49:01 status unpacked python3-speechd:all 0.12.0~rc2-2build3
2024-04-24 10:49:01 status half-configured python3-speechd:all 0.12.0~rc2-2build3
2024-04-24 10:49:01 status installed python3-speechd:all 0.12.0~rc2-2build3
2024-04-24 10:49:01 configure libblockdev-swap3:amd64 3.1.1-1 <none>
2024-04-24 10:49:01 status unpacked libblockdev-swap3:amd64 3.1.1-1
2024-04-24 10:49:01 status half-configured libblockdev-swap3:amd64 3.1.1-1
2024-04-24 10:49:01 status installed libblockdev-swap3:amd64 3.1.1-1
2024-04-24 10:49:01 configure gir1.2-atk-1.0:amd64 2.52.0-1build1 <none>
2024-04-24 10:49:01 status unpacked gir1.2-atk-1.0:amd64 2.52.0-1build1
2024-04-24 10:49:01 status half-configured gir1.2-atk-1.0:amd64 2.52.0-1build1
2024-04-24 10:49:01 status installed gir1.2-atk-1.0:amd64 2.52.0-1build1
2024-04-24 10:49:01 configure libwacom9:amd64 2.10.0-2 <none>
2024-04-24 10:49:01 status unpacked libwacom9:amd64 2.10.0-2
2024-04-24 10:49:01 status half-configured libwacom9:amd64 2.10.0-2
2024-04-24 10:49:01 status installed libwacom9:amd64 2.10.0-2
2024-04-24 10:49:01 configure cpp-13-x86-64-linux-gnu:amd64 13.2.0-23ubuntu4 <none>
2024-04-24 10:49:01 status unpacked cpp-13-x86-64-linux-gnu:amd64 13.2.0-23ubuntu4
2024-04-24 10:49:01 status half-configured cpp-13-x86-64-linux-gnu:amd64 13.2.0-23ubuntu4
2024-04-24 10:49:01 status installed cpp-13-x86-64-linux-gnu:amd64 13.2.0-23ubuntu4
2024-04-24 10:49:01 configure libjq1:amd64 1.7.1-3build1 <none>
2024-04-24 10:49:01 status unpacked libjq1:amd64 1.7.1-3build1
2024-04-24 10:49:01 status half-configured libjq1:amd64 1.7.1-3build1
2024-04-24 10:49:01 status installed libjq1:amd64 1.7.1-3build1
2024-04-24 10:49:01 configure fontconfig-config:amd64 2.15.0-1.1ubuntu2 <none>
2024-04-24 10:49:01 status unpacked fontconfig-config:amd64 2.15.0-1.1ubuntu2
2024-04-24 10:49:01 status half-configured fontconfig-config:amd64 2.15.0-1.1ubuntu2
2024-04-24 10:49:01 status installed fontconfig-config:amd64 2.15.0-1.1ubuntu2
2024-04-24 10:49:01 configure libroc0.3:amd64 0.3.0+dfsg-7ubuntu2 <none>
2024-04-24 10:49:01 status unpacked libroc0.3:amd64 0.3.0+dfsg-7ubuntu2
2024-04-24 10:49:01 status half-configured libroc0.3:amd64 0.3.0+dfsg-7ubuntu2
2024-04-24 10:49:01 status installed libroc0.3:amd64 0.3.0+dfsg-7ubuntu2
2024-04-24 10:49:01 configure libopencc1.1:amd64 1.1.7+ds1-1build1 <none>
2024-04-24 10:49:01 status unpacked libopencc1.1:amd64 1.1.7+ds1-1build1
2024-04-24 10:49:01 status half-configured libopencc1.1:amd64 1.1.7+ds1-1build1
2024-04-24 10:49:01 status installed libopencc1.1:amd64 1.1.7+ds1-1build1
2024-04-24 10:49:01 configure libwebpdemux2:amd64 1.3.2-0.4build3 <none>
2024-04-24 10:49:01 status unpacked libwebpdemux2:amd64 1.3.2-0.4build3
2024-04-24 10:49:01 status half-configured libwebpdemux2:amd64 1.3.2-0.4build3
2024-04-24 10:49:01 status installed libwebpdemux2:amd64 1.3.2-0.4build3
2024-04-24 10:49:01 configure python3-jsonpatch:all 1.32-3 <none>
2024-04-24 10:49:01 status unpacked python3-jsonpatch:all 1.32-3
2024-04-24 10:49:01 status half-configured python3-jsonpatch:all 1.32-3
2024-04-24 10:49:01 status installed python3-jsonpatch:all 1.32-3
2024-04-24 10:49:01 configure libmanette-0.2-0:amd64 0.2.7-1build2 <none>
2024-04-24 10:49:01 status unpacked libmanette-0.2-0:amd64 0.2.7-1build2
2024-04-24 10:49:01 status half-configured libmanette-0.2-0:amd64 0.2.7-1build2
2024-04-24 10:49:01 status installed libmanette-0.2-0:amd64 0.2.7-1build2
2024-04-24 10:49:01 configure power-profiles-daemon:amd64 0.21-1 <none>
2024-04-24 10:49:01 status unpacked power-profiles-daemon:amd64 0.21-1
2024-04-24 10:49:01 status half-configured power-profiles-daemon:amd64 0.21-1
2024-04-24 10:49:01 status installed power-profiles-daemon:amd64 0.21-1
2024-04-24 10:49:01 configure libblockdev-loop3:amd64 3.1.1-1 <none>
2024-04-24 10:49:01 status unpacked libblockdev-loop3:amd64 3.1.1-1
2024-04-24 10:49:01 status half-configured libblockdev-loop3:amd64 3.1.1-1
2024-04-24 10:49:01 status installed libblockdev-loop3:amd64 3.1.1-1
2024-04-24 10:49:01 configure gpgsm:amd64 2.4.4-2ubuntu17 <none>
2024-04-24 10:49:01 status unpacked gpgsm:amd64 2.4.4-2ubuntu17
2024-04-24 10:49:01 status half-configured gpgsm:amd64 2.4.4-2ubuntu17
2024-04-24 10:49:01 status installed gpgsm:amd64 2.4.4-2ubuntu17
2024-04-24 10:49:01 configure wireless-tools:amd64 30~pre9-16.1ubuntu2 <none>
2024-04-24 10:49:01 status unpacked wireless-tools:amd64 30~pre9-16.1ubuntu2
2024-04-24 10:49:01 status half-configured wireless-tools:amd64 30~pre9-16.1ubuntu2
2024-04-24 10:49:01 status installed wireless-tools:amd64 30~pre9-16.1ubuntu2
2024-04-24 10:49:01 configure libgnome-autoar-0-0:amd64 0.4.4-2build4 <none>
2024-04-24 10:49:01 status unpacked libgnome-autoar-0-0:amd64 0.4.4-2build4
2024-04-24 10:49:01 status half-configured libgnome-autoar-0-0:amd64 0.4.4-2build4
2024-04-24 10:49:01 status installed libgnome-autoar-0-0:amd64 0.4.4-2build4
2024-04-24 10:49:01 configure libdjvulibre21:amd64 3.5.28-2build4 <none>
2024-04-24 10:49:01 status unpacked libdjvulibre21:amd64 3.5.28-2build4
2024-04-24 10:49:01 status half-configured libdjvulibre21:amd64 3.5.28-2build4
2024-04-24 10:49:01 status installed libdjvulibre21:amd64 3.5.28-2build4
2024-04-24 10:49:01 configure libavahi-common3:amd64 0.8-13ubuntu6 <none>
2024-04-24 10:49:01 status unpacked libavahi-common3:amd64 0.8-13ubuntu6
2024-04-24 10:49:01 status half-configured libavahi-common3:amd64 0.8-13ubuntu6
2024-04-24 10:49:01 status installed libavahi-common3:amd64 0.8-13ubuntu6
2024-04-24 10:49:01 configure upower:amd64 1.90.3-1 <none>
2024-04-24 10:49:01 status unpacked upower:amd64 1.90.3-1
2024-04-24 10:49:01 status half-configured upower:amd64 1.90.3-1
2024-04-24 10:49:01 status installed upower:amd64 1.90.3-1
2024-04-24 10:49:01 configure hplip-data:all 3.23.12+dfsg0-0ubuntu5 <none>
2024-04-24 10:49:01 status unpacked hplip-data:all 3.23.12+dfsg0-0ubuntu5
2024-04-24 10:49:01 status half-configured hplip-data:all 3.23.12+dfsg0-0ubuntu5
2024-04-24 10:49:02 status installed hplip-data:all 3.23.12+dfsg0-0ubuntu5
2024-04-24 10:49:02 configure libgnome-bluetooth-3.0-13:amd64 46.0-1build1 <none>
2024-04-24 10:49:02 status unpacked libgnome-bluetooth-3.0-13:amd64 46.0-1build1
2024-04-24 10:49:02 status half-configured libgnome-bluetooth-3.0-13:amd64 46.0-1build1
2024-04-24 10:49:02 status installed libgnome-bluetooth-3.0-13:amd64 46.0-1build1
2024-04-24 10:49:02 configure libcurl3t64-gnutls:amd64 8.5.0-2ubuntu10 <none>
2024-04-24 10:49:02 status unpacked libcurl3t64-gnutls:amd64 8.5.0-2ubuntu10
2024-04-24 10:49:02 status half-configured libcurl3t64-gnutls:amd64 8.5.0-2ubuntu10
2024-04-24 10:49:02 status installed libcurl3t64-gnutls:amd64 8.5.0-2ubuntu10
2024-04-24 10:49:02 configure libxext6:amd64 2:1.3.4-1build2 <none>
2024-04-24 10:49:02 status unpacked libxext6:amd64 2:1.3.4-1build2
2024-04-24 10:49:02 status half-configured libxext6:amd64 2:1.3.4-1build2
2024-04-24 10:49:02 status installed libxext6:amd64 2:1.3.4-1build2
2024-04-24 10:49:02 configure libqpdf29t64:amd64 11.9.0-1.1build1 <none>
2024-04-24 10:49:02 status unpacked libqpdf29t64:amd64 11.9.0-1.1build1
2024-04-24 10:49:02 status half-configured libqpdf29t64:amd64 11.9.0-1.1build1
2024-04-24 10:49:02 status installed libqpdf29t64:amd64 11.9.0-1.1build1
2024-04-24 10:49:02 configure secureboot-db:amd64 1.9build1 <none>
2024-04-24 10:49:02 status unpacked secureboot-db:amd64 1.9build1
2024-04-24 10:49:02 status half-configured secureboot-db:amd64 1.9build1
2024-04-24 10:49:02 status installed secureboot-db:amd64 1.9build1
2024-04-24 10:49:02 configure libpinyin15:amd64 2.8.1-1build3 <none>
2024-04-24 10:49:02 status unpacked libpinyin15:amd64 2.8.1-1build3
2024-04-24 10:49:02 status half-configured libpinyin15:amd64 2.8.1-1build3
2024-04-24 10:49:02 status installed libpinyin15:amd64 2.8.1-1build3
2024-04-24 10:49:02 configure libappstream5:amd64 1.0.2-1build6 <none>
2024-04-24 10:49:02 status unpacked libappstream5:amd64 1.0.2-1build6
2024-04-24 10:49:02 status half-configured libappstream5:amd64 1.0.2-1build6
2024-04-24 10:49:02 status installed libappstream5:amd64 1.0.2-1build6
2024-04-24 10:49:02 configure dconf-service:amd64 0.40.0-4build2 <none>
2024-04-24 10:49:02 status unpacked dconf-service:amd64 0.40.0-4build2
2024-04-24 10:49:02 status half-configured dconf-service:amd64 0.40.0-4build2
2024-04-24 10:49:02 status installed dconf-service:amd64 0.40.0-4build2
2024-04-24 10:49:02 configure libparted2t64:amd64 3.6-4build1 <none>
2024-04-24 10:49:02 status unpacked libparted2t64:amd64 3.6-4build1
2024-04-24 10:49:02 status half-configured libparted2t64:amd64 3.6-4build1
2024-04-24 10:49:02 status installed libparted2t64:amd64 3.6-4build1
2024-04-24 10:49:02 configure libsource-highlight4t64:amd64 3.1.9-4.3build1 <none>
2024-04-24 10:49:02 status unpacked libsource-highlight4t64:amd64 3.1.9-4.3build1
2024-04-24 10:49:02 status half-configured libsource-highlight4t64:amd64 3.1.9-4.3build1
2024-04-24 10:49:02 status installed libsource-highlight4t64:amd64 3.1.9-4.3build1
2024-04-24 10:49:02 configure libnss3:amd64 2:3.98-1build1 <none>
2024-04-24 10:49:02 status unpacked libnss3:amd64 2:3.98-1build1
2024-04-24 10:49:02 status half-configured libnss3:amd64 2:3.98-1build1
2024-04-24 10:49:02 status installed libnss3:amd64 2:3.98-1build1
2024-04-24 10:49:02 configure whoopsie-preferences:amd64 23build3 <none>
2024-04-24 10:49:02 status unpacked whoopsie-preferences:amd64 23build3
2024-04-24 10:49:02 status half-configured whoopsie-preferences:amd64 23build3
2024-04-24 10:49:02 status installed whoopsie-preferences:amd64 23build3
2024-04-24 10:49:02 configure libmbim-proxy:amd64 1.31.2-0ubuntu3 <none>
2024-04-24 10:49:02 status unpacked libmbim-proxy:amd64 1.31.2-0ubuntu3
2024-04-24 10:49:02 status half-configured libmbim-proxy:amd64 1.31.2-0ubuntu3
2024-04-24 10:49:02 status installed libmbim-proxy:amd64 1.31.2-0ubuntu3
2024-04-24 10:49:02 configure gir1.2-accountsservice-1.0:amd64 23.13.9-2ubuntu6 <none>
2024-04-24 10:49:02 status unpacked gir1.2-accountsservice-1.0:amd64 23.13.9-2ubuntu6
2024-04-24 10:49:02 status half-configured gir1.2-accountsservice-1.0:amd64 23.13.9-2ubuntu6
2024-04-24 10:49:02 status installed gir1.2-accountsservice-1.0:amd64 23.13.9-2ubuntu6
2024-04-24 10:49:02 configure ldap-utils:amd64 2.6.7+dfsg-1~exp1ubuntu8 <none>
2024-04-24 10:49:02 status unpacked ldap-utils:amd64 2.6.7+dfsg-1~exp1ubuntu8
2024-04-24 10:49:02 status half-configured ldap-utils:amd64 2.6.7+dfsg-1~exp1ubuntu8
2024-04-24 10:49:02 status installed ldap-utils:amd64 2.6.7+dfsg-1~exp1ubuntu8
2024-04-24 10:49:02 configure libxvmc1:amd64 2:1.0.12-2build3 <none>
2024-04-24 10:49:02 status unpacked libxvmc1:amd64 2:1.0.12-2build3
2024-04-24 10:49:02 status half-configured libxvmc1:amd64 2:1.0.12-2build3
2024-04-24 10:49:02 status installed libxvmc1:amd64 2:1.0.12-2build3
2024-04-24 10:49:02 configure usbutils:amd64 1:017-3build1 <none>
2024-04-24 10:49:02 status unpacked usbutils:amd64 1:017-3build1
2024-04-24 10:49:02 status half-configured usbutils:amd64 1:017-3build1
2024-04-24 10:49:02 status installed usbutils:amd64 1:017-3build1
2024-04-24 10:49:02 configure libblockdev3:amd64 3.1.1-1 <none>
2024-04-24 10:49:02 status unpacked libblockdev3:amd64 3.1.1-1
2024-04-24 10:49:02 status half-configured libblockdev3:amd64 3.1.1-1
2024-04-24 10:49:02 status installed libblockdev3:amd64 3.1.1-1
2024-04-24 10:49:02 configure openprinting-ppds:all 20230202-1 <none>
2024-04-24 10:49:02 status unpacked openprinting-ppds:all 20230202-1
2024-04-24 10:49:02 status half-configured openprinting-ppds:all 20230202-1
2024-04-24 10:49:02 status installed openprinting-ppds:all 20230202-1
2024-04-24 10:49:02 configure libsss-certmap0:amd64 2.9.4-1.1ubuntu6 <none>
2024-04-24 10:49:02 status unpacked libsss-certmap0:amd64 2.9.4-1.1ubuntu6
2024-04-24 10:49:02 status half-configured libsss-certmap0:amd64 2.9.4-1.1ubuntu6
2024-04-24 10:49:02 status installed libsss-certmap0:amd64 2.9.4-1.1ubuntu6
2024-04-24 10:49:02 configure bluez-obexd:amd64 5.72-0ubuntu5 <none>
2024-04-24 10:49:02 status unpacked bluez-obexd:amd64 5.72-0ubuntu5
2024-04-24 10:49:02 status half-configured bluez-obexd:amd64 5.72-0ubuntu5
2024-04-24 10:49:02 status installed bluez-obexd:amd64 5.72-0ubuntu5
2024-04-24 10:49:02 configure libjson-glib-1.0-0:amd64 1.8.0-2build2 <none>
2024-04-24 10:49:02 status unpacked libjson-glib-1.0-0:amd64 1.8.0-2build2
2024-04-24 10:49:02 status half-configured libjson-glib-1.0-0:amd64 1.8.0-2build2
2024-04-24 10:49:02 status installed libjson-glib-1.0-0:amd64 1.8.0-2build2
2024-04-24 10:49:02 configure libblockdev-part3:amd64 3.1.1-1 <none>
2024-04-24 10:49:02 status unpacked libblockdev-part3:amd64 3.1.1-1
2024-04-24 10:49:02 status half-configured libblockdev-part3:amd64 3.1.1-1
2024-04-24 10:49:02 status installed libblockdev-part3:amd64 3.1.1-1
2024-04-24 10:49:02 configure libxxf86vm1:amd64 1:1.1.4-1build4 <none>
2024-04-24 10:49:02 status unpacked libxxf86vm1:amd64 1:1.1.4-1build4
2024-04-24 10:49:02 status half-configured libxxf86vm1:amd64 1:1.1.4-1build4
2024-04-24 10:49:02 status installed libxxf86vm1:amd64 1:1.1.4-1build4
2024-04-24 10:49:02 configure libinput-bin:amd64 1.25.0-1ubuntu2 <none>
2024-04-24 10:49:02 status unpacked libinput-bin:amd64 1.25.0-1ubuntu2
2024-04-24 10:49:02 status half-configured libinput-bin:amd64 1.25.0-1ubuntu2
2024-04-24 10:49:02 status installed libinput-bin:amd64 1.25.0-1ubuntu2
2024-04-24 10:49:02 configure libnl-route-3-200:amd64 3.7.0-0.3build1 <none>
2024-04-24 10:49:02 status unpacked libnl-route-3-200:amd64 3.7.0-0.3build1
2024-04-24 10:49:02 status half-configured libnl-route-3-200:amd64 3.7.0-0.3build1
2024-04-24 10:49:02 status installed libnl-route-3-200:amd64 3.7.0-0.3build1
2024-04-24 10:49:02 configure xcvt:amd64 0.1.2-1build1 <none>
2024-04-24 10:49:02 status unpacked xcvt:amd64 0.1.2-1build1
2024-04-24 10:49:02 status half-configured xcvt:amd64 0.1.2-1build1
2024-04-24 10:49:02 status installed xcvt:amd64 0.1.2-1build1
2024-04-24 10:49:02 configure libphonenumber8:amd64 8.12.57+ds-4.2build3 <none>
2024-04-24 10:49:02 status unpacked libphonenumber8:amd64 8.12.57+ds-4.2build3
2024-04-24 10:49:02 status half-configured libphonenumber8:amd64 8.12.57+ds-4.2build3
2024-04-24 10:49:02 status installed libphonenumber8:amd64 8.12.57+ds-4.2build3
2024-04-24 10:49:02 configure libtss2-tctildr0t64:amd64 4.0.1-7.1ubuntu5 <none>
2024-04-24 10:49:02 status unpacked libtss2-tctildr0t64:amd64 4.0.1-7.1ubuntu5
2024-04-24 10:49:02 status half-configured libtss2-tctildr0t64:amd64 4.0.1-7.1ubuntu5
2024-04-24 10:49:02 status installed libtss2-tctildr0t64:amd64 4.0.1-7.1ubuntu5
2024-04-24 10:49:02 configure dirmngr:amd64 2.4.4-2ubuntu17 <none>
2024-04-24 10:49:02 status unpacked dirmngr:amd64 2.4.4-2ubuntu17
2024-04-24 10:49:02 status half-configured dirmngr:amd64 2.4.4-2ubuntu17
2024-04-24 10:49:03 status installed dirmngr:amd64 2.4.4-2ubuntu17
2024-04-24 10:49:03 configure libthai0:amd64 0.1.29-2build1 <none>
2024-04-24 10:49:03 status unpacked libthai0:amd64 0.1.29-2build1
2024-04-24 10:49:03 status half-configured libthai0:amd64 0.1.29-2build1
2024-04-24 10:49:03 status installed libthai0:amd64 0.1.29-2build1
2024-04-24 10:49:03 configure libftdi1-2:amd64 1.5-6build5 <none>
2024-04-24 10:49:03 status unpacked libftdi1-2:amd64 1.5-6build5
2024-04-24 10:49:03 status half-configured libftdi1-2:amd64 1.5-6build5
2024-04-24 10:49:03 status installed libftdi1-2:amd64 1.5-6build5
2024-04-24 10:49:03 configure libvorbisfile3:amd64 1.3.7-1build3 <none>
2024-04-24 10:49:03 status unpacked libvorbisfile3:amd64 1.3.7-1build3
2024-04-24 10:49:03 status half-configured libvorbisfile3:amd64 1.3.7-1build3
2024-04-24 10:49:03 status installed libvorbisfile3:amd64 1.3.7-1build3
2024-04-24 10:49:03 configure alsa-utils:amd64 1.2.9-1ubuntu5 <none>
2024-04-24 10:49:03 status unpacked alsa-utils:amd64 1.2.9-1ubuntu5
2024-04-24 10:49:03 status half-configured alsa-utils:amd64 1.2.9-1ubuntu5
2024-04-24 10:49:03 status installed alsa-utils:amd64 1.2.9-1ubuntu5
2024-04-24 10:49:03 configure cracklib-runtime:amd64 2.9.6-5.1build2 <none>
2024-04-24 10:49:03 status unpacked cracklib-runtime:amd64 2.9.6-5.1build2
2024-04-24 10:49:03 status half-configured cracklib-runtime:amd64 2.9.6-5.1build2
2024-04-24 10:49:03 status installed cracklib-runtime:amd64 2.9.6-5.1build2
2024-04-24 10:49:03 configure bluez:amd64 5.72-0ubuntu5 <none>
2024-04-24 10:49:03 status unpacked bluez:amd64 5.72-0ubuntu5
2024-04-24 10:49:03 status half-configured bluez:amd64 5.72-0ubuntu5
2024-04-24 10:49:03 status installed bluez:amd64 5.72-0ubuntu5
2024-04-24 10:49:03 configure unattended-upgrades:all 2.9.1+nmu4ubuntu1 <none>
2024-04-24 10:49:03 status unpacked unattended-upgrades:all 2.9.1+nmu4ubuntu1
2024-04-24 10:49:03 status half-configured unattended-upgrades:all 2.9.1+nmu4ubuntu1
2024-04-24 10:49:03 status installed unattended-upgrades:all 2.9.1+nmu4ubuntu1
2024-04-24 10:49:03 configure libflashrom1:amd64 1.3.0-2.1ubuntu2 <none>
2024-04-24 10:49:03 status unpacked libflashrom1:amd64 1.3.0-2.1ubuntu2
2024-04-24 10:49:03 status half-configured libflashrom1:amd64 1.3.0-2.1ubuntu2
2024-04-24 10:49:03 status installed libflashrom1:amd64 1.3.0-2.1ubuntu2
2024-04-24 10:49:03 configure perl:amd64 5.38.2-3.2build2 <none>
2024-04-24 10:49:03 status unpacked perl:amd64 5.38.2-3.2build2
2024-04-24 10:49:03 status half-configured perl:amd64 5.38.2-3.2build2
2024-04-24 10:49:03 status installed perl:amd64 5.38.2-3.2build2
2024-04-24 10:49:03 configure libsecret-1-0:amd64 0.21.4-1build3 <none>
2024-04-24 10:49:03 status unpacked libsecret-1-0:amd64 0.21.4-1build3
2024-04-24 10:49:03 status half-configured libsecret-1-0:amd64 0.21.4-1build3
2024-04-24 10:49:03 status installed libsecret-1-0:amd64 0.21.4-1build3
2024-04-24 10:49:03 configure libjavascriptcoregtk-4.1-0:amd64 2.44.0-2 <none>
2024-04-24 10:49:03 status unpacked libjavascriptcoregtk-4.1-0:amd64 2.44.0-2
2024-04-24 10:49:03 status half-configured libjavascriptcoregtk-4.1-0:amd64 2.44.0-2
2024-04-24 10:49:03 status installed libjavascriptcoregtk-4.1-0:amd64 2.44.0-2
2024-04-24 10:49:03 configure python3-oauthlib:all 3.2.2-1 <none>
2024-04-24 10:49:03 status unpacked python3-oauthlib:all 3.2.2-1
2024-04-24 10:49:03 status half-configured python3-oauthlib:all 3.2.2-1
2024-04-24 10:49:03 status installed python3-oauthlib:all 3.2.2-1
2024-04-24 10:49:04 configure python3-louis:all 3.29.0-1build1 <none>
2024-04-24 10:49:04 status unpacked python3-louis:all 3.29.0-1build1
2024-04-24 10:49:04 status half-configured python3-louis:all 3.29.0-1build1
2024-04-24 10:49:04 status installed python3-louis:all 3.29.0-1build1
2024-04-24 10:49:04 configure libpwquality1:amd64 1.4.5-3build1 <none>
2024-04-24 10:49:04 status unpacked libpwquality1:amd64 1.4.5-3build1
2024-04-24 10:49:04 status half-configured libpwquality1:amd64 1.4.5-3build1
2024-04-24 10:49:04 status installed libpwquality1:amd64 1.4.5-3build1
2024-04-24 10:49:04 configure gir1.2-secret-1:amd64 0.21.4-1build3 <none>
2024-04-24 10:49:04 status unpacked gir1.2-secret-1:amd64 0.21.4-1build3
2024-04-24 10:49:04 status half-configured gir1.2-secret-1:amd64 0.21.4-1build3
2024-04-24 10:49:04 status installed gir1.2-secret-1:amd64 0.21.4-1build3
2024-04-24 10:49:04 configure appstream:amd64 1.0.2-1build6 <none>
2024-04-24 10:49:04 status unpacked appstream:amd64 1.0.2-1build6
2024-04-24 10:49:04 status half-configured appstream:amd64 1.0.2-1build6
2024-04-24 10:49:04 status installed appstream:amd64 1.0.2-1build6
2024-04-24 10:49:04 configure libfreetype6:amd64 2.13.2+dfsg-1build3 <none>
2024-04-24 10:49:04 status unpacked libfreetype6:amd64 2.13.2+dfsg-1build3
2024-04-24 10:49:04 status half-configured libfreetype6:amd64 2.13.2+dfsg-1build3
2024-04-24 10:49:04 status installed libfreetype6:amd64 2.13.2+dfsg-1build3
2024-04-24 10:49:04 configure libdata-dump-perl:all 1.25-1 <none>
2024-04-24 10:49:04 status unpacked libdata-dump-perl:all 1.25-1
2024-04-24 10:49:04 status half-configured libdata-dump-perl:all 1.25-1
2024-04-24 10:49:04 status installed libdata-dump-perl:all 1.25-1
2024-04-24 10:49:04 configure mtr-tiny:amd64 0.95-1.1build2 <none>
2024-04-24 10:49:04 status unpacked mtr-tiny:amd64 0.95-1.1build2
2024-04-24 10:49:04 status half-configured mtr-tiny:amd64 0.95-1.1build2
2024-04-24 10:49:04 status installed mtr-tiny:amd64 0.95-1.1build2
2024-04-24 10:49:04 configure gir1.2-gcr-4:amd64 4.2.0-5 <none>
2024-04-24 10:49:04 status unpacked gir1.2-gcr-4:amd64 4.2.0-5
2024-04-24 10:49:04 status half-configured gir1.2-gcr-4:amd64 4.2.0-5
2024-04-24 10:49:04 status installed gir1.2-gcr-4:amd64 4.2.0-5
2024-04-24 10:49:04 configure libxkbregistry0:amd64 1.6.0-1build1 <none>
2024-04-24 10:49:04 status unpacked libxkbregistry0:amd64 1.6.0-1build1
2024-04-24 10:49:04 status half-configured libxkbregistry0:amd64 1.6.0-1build1
2024-04-24 10:49:04 status installed libxkbregistry0:amd64 1.6.0-1build1
2024-04-24 10:49:04 configure python3-jsonschema:all 4.10.3-2ubuntu1 <none>
2024-04-24 10:49:04 status unpacked python3-jsonschema:all 4.10.3-2ubuntu1
2024-04-24 10:49:04 status half-configured python3-jsonschema:all 4.10.3-2ubuntu1
2024-04-24 10:49:04 status installed python3-jsonschema:all 4.10.3-2ubuntu1
2024-04-24 10:49:04 configure libxfixes3:amd64 1:6.0.0-2build1 <none>
2024-04-24 10:49:04 status unpacked libxfixes3:amd64 1:6.0.0-2build1
2024-04-24 10:49:04 status half-configured libxfixes3:amd64 1:6.0.0-2build1
2024-04-24 10:49:04 status installed libxfixes3:amd64 1:6.0.0-2build1
2024-04-24 10:49:04 configure libjavascriptcoregtk-6.0-1:amd64 2.44.0-2 <none>
2024-04-24 10:49:04 status unpacked libjavascriptcoregtk-6.0-1:amd64 2.44.0-2
2024-04-24 10:49:04 status half-configured libjavascriptcoregtk-6.0-1:amd64 2.44.0-2
2024-04-24 10:49:04 status installed libjavascriptcoregtk-6.0-1:amd64 2.44.0-2
2024-04-24 10:49:04 configure command-not-found:all 23.04.0 <none>
2024-04-24 10:49:04 status unpacked command-not-found:all 23.04.0
2024-04-24 10:49:04 status half-configured command-not-found:all 23.04.0
2024-04-24 10:49:04 status installed command-not-found:all 23.04.0
2024-04-24 10:49:04 configure libipc-system-simple-perl:all 1.30-2 <none>
2024-04-24 10:49:04 status unpacked libipc-system-simple-perl:all 1.30-2
2024-04-24 10:49:04 status half-configured libipc-system-simple-perl:all 1.30-2
2024-04-24 10:49:04 status installed libipc-system-simple-perl:all 1.30-2
2024-04-24 10:49:04 configure libxml-xpathengine-perl:all 0.14-2 <none>
2024-04-24 10:49:04 status unpacked libxml-xpathengine-perl:all 0.14-2
2024-04-24 10:49:04 status half-configured libxml-xpathengine-perl:all 0.14-2
2024-04-24 10:49:04 status installed libxml-xpathengine-perl:all 0.14-2
2024-04-24 10:49:04 configure python3-pexpect:all 4.9-2 <none>
2024-04-24 10:49:04 status unpacked python3-pexpect:all 4.9-2
2024-04-24 10:49:04 status half-configured python3-pexpect:all 4.9-2
2024-04-24 10:49:04 status installed python3-pexpect:all 4.9-2
2024-04-24 10:49:04 configure libtotem-plparser18:amd64 3.26.6-1build5 <none>
2024-04-24 10:49:04 status unpacked libtotem-plparser18:amd64 3.26.6-1build5
2024-04-24 10:49:04 status half-configured libtotem-plparser18:amd64 3.26.6-1build5
2024-04-24 10:49:04 status installed libtotem-plparser18:amd64 3.26.6-1build5
2024-04-24 10:49:04 configure python3-debian:all 0.1.49ubuntu2 <none>
2024-04-24 10:49:04 status unpacked python3-debian:all 0.1.49ubuntu2
2024-04-24 10:49:04 status half-configured python3-debian:all 0.1.49ubuntu2
2024-04-24 10:49:04 status installed python3-debian:all 0.1.49ubuntu2
2024-04-24 10:49:04 configure python3-requests:all 2.31.0+dfsg-1ubuntu1 <none>
2024-04-24 10:49:04 status unpacked python3-requests:all 2.31.0+dfsg-1ubuntu1
2024-04-24 10:49:04 status half-configured python3-requests:all 2.31.0+dfsg-1ubuntu1
2024-04-24 10:49:04 status installed python3-requests:all 2.31.0+dfsg-1ubuntu1
2024-04-24 10:49:04 configure libxinerama1:amd64 2:1.1.4-3build1 <none>
2024-04-24 10:49:04 status unpacked libxinerama1:amd64 2:1.1.4-3build1
2024-04-24 10:49:04 status half-configured libxinerama1:amd64 2:1.1.4-3build1
2024-04-24 10:49:04 status installed libxinerama1:amd64 2:1.1.4-3build1
2024-04-24 10:49:04 configure libxkbcommon-x11-0:amd64 1.6.0-1build1 <none>
2024-04-24 10:49:04 status unpacked libxkbcommon-x11-0:amd64 1.6.0-1build1
2024-04-24 10:49:04 status half-configured libxkbcommon-x11-0:amd64 1.6.0-1build1
2024-04-24 10:49:04 status installed libxkbcommon-x11-0:amd64 1.6.0-1build1
2024-04-24 10:49:04 configure libxv1:amd64 2:1.0.11-1.1build1 <none>
2024-04-24 10:49:04 status unpacked libxv1:amd64 2:1.0.11-1.1build1
2024-04-24 10:49:04 status half-configured libxv1:amd64 2:1.0.11-1.1build1
2024-04-24 10:49:04 status installed libxv1:amd64 2:1.0.11-1.1build1
2024-04-24 10:49:04 configure python3-brlapi:amd64 6.6-4ubuntu5 <none>
2024-04-24 10:49:04 status unpacked python3-brlapi:amd64 6.6-4ubuntu5
2024-04-24 10:49:04 status half-configured python3-brlapi:amd64 6.6-4ubuntu5
2024-04-24 10:49:04 status installed python3-brlapi:amd64 6.6-4ubuntu5
2024-04-24 10:49:04 configure libio-html-perl:all 1.004-3 <none>
2024-04-24 10:49:04 status unpacked libio-html-perl:all 1.004-3
2024-04-24 10:49:04 status half-configured libio-html-perl:all 1.004-3
2024-04-24 10:49:04 status installed libio-html-perl:all 1.004-3
2024-04-24 10:49:04 configure libxrandr2:amd64 2:1.5.2-2build1 <none>
2024-04-24 10:49:04 status unpacked libxrandr2:amd64 2:1.5.2-2build1
2024-04-24 10:49:04 status half-configured libxrandr2:amd64 2:1.5.2-2build1
2024-04-24 10:49:04 status installed libxrandr2:amd64 2:1.5.2-2build1
2024-04-24 10:49:04 configure gstreamer1.0-tools:amd64 1.24.2-1 <none>
2024-04-24 10:49:04 status unpacked gstreamer1.0-tools:amd64 1.24.2-1
2024-04-24 10:49:04 status half-configured gstreamer1.0-tools:amd64 1.24.2-1
2024-04-24 10:49:04 status installed gstreamer1.0-tools:amd64 1.24.2-1
2024-04-24 10:49:04 configure libtss2-esys-3.0.2-0t64:amd64 4.0.1-7.1ubuntu5 <none>
2024-04-24 10:49:04 status unpacked libtss2-esys-3.0.2-0t64:amd64 4.0.1-7.1ubuntu5
2024-04-24 10:49:04 status half-configured libtss2-esys-3.0.2-0t64:amd64 4.0.1-7.1ubuntu5
2024-04-24 10:49:04 status installed libtss2-esys-3.0.2-0t64:amd64 4.0.1-7.1ubuntu5
2024-04-24 10:49:04 configure ftp:all 20230507-2build3 <none>
2024-04-24 10:49:04 status unpacked ftp:all 20230507-2build3
2024-04-24 10:49:04 status half-configured ftp:all 20230507-2build3
2024-04-24 10:49:04 status installed ftp:all 20230507-2build3
2024-04-24 10:49:04 configure keyboxd:amd64 2.4.4-2ubuntu17 <none>
2024-04-24 10:49:04 status unpacked keyboxd:amd64 2.4.4-2ubuntu17
2024-04-24 10:49:04 status half-configured keyboxd:amd64 2.4.4-2ubuntu17
2024-04-24 10:49:05 status installed keyboxd:amd64 2.4.4-2ubuntu17
2024-04-24 10:49:05 configure aspell:amd64 0.60.8.1-1build1 <none>
2024-04-24 10:49:05 status unpacked aspell:amd64 0.60.8.1-1build1
2024-04-24 10:49:05 status half-configured aspell:amd64 0.60.8.1-1build1
2024-04-24 10:49:05 status installed aspell:amd64 0.60.8.1-1build1
2024-04-24 10:49:05 configure usbmuxd:amd64 1.1.1-5~exp3ubuntu2 <none>
2024-04-24 10:49:05 status unpacked usbmuxd:amd64 1.1.1-5~exp3ubuntu2
2024-04-24 10:49:05 status half-configured usbmuxd:amd64 1.1.1-5~exp3ubuntu2
2024-04-24 10:49:05 status installed usbmuxd:amd64 1.1.1-5~exp3ubuntu2
2024-04-24 10:49:05 configure kerneloops:amd64 0.12+git20140509-6ubuntu8 <none>
2024-04-24 10:49:05 status unpacked kerneloops:amd64 0.12+git20140509-6ubuntu8
2024-04-24 10:49:05 status half-configured kerneloops:amd64 0.12+git20140509-6ubuntu8
2024-04-24 10:49:05 status installed kerneloops:amd64 0.12+git20140509-6ubuntu8
2024-04-24 10:49:05 configure pciutils:amd64 1:3.10.0-2build1 <none>
2024-04-24 10:49:05 status unpacked pciutils:amd64 1:3.10.0-2build1
2024-04-24 10:49:05 status half-configured pciutils:amd64 1:3.10.0-2build1
2024-04-24 10:49:05 status installed pciutils:amd64 1:3.10.0-2build1
2024-04-24 10:49:05 configure libtimedate-perl:all 2.3300-2 <none>
2024-04-24 10:49:05 status unpacked libtimedate-perl:all 2.3300-2
2024-04-24 10:49:05 status half-configured libtimedate-perl:all 2.3300-2
2024-04-24 10:49:05 status installed libtimedate-perl:all 2.3300-2
2024-04-24 10:49:05 configure libv4l-0t64:amd64 1.26.1-4build3 <none>
2024-04-24 10:49:05 status unpacked libv4l-0t64:amd64 1.26.1-4build3
2024-04-24 10:49:05 status half-configured libv4l-0t64:amd64 1.26.1-4build3
2024-04-24 10:49:05 status installed libv4l-0t64:amd64 1.26.1-4build3
2024-04-24 10:49:05 configure gir1.2-gnomeautoar-0.1:amd64 0.4.4-2build4 <none>
2024-04-24 10:49:05 status unpacked gir1.2-gnomeautoar-0.1:amd64 0.4.4-2build4
2024-04-24 10:49:05 status half-configured gir1.2-gnomeautoar-0.1:amd64 0.4.4-2build4
2024-04-24 10:49:05 status installed gir1.2-gnomeautoar-0.1:amd64 0.4.4-2build4
2024-04-24 10:49:05 configure libtracefs1:amd64 1.8.0-1ubuntu1 <none>
2024-04-24 10:49:05 status unpacked libtracefs1:amd64 1.8.0-1ubuntu1
2024-04-24 10:49:05 status half-configured libtracefs1:amd64 1.8.0-1ubuntu1
2024-04-24 10:49:05 status installed libtracefs1:amd64 1.8.0-1ubuntu1
2024-04-24 10:49:05 configure libdrm2:amd64 2.4.120-2build1 <none>
2024-04-24 10:49:05 status unpacked libdrm2:amd64 2.4.120-2build1
2024-04-24 10:49:05 status half-configured libdrm2:amd64 2.4.120-2build1
2024-04-24 10:49:05 status installed libdrm2:amd64 2.4.120-2build1
2024-04-24 10:49:05 configure libtraceevent1-plugin:amd64 1:1.8.2-1ubuntu2 <none>
2024-04-24 10:49:05 status unpacked libtraceevent1-plugin:amd64 1:1.8.2-1ubuntu2
2024-04-24 10:49:05 status half-configured libtraceevent1-plugin:amd64 1:1.8.2-1ubuntu2
2024-04-24 10:49:05 status installed libtraceevent1-plugin:amd64 1:1.8.2-1ubuntu2
2024-04-24 10:49:05 configure liblouisutdml9t64:amd64 2.12.0-3.1build1 <none>
2024-04-24 10:49:05 status unpacked liblouisutdml9t64:amd64 2.12.0-3.1build1
2024-04-24 10:49:05 status half-configured liblouisutdml9t64:amd64 2.12.0-3.1build1
2024-04-24 10:49:05 status installed liblouisutdml9t64:amd64 2.12.0-3.1build1
2024-04-24 10:49:05 configure xauth:amd64 1:1.1.2-1build1 <none>
2024-04-24 10:49:05 status unpacked xauth:amd64 1:1.1.2-1build1
2024-04-24 10:49:05 status half-configured xauth:amd64 1:1.1.2-1build1
2024-04-24 10:49:05 status installed xauth:amd64 1:1.1.2-1build1
2024-04-24 10:49:05 configure libnetfilter-conntrack3:amd64 1.0.9-6build1 <none>
2024-04-24 10:49:05 status unpacked libnetfilter-conntrack3:amd64 1.0.9-6build1
2024-04-24 10:49:05 status half-configured libnetfilter-conntrack3:amd64 1.0.9-6build1
2024-04-24 10:49:05 status installed libnetfilter-conntrack3:amd64 1.0.9-6build1
2024-04-24 10:49:05 configure groff-base:amd64 1.23.0-3build2 <none>
2024-04-24 10:49:05 status unpacked groff-base:amd64 1.23.0-3build2
2024-04-24 10:49:05 status half-configured groff-base:amd64 1.23.0-3build2
2024-04-24 10:49:05 status installed groff-base:amd64 1.23.0-3build2
2024-04-24 10:49:05 configure libmtp9t64:amd64 1.1.21-3.1build1 <none>
2024-04-24 10:49:05 status unpacked libmtp9t64:amd64 1.1.21-3.1build1
2024-04-24 10:49:05 status half-configured libmtp9t64:amd64 1.1.21-3.1build1
2024-04-24 10:49:05 status installed libmtp9t64:amd64 1.1.21-3.1build1
2024-04-24 10:49:05 configure libtiff6:amd64 4.5.1+git230720-4ubuntu2 <none>
2024-04-24 10:49:05 status unpacked libtiff6:amd64 4.5.1+git230720-4ubuntu2
2024-04-24 10:49:05 status half-configured libtiff6:amd64 4.5.1+git230720-4ubuntu2
2024-04-24 10:49:05 status installed libtiff6:amd64 4.5.1+git230720-4ubuntu2
2024-04-24 10:49:05 configure libwayland-cursor0:amd64 1.22.0-2.1build1 <none>
2024-04-24 10:49:05 status unpacked libwayland-cursor0:amd64 1.22.0-2.1build1
2024-04-24 10:49:05 status half-configured libwayland-cursor0:amd64 1.22.0-2.1build1
2024-04-24 10:49:05 status installed libwayland-cursor0:amd64 1.22.0-2.1build1
2024-04-24 10:49:05 configure libplymouth5:amd64 24.004.60-1ubuntu7 <none>
2024-04-24 10:49:05 status unpacked libplymouth5:amd64 24.004.60-1ubuntu7
2024-04-24 10:49:05 status half-configured libplymouth5:amd64 24.004.60-1ubuntu7
2024-04-24 10:49:05 status installed libplymouth5:amd64 24.004.60-1ubuntu7
2024-04-24 10:49:05 configure xml-core:all 0.19 <none>
2024-04-24 10:49:05 status triggers-pending sgml-base:all 1.31
2024-04-24 10:49:05 status unpacked xml-core:all 0.19
2024-04-24 10:49:05 status half-configured xml-core:all 0.19
2024-04-24 10:49:05 status triggers-awaited xml-core:all 0.19
2024-04-24 10:49:05 configure jq:amd64 1.7.1-3build1 <none>
2024-04-24 10:49:05 status unpacked jq:amd64 1.7.1-3build1
2024-04-24 10:49:05 status half-configured jq:amd64 1.7.1-3build1
2024-04-24 10:49:05 status installed jq:amd64 1.7.1-3build1
2024-04-24 10:49:05 configure tcl:amd64 8.6.14build1 <none>
2024-04-24 10:49:05 status unpacked tcl:amd64 8.6.14build1
2024-04-24 10:49:05 status half-configured tcl:amd64 8.6.14build1
2024-04-24 10:49:05 status installed tcl:amd64 8.6.14build1
2024-04-24 10:49:05 configure libnl-genl-3-200:amd64 3.7.0-0.3build1 <none>
2024-04-24 10:49:05 status unpacked libnl-genl-3-200:amd64 3.7.0-0.3build1
2024-04-24 10:49:05 status half-configured libnl-genl-3-200:amd64 3.7.0-0.3build1
2024-04-24 10:49:05 status installed libnl-genl-3-200:amd64 3.7.0-0.3build1
2024-04-24 10:49:05 configure libspa-0.2-bluetooth:amd64 1.0.5-1 <none>
2024-04-24 10:49:05 status unpacked libspa-0.2-bluetooth:amd64 1.0.5-1
2024-04-24 10:49:05 status half-configured libspa-0.2-bluetooth:amd64 1.0.5-1
2024-04-24 10:49:05 status installed libspa-0.2-bluetooth:amd64 1.0.5-1
2024-04-24 10:49:05 configure switcheroo-control:amd64 2.6-2build2 <none>
2024-04-24 10:49:05 status unpacked switcheroo-control:amd64 2.6-2build2
2024-04-24 10:49:05 status half-configured switcheroo-control:amd64 2.6-2build2
2024-04-24 10:49:05 status installed switcheroo-control:amd64 2.6-2build2
2024-04-24 10:49:05 configure gnupg:all 2.4.4-2ubuntu17 <none>
2024-04-24 10:49:05 status unpacked gnupg:all 2.4.4-2ubuntu17
2024-04-24 10:49:05 status half-configured gnupg:all 2.4.4-2ubuntu17
2024-04-24 10:49:05 status installed gnupg:all 2.4.4-2ubuntu17
2024-04-24 10:49:05 configure gir1.2-upowerglib-1.0:amd64 1.90.3-1 <none>
2024-04-24 10:49:05 status unpacked gir1.2-upowerglib-1.0:amd64 1.90.3-1
2024-04-24 10:49:05 status half-configured gir1.2-upowerglib-1.0:amd64 1.90.3-1
2024-04-24 10:49:05 status installed gir1.2-upowerglib-1.0:amd64 1.90.3-1
2024-04-24 10:49:05 configure hunspell-en-us:all 1:2020.12.07-2 <none>
2024-04-24 10:49:05 status unpacked hunspell-en-us:all 1:2020.12.07-2
2024-04-24 10:49:05 status half-configured hunspell-en-us:all 1:2020.12.07-2
2024-04-24 10:49:05 status installed hunspell-en-us:all 1:2020.12.07-2
2024-04-24 10:49:05 configure libdecor-0-0:amd64 0.2.2-1build2 <none>
2024-04-24 10:49:05 status unpacked libdecor-0-0:amd64 0.2.2-1build2
2024-04-24 10:49:05 status half-configured libdecor-0-0:amd64 0.2.2-1build2
2024-04-24 10:49:05 status installed libdecor-0-0:amd64 0.2.2-1build2
2024-04-24 10:49:05 configure libpolkit-agent-1-0:amd64 124-2ubuntu1 <none>
2024-04-24 10:49:05 status unpacked libpolkit-agent-1-0:amd64 124-2ubuntu1
2024-04-24 10:49:05 status half-configured libpolkit-agent-1-0:amd64 124-2ubuntu1
2024-04-24 10:49:05 status installed libpolkit-agent-1-0:amd64 124-2ubuntu1
2024-04-24 10:49:05 configure libharfbuzz0b:amd64 8.3.0-2build2 <none>
2024-04-24 10:49:05 status unpacked libharfbuzz0b:amd64 8.3.0-2build2
2024-04-24 10:49:05 status half-configured libharfbuzz0b:amd64 8.3.0-2build2
2024-04-24 10:49:05 status installed libharfbuzz0b:amd64 8.3.0-2build2
2024-04-24 10:49:05 configure libgdk-pixbuf-2.0-0:amd64 2.42.10+dfsg-3ubuntu3 <none>
2024-04-24 10:49:05 status unpacked libgdk-pixbuf-2.0-0:amd64 2.42.10+dfsg-3ubuntu3
2024-04-24 10:49:05 status half-configured libgdk-pixbuf-2.0-0:amd64 2.42.10+dfsg-3ubuntu3
2024-04-24 10:49:05 status installed libgdk-pixbuf-2.0-0:amd64 2.42.10+dfsg-3ubuntu3
2024-04-24 10:49:05 configure libavahi-glib1:amd64 0.8-13ubuntu6 <none>
2024-04-24 10:49:05 status unpacked libavahi-glib1:amd64 0.8-13ubuntu6
2024-04-24 10:49:05 status half-configured libavahi-glib1:amd64 0.8-13ubuntu6
2024-04-24 10:49:05 status installed libavahi-glib1:amd64 0.8-13ubuntu6
2024-04-24 10:49:05 configure libgphoto2-port12t64:amd64 2.5.31-2.1build2 <none>
2024-04-24 10:49:05 status unpacked libgphoto2-port12t64:amd64 2.5.31-2.1build2
2024-04-24 10:49:05 status half-configured libgphoto2-port12t64:amd64 2.5.31-2.1build2
2024-04-24 10:49:05 status installed libgphoto2-port12t64:amd64 2.5.31-2.1build2
2024-04-24 10:49:05 configure gir1.2-gnomebluetooth-3.0:amd64 46.0-1build1 <none>
2024-04-24 10:49:05 status unpacked gir1.2-gnomebluetooth-3.0:amd64 46.0-1build1
2024-04-24 10:49:05 status half-configured gir1.2-gnomebluetooth-3.0:amd64 46.0-1build1
2024-04-24 10:49:05 status installed gir1.2-gnomebluetooth-3.0:amd64 46.0-1build1
2024-04-24 10:49:05 configure libgpgme11t64:amd64 1.18.0-4.1ubuntu4 <none>
2024-04-24 10:49:05 status unpacked libgpgme11t64:amd64 1.18.0-4.1ubuntu4
2024-04-24 10:49:05 status half-configured libgpgme11t64:amd64 1.18.0-4.1ubuntu4
2024-04-24 10:49:05 status installed libgpgme11t64:amd64 1.18.0-4.1ubuntu4
2024-04-24 10:49:05 configure usb-modeswitch:amd64 2.6.1-3ubuntu3 <none>
2024-04-24 10:49:05 status unpacked usb-modeswitch:amd64 2.6.1-3ubuntu3
2024-04-24 10:49:05 status half-configured usb-modeswitch:amd64 2.6.1-3ubuntu3
2024-04-24 10:49:05 status installed usb-modeswitch:amd64 2.6.1-3ubuntu3
2024-04-24 10:49:05 configure libvolume-key1:amd64 0.3.12-7build2 <none>
2024-04-24 10:49:05 status unpacked libvolume-key1:amd64 0.3.12-7build2
2024-04-24 10:49:05 status half-configured libvolume-key1:amd64 0.3.12-7build2
2024-04-24 10:49:05 status installed libvolume-key1:amd64 0.3.12-7build2
2024-04-24 10:49:05 configure libxss1:amd64 1:1.2.3-1build3 <none>
2024-04-24 10:49:05 status unpacked libxss1:amd64 1:1.2.3-1build3
2024-04-24 10:49:05 status half-configured libxss1:amd64 1:1.2.3-1build3
2024-04-24 10:49:05 status installed libxss1:amd64 1:1.2.3-1build3
2024-04-24 10:49:05 configure libfontconfig1:amd64 2.15.0-1.1ubuntu2 <none>
2024-04-24 10:49:05 status unpacked libfontconfig1:amd64 2.15.0-1.1ubuntu2
2024-04-24 10:49:05 status half-configured libfontconfig1:amd64 2.15.0-1.1ubuntu2
2024-04-24 10:49:05 status installed libfontconfig1:amd64 2.15.0-1.1ubuntu2
2024-04-24 10:49:05 configure libsndfile1:amd64 1.2.2-1ubuntu5 <none>
2024-04-24 10:49:05 status unpacked libsndfile1:amd64 1.2.2-1ubuntu5
2024-04-24 10:49:05 status half-configured libsndfile1:amd64 1.2.2-1ubuntu5
2024-04-24 10:49:05 status installed libsndfile1:amd64 1.2.2-1ubuntu5
2024-04-24 10:49:05 configure liblcms2-utils:amd64 2.14-2build1 <none>
2024-04-24 10:49:05 status unpacked liblcms2-utils:amd64 2.14-2build1
2024-04-24 10:49:05 status half-configured liblcms2-utils:amd64 2.14-2build1
2024-04-24 10:49:05 status installed liblcms2-utils:amd64 2.14-2build1
2024-04-24 10:49:05 configure libmbim-utils:amd64 1.31.2-0ubuntu3 <none>
2024-04-24 10:49:05 status unpacked libmbim-utils:amd64 1.31.2-0ubuntu3
2024-04-24 10:49:05 status half-configured libmbim-utils:amd64 1.31.2-0ubuntu3
2024-04-24 10:49:05 status installed libmbim-utils:amd64 1.31.2-0ubuntu3
2024-04-24 10:49:05 configure initramfs-tools-core:all 0.142ubuntu25 <none>
2024-04-24 10:49:05 status unpacked initramfs-tools-core:all 0.142ubuntu25
2024-04-24 10:49:05 status half-configured initramfs-tools-core:all 0.142ubuntu25
2024-04-24 10:49:05 status installed initramfs-tools-core:all 0.142ubuntu25
2024-04-24 10:49:05 configure python3-ibus-1.0:all 1.5.29-2 <none>
2024-04-24 10:49:05 status unpacked python3-ibus-1.0:all 1.5.29-2
2024-04-24 10:49:05 status half-configured python3-ibus-1.0:all 1.5.29-2
2024-04-24 10:49:05 status installed python3-ibus-1.0:all 1.5.29-2
2024-04-24 10:49:05 configure libmtp-runtime:amd64 1.1.21-3.1build1 <none>
2024-04-24 10:49:05 status unpacked libmtp-runtime:amd64 1.1.21-3.1build1
2024-04-24 10:49:05 status half-configured libmtp-runtime:amd64 1.1.21-3.1build1
2024-04-24 10:49:05 status installed libmtp-runtime:amd64 1.1.21-3.1build1
2024-04-24 10:49:05 configure python3-lazr.restfulclient:all 0.14.6-1 <none>
2024-04-24 10:49:05 status unpacked python3-lazr.restfulclient:all 0.14.6-1
2024-04-24 10:49:05 status half-configured python3-lazr.restfulclient:all 0.14.6-1
2024-04-24 10:49:06 status installed python3-lazr.restfulclient:all 0.14.6-1
2024-04-24 10:49:06 configure libavahi-core7:amd64 0.8-13ubuntu6 <none>
2024-04-24 10:49:06 status unpacked libavahi-core7:amd64 0.8-13ubuntu6
2024-04-24 10:49:06 status half-configured libavahi-core7:amd64 0.8-13ubuntu6
2024-04-24 10:49:06 status installed libavahi-core7:amd64 0.8-13ubuntu6
2024-04-24 10:49:06 configure libldb2:amd64 2:2.8.0+samba4.19.5+dfsg-4ubuntu9 <none>
2024-04-24 10:49:06 status unpacked libldb2:amd64 2:2.8.0+samba4.19.5+dfsg-4ubuntu9
2024-04-24 10:49:06 status half-configured libldb2:amd64 2:2.8.0+samba4.19.5+dfsg-4ubuntu9
2024-04-24 10:49:06 status installed libldb2:amd64 2:2.8.0+samba4.19.5+dfsg-4ubuntu9
2024-04-24 10:49:06 configure bind9-host:amd64 1:9.18.24-0ubuntu5 <none>
2024-04-24 10:49:06 status unpacked bind9-host:amd64 1:9.18.24-0ubuntu5
2024-04-24 10:49:06 status half-configured bind9-host:amd64 1:9.18.24-0ubuntu5
2024-04-24 10:49:06 status installed bind9-host:amd64 1:9.18.24-0ubuntu5
2024-04-24 10:49:06 configure ubuntu-advantage-desktop-daemon:amd64 1.11 <none>
2024-04-24 10:49:06 status unpacked ubuntu-advantage-desktop-daemon:amd64 1.11
2024-04-24 10:49:06 status half-configured ubuntu-advantage-desktop-daemon:amd64 1.11
2024-04-24 10:49:06 status installed ubuntu-advantage-desktop-daemon:amd64 1.11
2024-04-24 10:49:06 configure libsm6:amd64 2:1.2.3-1build3 <none>
2024-04-24 10:49:06 status unpacked libsm6:amd64 2:1.2.3-1build3
2024-04-24 10:49:06 status half-configured libsm6:amd64 2:1.2.3-1build3
2024-04-24 10:49:06 status installed libsm6:amd64 2:1.2.3-1build3
2024-04-24 10:49:06 configure libxfont2:amd64 1:2.0.6-1build1 <none>
2024-04-24 10:49:06 status unpacked libxfont2:amd64 1:2.0.6-1build1
2024-04-24 10:49:06 status half-configured libxfont2:amd64 1:2.0.6-1build1
2024-04-24 10:49:06 status installed libxfont2:amd64 1:2.0.6-1build1
2024-04-24 10:49:06 configure libavahi-client3:amd64 0.8-13ubuntu6 <none>
2024-04-24 10:49:06 status unpacked libavahi-client3:amd64 0.8-13ubuntu6
2024-04-24 10:49:06 status half-configured libavahi-client3:amd64 0.8-13ubuntu6
2024-04-24 10:49:06 status installed libavahi-client3:amd64 0.8-13ubuntu6
2024-04-24 10:49:06 configure liburi-perl:all 5.27-1 <none>
2024-04-24 10:49:06 status unpacked liburi-perl:all 5.27-1
2024-04-24 10:49:06 status half-configured liburi-perl:all 5.27-1
2024-04-24 10:49:06 status installed liburi-perl:all 5.27-1
2024-04-24 10:49:06 configure apt-config-icons:all 1.0.2-1build6 <none>
2024-04-24 10:49:06 status unpacked apt-config-icons:all 1.0.2-1build6
2024-04-24 10:49:06 status half-configured apt-config-icons:all 1.0.2-1build6
2024-04-24 10:49:06 status installed apt-config-icons:all 1.0.2-1build6
2024-04-24 10:49:06 configure accountsservice:amd64 23.13.9-2ubuntu6 <none>
2024-04-24 10:49:06 status unpacked accountsservice:amd64 23.13.9-2ubuntu6
2024-04-24 10:49:06 status half-configured accountsservice:amd64 23.13.9-2ubuntu6
2024-04-24 10:49:06 status installed accountsservice:amd64 23.13.9-2ubuntu6
2024-04-24 10:49:06 configure libx11-protocol-perl:all 0.56-9 <none>
2024-04-24 10:49:06 status unpacked libx11-protocol-perl:all 0.56-9
2024-04-24 10:49:06 status half-configured libx11-protocol-perl:all 0.56-9
2024-04-24 10:49:06 status installed libx11-protocol-perl:all 0.56-9
2024-04-24 10:49:06 configure libxres1:amd64 2:1.2.1-1build1 <none>
2024-04-24 10:49:06 status unpacked libxres1:amd64 2:1.2.1-1build1
2024-04-24 10:49:06 status half-configured libxres1:amd64 2:1.2.1-1build1
2024-04-24 10:49:06 status installed libxres1:amd64 2:1.2.1-1build1
2024-04-24 10:49:06 configure libdrm-amdgpu1:amd64 2.4.120-2build1 <none>
2024-04-24 10:49:06 status unpacked libdrm-amdgpu1:amd64 2.4.120-2build1
2024-04-24 10:49:06 status half-configured libdrm-amdgpu1:amd64 2.4.120-2build1
2024-04-24 10:49:06 status installed libdrm-amdgpu1:amd64 2.4.120-2build1
2024-04-24 10:49:06 configure libstartup-notification0:amd64 0.12-6build3 <none>
2024-04-24 10:49:06 status unpacked libstartup-notification0:amd64 0.12-6build3
2024-04-24 10:49:06 status half-configured libstartup-notification0:amd64 0.12-6build3
2024-04-24 10:49:06 status installed libstartup-notification0:amd64 0.12-6build3
2024-04-24 10:49:06 configure libnet-ssleay-perl:amd64 1.94-1build4 <none>
2024-04-24 10:49:06 status unpacked libnet-ssleay-perl:amd64 1.94-1build4
2024-04-24 10:49:06 status half-configured libnet-ssleay-perl:amd64 1.94-1build4
2024-04-24 10:49:06 status installed libnet-ssleay-perl:amd64 1.94-1build4
2024-04-24 10:49:06 configure cpp-x86-64-linux-gnu:amd64 4:13.2.0-7ubuntu1 <none>
2024-04-24 10:49:06 status unpacked cpp-x86-64-linux-gnu:amd64 4:13.2.0-7ubuntu1
2024-04-24 10:49:06 status half-configured cpp-x86-64-linux-gnu:amd64 4:13.2.0-7ubuntu1
2024-04-24 10:49:06 status installed cpp-x86-64-linux-gnu:amd64 4:13.2.0-7ubuntu1
2024-04-24 10:49:06 configure libotf1:amd64 0.9.16-4build2 <none>
2024-04-24 10:49:06 status unpacked libotf1:amd64 0.9.16-4build2
2024-04-24 10:49:06 status half-configured libotf1:amd64 0.9.16-4build2
2024-04-24 10:49:06 status installed libotf1:amd64 0.9.16-4build2
2024-04-24 10:49:06 configure libcamel-1.2-64t64:amd64 3.52.0-1build3 <none>
2024-04-24 10:49:06 status unpacked libcamel-1.2-64t64:amd64 3.52.0-1build3
2024-04-24 10:49:06 status half-configured libcamel-1.2-64t64:amd64 3.52.0-1build3
2024-04-24 10:49:06 status installed libcamel-1.2-64t64:amd64 3.52.0-1build3
2024-04-24 10:49:06 configure libinput10:amd64 1.25.0-1ubuntu2 <none>
2024-04-24 10:49:06 status unpacked libinput10:amd64 1.25.0-1ubuntu2
2024-04-24 10:49:06 status half-configured libinput10:amd64 1.25.0-1ubuntu2
2024-04-24 10:49:06 status installed libinput10:amd64 1.25.0-1ubuntu2
2024-04-24 10:49:06 configure xinit:amd64 1.4.1-0ubuntu5 <none>
2024-04-24 10:49:06 status unpacked xinit:amd64 1.4.1-0ubuntu5
2024-04-24 10:49:06 status half-configured xinit:amd64 1.4.1-0ubuntu5
2024-04-24 10:49:06 status installed xinit:amd64 1.4.1-0ubuntu5
2024-04-24 10:49:06 configure mesa-vulkan-drivers:amd64 24.0.5-1ubuntu1 <none>
2024-04-24 10:49:06 status unpacked mesa-vulkan-drivers:amd64 24.0.5-1ubuntu1
2024-04-24 10:49:06 status half-configured mesa-vulkan-drivers:amd64 24.0.5-1ubuntu1
2024-04-24 10:49:06 status installed mesa-vulkan-drivers:amd64 24.0.5-1ubuntu1
2024-04-24 10:49:06 configure gtk-update-icon-cache:amd64 3.24.41-4ubuntu1 <none>
2024-04-24 10:49:06 status unpacked gtk-update-icon-cache:amd64 3.24.41-4ubuntu1
2024-04-24 10:49:06 status half-configured gtk-update-icon-cache:amd64 3.24.41-4ubuntu1
2024-04-24 10:49:06 status installed gtk-update-icon-cache:amd64 3.24.41-4ubuntu1
2024-04-24 10:49:06 configure libdebuginfod1t64:amd64 0.190-1.1build4 <none>
2024-04-24 10:49:06 status unpacked libdebuginfod1t64:amd64 0.190-1.1build4
2024-04-24 10:49:06 status half-configured libdebuginfod1t64:amd64 0.190-1.1build4
2024-04-24 10:49:06 status installed libdebuginfod1t64:amd64 0.190-1.1build4
2024-04-24 10:49:06 configure libhttp-date-perl:all 6.06-1 <none>
2024-04-24 10:49:06 status unpacked libhttp-date-perl:all 6.06-1
2024-04-24 10:49:06 status half-configured libhttp-date-perl:all 6.06-1
2024-04-24 10:49:06 status installed libhttp-date-perl:all 6.06-1
2024-04-24 10:49:06 configure libibverbs1:amd64 50.0-2build2 <none>
2024-04-24 10:49:06 status unpacked libibverbs1:amd64 50.0-2build2
2024-04-24 10:49:06 status half-configured libibverbs1:amd64 50.0-2build2
2024-04-24 10:49:06 status installed libibverbs1:amd64 50.0-2build2
2024-04-24 10:49:06 configure fontconfig:amd64 2.15.0-1.1ubuntu2 <none>
2024-04-24 10:49:06 status unpacked fontconfig:amd64 2.15.0-1.1ubuntu2
2024-04-24 10:49:06 status half-configured fontconfig:amd64 2.15.0-1.1ubuntu2
2024-04-24 10:49:09 status installed fontconfig:amd64 2.15.0-1.1ubuntu2
2024-04-24 10:49:09 configure libxft2:amd64 2.3.6-1build1 <none>
2024-04-24 10:49:09 status unpacked libxft2:amd64 2.3.6-1build1
2024-04-24 10:49:09 status half-configured libxft2:amd64 2.3.6-1build1
2024-04-24 10:49:09 status installed libxft2:amd64 2.3.6-1build1
2024-04-24 10:49:09 configure libcanberra0t64:amd64 0.30-10ubuntu10 <none>
2024-04-24 10:49:09 status unpacked libcanberra0t64:amd64 0.30-10ubuntu10
2024-04-24 10:49:09 status half-configured libcanberra0t64:amd64 0.30-10ubuntu10
2024-04-24 10:49:09 status installed libcanberra0t64:amd64 0.30-10ubuntu10
2024-04-24 10:49:09 configure libproxy1v5:amd64 0.5.4-4build1 <none>
2024-04-24 10:49:09 status unpacked libproxy1v5:amd64 0.5.4-4build1
2024-04-24 10:49:09 status half-configured libproxy1v5:amd64 0.5.4-4build1
2024-04-24 10:49:09 status installed libproxy1v5:amd64 0.5.4-4build1
2024-04-24 10:49:09 configure libdrm-nouveau2:amd64 2.4.120-2build1 <none>
2024-04-24 10:49:09 status unpacked libdrm-nouveau2:amd64 2.4.120-2build1
2024-04-24 10:49:09 status half-configured libdrm-nouveau2:amd64 2.4.120-2build1
2024-04-24 10:49:09 status installed libdrm-nouveau2:amd64 2.4.120-2build1
2024-04-24 10:49:09 configure libfile-basedir-perl:all 0.09-2 <none>
2024-04-24 10:49:09 status unpacked libfile-basedir-perl:all 0.09-2
2024-04-24 10:49:09 status half-configured libfile-basedir-perl:all 0.09-2
2024-04-24 10:49:09 status installed libfile-basedir-perl:all 0.09-2
2024-04-24 10:49:09 configure libtie-ixhash-perl:all 1.23-4 <none>
2024-04-24 10:49:09 status unpacked libtie-ixhash-perl:all 1.23-4
2024-04-24 10:49:09 status half-configured libtie-ixhash-perl:all 1.23-4
2024-04-24 10:49:09 status installed libtie-ixhash-perl:all 1.23-4
2024-04-24 10:49:09 configure libharfbuzz-icu0:amd64 8.3.0-2build2 <none>
2024-04-24 10:49:09 status unpacked libharfbuzz-icu0:amd64 8.3.0-2build2
2024-04-24 10:49:09 status half-configured libharfbuzz-icu0:amd64 8.3.0-2build2
2024-04-24 10:49:09 status installed libharfbuzz-icu0:amd64 8.3.0-2build2
2024-04-24 10:49:09 configure xdg-desktop-portal:amd64 1.18.3-1ubuntu1 <none>
2024-04-24 10:49:09 status unpacked xdg-desktop-portal:amd64 1.18.3-1ubuntu1
2024-04-24 10:49:09 status half-configured xdg-desktop-portal:amd64 1.18.3-1ubuntu1
2024-04-24 10:49:09 status installed xdg-desktop-portal:amd64 1.18.3-1ubuntu1
2024-04-24 10:49:09 configure cloud-init:all 24.1.3-0ubuntu3 <none>
2024-04-24 10:49:09 status unpacked cloud-init:all 24.1.3-0ubuntu3
2024-04-24 10:49:09 status half-configured cloud-init:all 24.1.3-0ubuntu3
2024-04-24 10:49:10 status installed cloud-init:all 24.1.3-0ubuntu3
2024-04-24 10:49:10 configure libfile-listing-perl:all 6.16-1 <none>
2024-04-24 10:49:10 status unpacked libfile-listing-perl:all 6.16-1
2024-04-24 10:49:10 status half-configured libfile-listing-perl:all 6.16-1
2024-04-24 10:49:10 status installed libfile-listing-perl:all 6.16-1
2024-04-24 10:49:10 configure openvpn:amd64 2.6.9-1ubuntu4 <none>
2024-04-24 10:49:10 status unpacked openvpn:amd64 2.6.9-1ubuntu4
2024-04-24 10:49:10 status half-configured openvpn:amd64 2.6.9-1ubuntu4
2024-04-24 10:49:11 status installed openvpn:amd64 2.6.9-1ubuntu4
2024-04-24 10:49:11 configure initramfs-tools:all 0.142ubuntu25 <none>
2024-04-24 10:49:11 status unpacked initramfs-tools:all 0.142ubuntu25
2024-04-24 10:49:11 status half-configured initramfs-tools:all 0.142ubuntu25
2024-04-24 10:49:11 status installed initramfs-tools:all 0.142ubuntu25
2024-04-24 10:49:11 configure libxi6:amd64 2:1.8.1-1build1 <none>
2024-04-24 10:49:11 status unpacked libxi6:amd64 2:1.8.1-1build1
2024-04-24 10:49:11 status half-configured libxi6:amd64 2:1.8.1-1build1
2024-04-24 10:49:11 status installed libxi6:amd64 2:1.8.1-1build1
2024-04-24 10:49:11 configure ubuntu-drivers-common:amd64 1:0.9.7.6ubuntu3 <none>
2024-04-24 10:49:11 status unpacked ubuntu-drivers-common:amd64 1:0.9.7.6ubuntu3
2024-04-24 10:49:11 status half-configured ubuntu-drivers-common:amd64 1:0.9.7.6ubuntu3
2024-04-24 10:49:11 status installed ubuntu-drivers-common:amd64 1:0.9.7.6ubuntu3
2024-04-24 10:49:11 configure gpg-wks-client:amd64 2.4.4-2ubuntu17 <none>
2024-04-24 10:49:11 status unpacked gpg-wks-client:amd64 2.4.4-2ubuntu17
2024-04-24 10:49:11 status half-configured gpg-wks-client:amd64 2.4.4-2ubuntu17
2024-04-24 10:49:11 status installed gpg-wks-client:amd64 2.4.4-2ubuntu17
2024-04-24 10:49:11 configure cpp-13:amd64 13.2.0-23ubuntu4 <none>
2024-04-24 10:49:11 status unpacked cpp-13:amd64 13.2.0-23ubuntu4
2024-04-24 10:49:11 status half-configured cpp-13:amd64 13.2.0-23ubuntu4
2024-04-24 10:49:11 status installed cpp-13:amd64 13.2.0-23ubuntu4
2024-04-24 10:49:11 configure dconf-gsettings-backend:amd64 0.40.0-4build2 <none>
2024-04-24 10:49:11 status unpacked dconf-gsettings-backend:amd64 0.40.0-4build2
2024-04-24 10:49:11 status half-configured dconf-gsettings-backend:amd64 0.40.0-4build2
2024-04-24 10:49:11 status installed dconf-gsettings-backend:amd64 0.40.0-4build2
2024-04-24 10:49:11 configure libfont-afm-perl:all 1.20-4 <none>
2024-04-24 10:49:11 status unpacked libfont-afm-perl:all 1.20-4
2024-04-24 10:49:11 status half-configured libfont-afm-perl:all 1.20-4
2024-04-24 10:49:11 status installed libfont-afm-perl:all 1.20-4
2024-04-24 10:49:11 configure gir1.2-gdkpixbuf-2.0:amd64 2.42.10+dfsg-3ubuntu3 <none>
2024-04-24 10:49:11 status unpacked gir1.2-gdkpixbuf-2.0:amd64 2.42.10+dfsg-3ubuntu3
2024-04-24 10:49:11 status half-configured gir1.2-gdkpixbuf-2.0:amd64 2.42.10+dfsg-3ubuntu3
2024-04-24 10:49:11 status installed gir1.2-gdkpixbuf-2.0:amd64 2.42.10+dfsg-3ubuntu3
2024-04-24 10:49:11 configure libblockdev-crypto3:amd64 3.1.1-1 <none>
2024-04-24 10:49:11 status unpacked libblockdev-crypto3:amd64 3.1.1-1
2024-04-24 10:49:11 status half-configured libblockdev-crypto3:amd64 3.1.1-1
2024-04-24 10:49:11 status installed libblockdev-crypto3:amd64 3.1.1-1
2024-04-24 10:49:11 configure libgdm1:amd64 46.0-2ubuntu1 <none>
2024-04-24 10:49:11 status unpacked libgdm1:amd64 46.0-2ubuntu1
2024-04-24 10:49:11 status half-configured libgdm1:amd64 46.0-2ubuntu1
2024-04-24 10:49:11 status triggers-awaited libgdm1:amd64 46.0-2ubuntu1
2024-04-24 10:49:11 configure gsettings-ubuntu-schemas:all 0.0.7+21.10.20210712-0ubuntu3 <none>
2024-04-24 10:49:11 status unpacked gsettings-ubuntu-schemas:all 0.0.7+21.10.20210712-0ubuntu3
2024-04-24 10:49:11 status half-configured gsettings-ubuntu-schemas:all 0.0.7+21.10.20210712-0ubuntu3
2024-04-24 10:49:11 status triggers-awaited gsettings-ubuntu-schemas:all 0.0.7+21.10.20210712-0ubuntu3
2024-04-24 10:49:11 configure libgbm1:amd64 24.0.5-1ubuntu1 <none>
2024-04-24 10:49:11 status unpacked libgbm1:amd64 24.0.5-1ubuntu1
2024-04-24 10:49:11 status half-configured libgbm1:amd64 24.0.5-1ubuntu1
2024-04-24 10:49:11 status installed libgbm1:amd64 24.0.5-1ubuntu1
2024-04-24 10:49:11 configure ibverbs-providers:amd64 50.0-2build2 <none>
2024-04-24 10:49:11 status unpacked ibverbs-providers:amd64 50.0-2build2
2024-04-24 10:49:11 status half-configured ibverbs-providers:amd64 50.0-2build2
2024-04-24 10:49:11 status installed ibverbs-providers:amd64 50.0-2build2
2024-04-24 10:49:11 configure libpoppler134:amd64 24.02.0-1ubuntu9 <none>
2024-04-24 10:49:11 status unpacked libpoppler134:amd64 24.02.0-1ubuntu9
2024-04-24 10:49:11 status half-configured libpoppler134:amd64 24.02.0-1ubuntu9
2024-04-24 10:49:11 status installed libpoppler134:amd64 24.02.0-1ubuntu9
2024-04-24 10:49:11 configure libpulse0:amd64 1:16.1+dfsg1-2ubuntu10 <none>
2024-04-24 10:49:11 status unpacked libpulse0:amd64 1:16.1+dfsg1-2ubuntu10
2024-04-24 10:49:11 status half-configured libpulse0:amd64 1:16.1+dfsg1-2ubuntu10
2024-04-24 10:49:11 status installed libpulse0:amd64 1:16.1+dfsg1-2ubuntu10
2024-04-24 10:49:11 configure sane-airscan:amd64 0.99.29-0ubuntu4 <none>
2024-04-24 10:49:11 status unpacked sane-airscan:amd64 0.99.29-0ubuntu4
2024-04-24 10:49:11 status half-configured sane-airscan:amd64 0.99.29-0ubuntu4
2024-04-24 10:49:11 status installed sane-airscan:amd64 0.99.29-0ubuntu4
2024-04-24 10:49:11 configure libenchant-2-2:amd64 2.3.3-2build2 <none>
2024-04-24 10:49:11 status unpacked libenchant-2-2:amd64 2.3.3-2build2
2024-04-24 10:49:11 status half-configured libenchant-2-2:amd64 2.3.3-2build2
2024-04-24 10:49:11 status installed libenchant-2-2:amd64 2.3.3-2build2
2024-04-24 10:49:11 configure whoopsie:amd64 0.2.77build3 <none>
2024-04-24 10:49:11 status unpacked whoopsie:amd64 0.2.77build3
2024-04-24 10:49:11 status half-configured whoopsie:amd64 0.2.77build3
2024-04-24 10:49:11 status installed whoopsie:amd64 0.2.77build3
2024-04-24 10:49:11 configure plymouth:amd64 24.004.60-1ubuntu7 <none>
2024-04-24 10:49:11 status unpacked plymouth:amd64 24.004.60-1ubuntu7
2024-04-24 10:49:11 status half-configured plymouth:amd64 24.004.60-1ubuntu7
2024-04-24 10:49:11 status installed plymouth:amd64 24.004.60-1ubuntu7
2024-04-24 10:49:11 configure libclone-perl:amd64 0.46-1build3 <none>
2024-04-24 10:49:11 status unpacked libclone-perl:amd64 0.46-1build3
2024-04-24 10:49:11 status half-configured libclone-perl:amd64 0.46-1build3
2024-04-24 10:49:11 status installed libclone-perl:amd64 0.46-1build3
2024-04-24 10:49:11 configure iptables:amd64 1.8.10-3ubuntu2 <none>
2024-04-24 10:49:11 status unpacked iptables:amd64 1.8.10-3ubuntu2
2024-04-24 10:49:11 status half-configured iptables:amd64 1.8.10-3ubuntu2
2024-04-24 10:49:11 status installed iptables:amd64 1.8.10-3ubuntu2
2024-04-24 10:49:11 configure libdrm-radeon1:amd64 2.4.120-2build1 <none>
2024-04-24 10:49:11 status unpacked libdrm-radeon1:amd64 2.4.120-2build1
2024-04-24 10:49:11 status half-configured libdrm-radeon1:amd64 2.4.120-2build1
2024-04-24 10:49:11 status installed libdrm-radeon1:amd64 2.4.120-2build1
2024-04-24 10:49:11 configure libio-stringy-perl:all 2.111-3 <none>
2024-04-24 10:49:11 status unpacked libio-stringy-perl:all 2.111-3
2024-04-24 10:49:11 status half-configured libio-stringy-perl:all 2.111-3
2024-04-24 10:49:11 status installed libio-stringy-perl:all 2.111-3
2024-04-24 10:49:11 configure libxtst6:amd64 2:1.2.3-1.1build1 <none>
2024-04-24 10:49:11 status unpacked libxtst6:amd64 2:1.2.3-1.1build1
2024-04-24 10:49:11 status half-configured libxtst6:amd64 2:1.2.3-1.1build1
2024-04-24 10:49:11 status installed libxtst6:amd64 2:1.2.3-1.1build1
2024-04-24 10:49:11 configure libgusb2:amd64 0.4.8-1build2 <none>
2024-04-24 10:49:11 status unpacked libgusb2:amd64 0.4.8-1build2
2024-04-24 10:49:11 status half-configured libgusb2:amd64 0.4.8-1build2
2024-04-24 10:49:11 status installed libgusb2:amd64 0.4.8-1build2
2024-04-24 10:49:11 configure libhtml-tagset-perl:all 3.20-6 <none>
2024-04-24 10:49:11 status unpacked libhtml-tagset-perl:all 3.20-6
2024-04-24 10:49:11 status half-configured libhtml-tagset-perl:all 3.20-6
2024-04-24 10:49:11 status installed libhtml-tagset-perl:all 3.20-6
2024-04-24 10:49:11 configure libfprint-2-tod1:amd64 1:1.94.7+tod1-0ubuntu4 <none>
2024-04-24 10:49:11 status unpacked libfprint-2-tod1:amd64 1:1.94.7+tod1-0ubuntu4
2024-04-24 10:49:11 status half-configured libfprint-2-tod1:amd64 1:1.94.7+tod1-0ubuntu4
2024-04-24 10:49:11 status installed libfprint-2-tod1:amd64 1:1.94.7+tod1-0ubuntu4
2024-04-24 10:49:11 configure libauthen-sasl-perl:all 2.1700-1 <none>
2024-04-24 10:49:11 status unpacked libauthen-sasl-perl:all 2.1700-1
2024-04-24 10:49:11 status half-configured libauthen-sasl-perl:all 2.1700-1
2024-04-24 10:49:11 status installed libauthen-sasl-perl:all 2.1700-1
2024-04-24 10:49:11 configure python3-launchpadlib:all 1.11.0-6 <none>
2024-04-24 10:49:11 status unpacked python3-launchpadlib:all 1.11.0-6
2024-04-24 10:49:11 status half-configured python3-launchpadlib:all 1.11.0-6
2024-04-24 10:49:12 status installed python3-launchpadlib:all 1.11.0-6
2024-04-24 10:49:12 configure libgsound0t64:amd64 1.0.3-3.2build2 <none>
2024-04-24 10:49:12 status unpacked libgsound0t64:amd64 1.0.3-3.2build2
2024-04-24 10:49:12 status half-configured libgsound0t64:amd64 1.0.3-3.2build2
2024-04-24 10:49:12 status installed libgsound0t64:amd64 1.0.3-3.2build2
2024-04-24 10:49:12 configure libxcursor1:amd64 1:1.2.1-1build1 <none>
2024-04-24 10:49:12 status unpacked libxcursor1:amd64 1:1.2.1-1build1
2024-04-24 10:49:12 status half-configured libxcursor1:amd64 1:1.2.1-1build1
2024-04-24 10:49:12 status installed libxcursor1:amd64 1:1.2.1-1build1
2024-04-24 10:49:12 configure trace-cmd:amd64 3.2-1ubuntu2 <none>
2024-04-24 10:49:12 status unpacked trace-cmd:amd64 3.2-1ubuntu2
2024-04-24 10:49:12 status half-configured trace-cmd:amd64 3.2-1ubuntu2
2024-04-24 10:49:12 status installed trace-cmd:amd64 3.2-1ubuntu2
2024-04-24 10:49:12 configure libpango-1.0-0:amd64 1.52.1+ds-1build1 <none>
2024-04-24 10:49:12 status unpacked libpango-1.0-0:amd64 1.52.1+ds-1build1
2024-04-24 10:49:12 status half-configured libpango-1.0-0:amd64 1.52.1+ds-1build1
2024-04-24 10:49:12 status installed libpango-1.0-0:amd64 1.52.1+ds-1build1
2024-04-24 10:49:12 configure libdrm-intel1:amd64 2.4.120-2build1 <none>
2024-04-24 10:49:12 status unpacked libdrm-intel1:amd64 2.4.120-2build1
2024-04-24 10:49:12 status half-configured libdrm-intel1:amd64 2.4.120-2build1
2024-04-24 10:49:12 status installed libdrm-intel1:amd64 2.4.120-2build1
2024-04-24 10:49:12 configure liblwp-mediatypes-perl:all 6.04-2 <none>
2024-04-24 10:49:12 status unpacked liblwp-mediatypes-perl:all 6.04-2
2024-04-24 10:49:12 status half-configured liblwp-mediatypes-perl:all 6.04-2
2024-04-24 10:49:12 status installed liblwp-mediatypes-perl:all 6.04-2
2024-04-24 10:49:12 configure libgl1-mesa-dri:amd64 24.0.5-1ubuntu1 <none>
2024-04-24 10:49:12 status unpacked libgl1-mesa-dri:amd64 24.0.5-1ubuntu1
2024-04-24 10:49:12 status half-configured libgl1-mesa-dri:amd64 24.0.5-1ubuntu1
2024-04-24 10:49:12 status installed libgl1-mesa-dri:amd64 24.0.5-1ubuntu1
2024-04-24 10:49:12 configure libpam-pwquality:amd64 1.4.5-3build1 <none>
2024-04-24 10:49:12 status unpacked libpam-pwquality:amd64 1.4.5-3build1
2024-04-24 10:49:12 status half-configured libpam-pwquality:amd64 1.4.5-3build1
2024-04-24 10:49:12 status installed libpam-pwquality:amd64 1.4.5-3build1
2024-04-24 10:49:12 configure libtry-tiny-perl:all 0.31-2 <none>
2024-04-24 10:49:12 status unpacked libtry-tiny-perl:all 0.31-2
2024-04-24 10:49:12 status half-configured libtry-tiny-perl:all 0.31-2
2024-04-24 10:49:12 status installed libtry-tiny-perl:all 0.31-2
2024-04-24 10:49:12 configure aspell-en:all 2020.12.07-0-1 <none>
2024-04-24 10:49:12 status unpacked aspell-en:all 2020.12.07-0-1
2024-04-24 10:49:12 status half-configured aspell-en:all 2020.12.07-0-1
2024-04-24 10:49:12 status installed aspell-en:all 2020.12.07-0-1
2024-04-24 10:49:12 configure libxxf86dga1:amd64 2:1.1.5-1build1 <none>
2024-04-24 10:49:12 status unpacked libxxf86dga1:amd64 2:1.1.5-1build1
2024-04-24 10:49:12 status half-configured libxxf86dga1:amd64 2:1.1.5-1build1
2024-04-24 10:49:12 status installed libxxf86dga1:amd64 2:1.1.5-1build1
2024-04-24 10:49:12 configure update-inetd:all 4.53 <none>
2024-04-24 10:49:12 status unpacked update-inetd:all 4.53
2024-04-24 10:49:12 status half-configured update-inetd:all 4.53
2024-04-24 10:49:12 status installed update-inetd:all 4.53
2024-04-24 10:49:12 configure libnet-http-perl:all 6.23-1 <none>
2024-04-24 10:49:12 status unpacked libnet-http-perl:all 6.23-1
2024-04-24 10:49:12 status half-configured libnet-http-perl:all 6.23-1
2024-04-24 10:49:12 status installed libnet-http-perl:all 6.23-1
2024-04-24 10:49:12 configure enchant-2:amd64 2.3.3-2build2 <none>
2024-04-24 10:49:12 status unpacked enchant-2:amd64 2.3.3-2build2
2024-04-24 10:49:12 status half-configured enchant-2:amd64 2.3.3-2build2
2024-04-24 10:49:12 status installed enchant-2:amd64 2.3.3-2build2
2024-04-24 10:49:12 configure gir1.2-javascriptcoregtk-6.0:amd64 2.44.0-2 <none>
2024-04-24 10:49:12 status unpacked gir1.2-javascriptcoregtk-6.0:amd64 2.44.0-2
2024-04-24 10:49:12 status half-configured gir1.2-javascriptcoregtk-6.0:amd64 2.44.0-2
2024-04-24 10:49:12 status installed gir1.2-javascriptcoregtk-6.0:amd64 2.44.0-2
2024-04-24 10:49:12 configure gnome-shell-common:all 46.0-0ubuntu5 <none>
2024-04-24 10:49:12 status unpacked gnome-shell-common:all 46.0-0ubuntu5
2024-04-24 10:49:12 status half-configured gnome-shell-common:all 46.0-0ubuntu5
2024-04-24 10:49:12 status triggers-awaited gnome-shell-common:all 46.0-0ubuntu5
2024-04-24 10:49:12 configure parted:amd64 3.6-4build1 <none>
2024-04-24 10:49:12 status unpacked parted:amd64 3.6-4build1
2024-04-24 10:49:12 status half-configured parted:amd64 3.6-4build1
2024-04-24 10:49:12 status installed parted:amd64 3.6-4build1
2024-04-24 10:49:12 configure samba-libs:amd64 2:4.19.5+dfsg-4ubuntu9 <none>
2024-04-24 10:49:12 status unpacked samba-libs:amd64 2:4.19.5+dfsg-4ubuntu9
2024-04-24 10:49:12 status half-configured samba-libs:amd64 2:4.19.5+dfsg-4ubuntu9
2024-04-24 10:49:12 status installed samba-libs:amd64 2:4.19.5+dfsg-4ubuntu9
2024-04-24 10:49:12 configure libcolorhug2:amd64 1.4.7-1build2 <none>
2024-04-24 10:49:12 status unpacked libcolorhug2:amd64 1.4.7-1build2
2024-04-24 10:49:12 status half-configured libcolorhug2:amd64 1.4.7-1build2
2024-04-24 10:49:12 status installed libcolorhug2:amd64 1.4.7-1build2
2024-04-24 10:49:12 configure libgstreamer-plugins-base1.0-0:amd64 1.24.2-1 <none>
2024-04-24 10:49:12 status unpacked libgstreamer-plugins-base1.0-0:amd64 1.24.2-1
2024-04-24 10:49:12 status half-configured libgstreamer-plugins-base1.0-0:amd64 1.24.2-1
2024-04-24 10:49:12 status installed libgstreamer-plugins-base1.0-0:amd64 1.24.2-1
2024-04-24 10:49:12 configure libencode-locale-perl:all 1.05-3 <none>
2024-04-24 10:49:12 status unpacked libencode-locale-perl:all 1.05-3
2024-04-24 10:49:12 status half-configured libencode-locale-perl:all 1.05-3
2024-04-24 10:49:12 status installed libencode-locale-perl:all 1.05-3
2024-04-24 10:49:12 configure libqmi-glib5:amd64 1.35.2-0ubuntu2 <none>
2024-04-24 10:49:12 status unpacked libqmi-glib5:amd64 1.35.2-0ubuntu2
2024-04-24 10:49:12 status half-configured libqmi-glib5:amd64 1.35.2-0ubuntu2
2024-04-24 10:49:12 status installed libqmi-glib5:amd64 1.35.2-0ubuntu2
2024-04-24 10:49:12 configure ufw:all 0.36.2-6 <none>
2024-04-24 10:49:12 status unpacked ufw:all 0.36.2-6
2024-04-24 10:49:12 status half-configured ufw:all 0.36.2-6
2024-04-24 10:49:13 status installed ufw:all 0.36.2-6
2024-04-24 10:49:13 configure xinput:amd64 1.6.4-1build1 <none>
2024-04-24 10:49:13 status unpacked xinput:amd64 1.6.4-1build1
2024-04-24 10:49:13 status half-configured xinput:amd64 1.6.4-1build1
2024-04-24 10:49:13 status installed xinput:amd64 1.6.4-1build1
2024-04-24 10:49:13 configure libharfbuzz-gobject0:amd64 8.3.0-2build2 <none>
2024-04-24 10:49:13 status unpacked libharfbuzz-gobject0:amd64 8.3.0-2build2
2024-04-24 10:49:13 status half-configured libharfbuzz-gobject0:amd64 8.3.0-2build2
2024-04-24 10:49:13 status installed libharfbuzz-gobject0:amd64 8.3.0-2build2
2024-04-24 10:49:13 configure nautilus-data:all 1:46.0-0ubuntu2 <none>
2024-04-24 10:49:13 status unpacked nautilus-data:all 1:46.0-0ubuntu2
2024-04-24 10:49:13 status half-configured nautilus-data:all 1:46.0-0ubuntu2
2024-04-24 10:49:13 status triggers-awaited nautilus-data:all 1:46.0-0ubuntu2
2024-04-24 10:49:13 configure dnsmasq-base:amd64 2.90-2build2 <none>
2024-04-24 10:49:13 status unpacked dnsmasq-base:amd64 2.90-2build2
2024-04-24 10:49:13 status half-configured dnsmasq-base:amd64 2.90-2build2
2024-04-24 10:49:13 status installed dnsmasq-base:amd64 2.90-2build2
2024-04-24 10:49:13 configure xfonts-utils:amd64 1:7.7+6build3 <none>
2024-04-24 10:49:13 status unpacked xfonts-utils:amd64 1:7.7+6build3
2024-04-24 10:49:13 status half-configured xfonts-utils:amd64 1:7.7+6build3
2024-04-24 10:49:13 status installed xfonts-utils:amd64 1:7.7+6build3
2024-04-24 10:49:13 configure libproxy1-plugin-networkmanager:amd64 0.5.4-4build1 <none>
2024-04-24 10:49:13 status unpacked libproxy1-plugin-networkmanager:amd64 0.5.4-4build1
2024-04-24 10:49:13 status half-configured libproxy1-plugin-networkmanager:amd64 0.5.4-4build1
2024-04-24 10:49:13 status installed libproxy1-plugin-networkmanager:amd64 0.5.4-4build1
2024-04-24 10:49:13 configure man-db:amd64 2.12.0-4build2 <none>
2024-04-24 10:49:13 status unpacked man-db:amd64 2.12.0-4build2
2024-04-24 10:49:13 status half-configured man-db:amd64 2.12.0-4build2
2024-04-24 10:49:14 status installed man-db:amd64 2.12.0-4build2
2024-04-24 10:49:14 configure python3-sss:amd64 2.9.4-1.1ubuntu6 <none>
2024-04-24 10:49:14 status unpacked python3-sss:amd64 2.9.4-1.1ubuntu6
2024-04-24 10:49:14 status half-configured python3-sss:amd64 2.9.4-1.1ubuntu6
2024-04-24 10:49:14 status installed python3-sss:amd64 2.9.4-1.1ubuntu6
2024-04-24 10:49:14 configure libcairo2:amd64 1.18.0-3build1 <none>
2024-04-24 10:49:14 status unpacked libcairo2:amd64 1.18.0-3build1
2024-04-24 10:49:14 status half-configured libcairo2:amd64 1.18.0-3build1
2024-04-24 10:49:14 status installed libcairo2:amd64 1.18.0-3build1
2024-04-24 10:49:14 configure libjcat1:amd64 0.2.0-2build3 <none>
2024-04-24 10:49:14 status unpacked libjcat1:amd64 0.2.0-2build3
2024-04-24 10:49:14 status half-configured libjcat1:amd64 0.2.0-2build3
2024-04-24 10:49:14 status installed libjcat1:amd64 0.2.0-2build3
2024-04-24 10:49:14 configure gir1.2-javascriptcoregtk-4.1:amd64 2.44.0-2 <none>
2024-04-24 10:49:14 status unpacked gir1.2-javascriptcoregtk-4.1:amd64 2.44.0-2
2024-04-24 10:49:14 status half-configured gir1.2-javascriptcoregtk-4.1:amd64 2.44.0-2
2024-04-24 10:49:14 status installed gir1.2-javascriptcoregtk-4.1:amd64 2.44.0-2
2024-04-24 10:49:14 configure libextutils-depends-perl:all 0.8001-2 <none>
2024-04-24 10:49:14 status unpacked libextutils-depends-perl:all 0.8001-2
2024-04-24 10:49:14 status half-configured libextutils-depends-perl:all 0.8001-2
2024-04-24 10:49:14 status installed libextutils-depends-perl:all 0.8001-2
2024-04-24 10:49:14 configure libxatracker2:amd64 24.0.5-1ubuntu1 <none>
2024-04-24 10:49:14 status unpacked libxatracker2:amd64 24.0.5-1ubuntu1
2024-04-24 10:49:14 status half-configured libxatracker2:amd64 24.0.5-1ubuntu1
2024-04-24 10:49:14 status installed libxatracker2:amd64 24.0.5-1ubuntu1
2024-04-24 10:49:14 configure python3-apport:all 2.28.1-0ubuntu2 <none>
2024-04-24 10:49:14 status unpacked python3-apport:all 2.28.1-0ubuntu2
2024-04-24 10:49:14 status half-configured python3-apport:all 2.28.1-0ubuntu2
2024-04-24 10:49:14 status installed python3-apport:all 2.28.1-0ubuntu2
2024-04-24 10:49:14 configure libproxy1-plugin-gsettings:amd64 0.5.4-4build1 <none>
2024-04-24 10:49:14 status unpacked libproxy1-plugin-gsettings:amd64 0.5.4-4build1
2024-04-24 10:49:14 status half-configured libproxy1-plugin-gsettings:amd64 0.5.4-4build1
2024-04-24 10:49:14 status installed libproxy1-plugin-gsettings:amd64 0.5.4-4build1
2024-04-24 10:49:14 configure webp-pixbuf-loader:amd64 0.2.4-2build2 <none>
2024-04-24 10:49:14 status unpacked webp-pixbuf-loader:amd64 0.2.4-2build2
2024-04-24 10:49:14 status half-configured webp-pixbuf-loader:amd64 0.2.4-2build2
2024-04-24 10:49:14 status installed webp-pixbuf-loader:amd64 0.2.4-2build2
2024-04-24 10:49:14 configure libpoppler-glib8t64:amd64 24.02.0-1ubuntu9 <none>
2024-04-24 10:49:14 status unpacked libpoppler-glib8t64:amd64 24.02.0-1ubuntu9
2024-04-24 10:49:14 status half-configured libpoppler-glib8t64:amd64 24.02.0-1ubuntu9
2024-04-24 10:49:14 status installed libpoppler-glib8t64:amd64 24.02.0-1ubuntu9
2024-04-24 10:49:14 configure libcairomm-1.16-1:amd64 1.18.0-1build1 <none>
2024-04-24 10:49:14 status unpacked libcairomm-1.16-1:amd64 1.18.0-1build1
2024-04-24 10:49:14 status half-configured libcairomm-1.16-1:amd64 1.18.0-1build1
2024-04-24 10:49:14 status installed libcairomm-1.16-1:amd64 1.18.0-1build1
2024-04-24 10:49:14 configure grub-common:amd64 2.12-1ubuntu7 <none>
2024-04-24 10:49:14 status unpacked grub-common:amd64 2.12-1ubuntu7
2024-04-24 10:49:14 status half-configured grub-common:amd64 2.12-1ubuntu7
2024-04-24 10:49:15 status installed grub-common:amd64 2.12-1ubuntu7
2024-04-24 10:49:15 configure wpasupplicant:amd64 2:2.10-21build4 <none>
2024-04-24 10:49:15 status unpacked wpasupplicant:amd64 2:2.10-21build4
2024-04-24 10:49:15 status half-configured wpasupplicant:amd64 2:2.10-21build4
2024-04-24 10:49:15 status installed wpasupplicant:amd64 2:2.10-21build4
2024-04-24 10:49:15 configure libgupnp-dlna-2.0-4:amd64 0.12.0-4build2 <none>
2024-04-24 10:49:15 status unpacked libgupnp-dlna-2.0-4:amd64 0.12.0-4build2
2024-04-24 10:49:15 status half-configured libgupnp-dlna-2.0-4:amd64 0.12.0-4build2
2024-04-24 10:49:15 status installed libgupnp-dlna-2.0-4:amd64 0.12.0-4build2
2024-04-24 10:49:15 configure mutter-common:all 46.0-1ubuntu9 <none>
2024-04-24 10:49:15 status unpacked mutter-common:all 46.0-1ubuntu9
2024-04-24 10:49:15 status half-configured mutter-common:all 46.0-1ubuntu9
2024-04-24 10:49:15 status triggers-awaited mutter-common:all 46.0-1ubuntu9
2024-04-24 10:49:15 configure xfonts-base:all 1:1.0.5+nmu1 <none>
2024-04-24 10:49:15 status unpacked xfonts-base:all 1:1.0.5+nmu1
2024-04-24 10:49:15 status half-configured xfonts-base:all 1:1.0.5+nmu1
2024-04-24 10:49:15 status installed xfonts-base:all 1:1.0.5+nmu1
2024-04-24 10:49:15 configure libgstreamer-plugins-good1.0-0:amd64 1.24.2-1ubuntu1 <none>
2024-04-24 10:49:15 status unpacked libgstreamer-plugins-good1.0-0:amd64 1.24.2-1ubuntu1
2024-04-24 10:49:15 status half-configured libgstreamer-plugins-good1.0-0:amd64 1.24.2-1ubuntu1
2024-04-24 10:49:15 status installed libgstreamer-plugins-good1.0-0:amd64 1.24.2-1ubuntu1
2024-04-24 10:49:15 configure libegl-mesa0:amd64 24.0.5-1ubuntu1 <none>
2024-04-24 10:49:15 status unpacked libegl-mesa0:amd64 24.0.5-1ubuntu1
2024-04-24 10:49:15 status half-configured libegl-mesa0:amd64 24.0.5-1ubuntu1
2024-04-24 10:49:15 status installed libegl-mesa0:amd64 24.0.5-1ubuntu1
2024-04-24 10:49:15 configure libmediaart-2.0-0:amd64 1.9.6-1build2 <none>
2024-04-24 10:49:15 status unpacked libmediaart-2.0-0:amd64 1.9.6-1build2
2024-04-24 10:49:15 status half-configured libmediaart-2.0-0:amd64 1.9.6-1build2
2024-04-24 10:49:15 status installed libmediaart-2.0-0:amd64 1.9.6-1build2
2024-04-24 10:49:15 configure plymouth-theme-ubuntu-text:amd64 24.004.60-1ubuntu7 <none>
2024-04-24 10:49:15 status unpacked plymouth-theme-ubuntu-text:amd64 24.004.60-1ubuntu7
2024-04-24 10:49:15 status half-configured plymouth-theme-ubuntu-text:amd64 24.004.60-1ubuntu7
2024-04-24 10:49:15 status installed plymouth-theme-ubuntu-text:amd64 24.004.60-1ubuntu7
2024-04-24 10:49:15 configure gdb:amd64 15.0.50.20240403-0ubuntu1 <none>
2024-04-24 10:49:15 status unpacked gdb:amd64 15.0.50.20240403-0ubuntu1
2024-04-24 10:49:15 status half-configured gdb:amd64 15.0.50.20240403-0ubuntu1
2024-04-24 10:49:15 status installed gdb:amd64 15.0.50.20240403-0ubuntu1
2024-04-24 10:49:15 configure libgxps2t64:amd64 0.3.2-4build3 <none>
2024-04-24 10:49:15 status unpacked libgxps2t64:amd64 0.3.2-4build3
2024-04-24 10:49:15 status half-configured libgxps2t64:amd64 0.3.2-4build3
2024-04-24 10:49:15 status installed libgxps2t64:amd64 0.3.2-4build3
2024-04-24 10:49:15 configure libgnomekbd-common:all 3.28.1-1build3 <none>
2024-04-24 10:49:15 status unpacked libgnomekbd-common:all 3.28.1-1build3
2024-04-24 10:49:15 status half-configured libgnomekbd-common:all 3.28.1-1build3
2024-04-24 10:49:15 status triggers-awaited libgnomekbd-common:all 3.28.1-1build3
2024-04-24 10:49:15 configure os-prober:amd64 1.81ubuntu4 <none>
2024-04-24 10:49:15 status unpacked os-prober:amd64 1.81ubuntu4
2024-04-24 10:49:15 status half-configured os-prober:amd64 1.81ubuntu4
2024-04-24 10:49:15 status installed os-prober:amd64 1.81ubuntu4
2024-04-24 10:49:15 configure apt-config-icons-hidpi:all 1.0.2-1build6 <none>
2024-04-24 10:49:15 status unpacked apt-config-icons-hidpi:all 1.0.2-1build6
2024-04-24 10:49:15 status half-configured apt-config-icons-hidpi:all 1.0.2-1build6
2024-04-24 10:49:15 status installed apt-config-icons-hidpi:all 1.0.2-1build6
2024-04-24 10:49:15 configure libwmf-0.2-7:amd64 0.2.13-1.1build3 <none>
2024-04-24 10:49:15 status unpacked libwmf-0.2-7:amd64 0.2.13-1.1build3
2024-04-24 10:49:15 status half-configured libwmf-0.2-7:amd64 0.2.13-1.1build3
2024-04-24 10:49:15 status installed libwmf-0.2-7:amd64 0.2.13-1.1build3
2024-04-24 10:49:15 configure python3-software-properties:all 0.99.48 <none>
2024-04-24 10:49:15 status unpacked python3-software-properties:all 0.99.48
2024-04-24 10:49:15 status half-configured python3-software-properties:all 0.99.48
2024-04-24 10:49:15 status installed python3-software-properties:all 0.99.48
2024-04-24 10:49:15 configure liblouisutdml-bin:amd64 2.12.0-3.1build1 <none>
2024-04-24 10:49:15 status unpacked liblouisutdml-bin:amd64 2.12.0-3.1build1
2024-04-24 10:49:15 status half-configured liblouisutdml-bin:amd64 2.12.0-3.1build1
2024-04-24 10:49:15 status installed liblouisutdml-bin:amd64 2.12.0-3.1build1
2024-04-24 10:49:15 configure gnome-control-center-data:all 1:46.0.1-1ubuntu7 <none>
2024-04-24 10:49:15 status unpacked gnome-control-center-data:all 1:46.0.1-1ubuntu7
2024-04-24 10:49:15 status half-configured gnome-control-center-data:all 1:46.0.1-1ubuntu7
2024-04-24 10:49:15 status triggers-awaited gnome-control-center-data:all 1:46.0.1-1ubuntu7
2024-04-24 10:49:15 configure libnotify4:amd64 0.8.3-1build2 <none>
2024-04-24 10:49:15 status unpacked libnotify4:amd64 0.8.3-1build2
2024-04-24 10:49:15 status half-configured libnotify4:amd64 0.8.3-1build2
2024-04-24 10:49:15 status installed libnotify4:amd64 0.8.3-1build2
2024-04-24 10:49:15 configure libpulse-mainloop-glib0:amd64 1:16.1+dfsg1-2ubuntu10 <none>
2024-04-24 10:49:15 status unpacked libpulse-mainloop-glib0:amd64 1:16.1+dfsg1-2ubuntu10
2024-04-24 10:49:15 status half-configured libpulse-mainloop-glib0:amd64 1:16.1+dfsg1-2ubuntu10
2024-04-24 10:49:15 status installed libpulse-mainloop-glib0:amd64 1:16.1+dfsg1-2ubuntu10
2024-04-24 10:49:15 configure libatspi2.0-0t64:amd64 2.52.0-1build1 <none>
2024-04-24 10:49:15 status unpacked libatspi2.0-0t64:amd64 2.52.0-1build1
2024-04-24 10:49:15 status half-configured libatspi2.0-0t64:amd64 2.52.0-1build1
2024-04-24 10:49:15 status installed libatspi2.0-0t64:amd64 2.52.0-1build1
2024-04-24 10:49:15 configure libraqm0:amd64 0.10.1-1build1 <none>
2024-04-24 10:49:15 status unpacked libraqm0:amd64 0.10.1-1build1
2024-04-24 10:49:15 status half-configured libraqm0:amd64 0.10.1-1build1
2024-04-24 10:49:15 status installed libraqm0:amd64 0.10.1-1build1
2024-04-24 10:49:15 configure libpcaudio0:amd64 1.2-2build3 <none>
2024-04-24 10:49:15 status unpacked libpcaudio0:amd64 1.2-2build3
2024-04-24 10:49:15 status half-configured libpcaudio0:amd64 1.2-2build3
2024-04-24 10:49:15 status installed libpcaudio0:amd64 1.2-2build3
2024-04-24 10:49:15 configure libunity9:amd64 7.1.4+19.04.20190319-6build4 <none>
2024-04-24 10:49:15 status unpacked libunity9:amd64 7.1.4+19.04.20190319-6build4
2024-04-24 10:49:15 status half-configured libunity9:amd64 7.1.4+19.04.20190319-6build4
2024-04-24 10:49:15 status triggers-awaited libunity9:amd64 7.1.4+19.04.20190319-6build4
2024-04-24 10:49:15 configure libxt6t64:amd64 1:1.2.1-1.2build1 <none>
2024-04-24 10:49:15 status unpacked libxt6t64:amd64 1:1.2.1-1.2build1
2024-04-24 10:49:15 status half-configured libxt6t64:amd64 1:1.2.1-1.2build1
2024-04-24 10:49:15 status installed libxt6t64:amd64 1:1.2.1-1.2build1
2024-04-24 10:49:15 configure libpoppler-cpp0t64:amd64 24.02.0-1ubuntu9 <none>
2024-04-24 10:49:15 status unpacked libpoppler-cpp0t64:amd64 24.02.0-1ubuntu9
2024-04-24 10:49:15 status half-configured libpoppler-cpp0t64:amd64 24.02.0-1ubuntu9
2024-04-24 10:49:15 status installed libpoppler-cpp0t64:amd64 24.02.0-1ubuntu9
2024-04-24 10:49:15 configure libnma-common:all 1.10.6-3build2 <none>
2024-04-24 10:49:15 status unpacked libnma-common:all 1.10.6-3build2
2024-04-24 10:49:15 status half-configured libnma-common:all 1.10.6-3build2
2024-04-24 10:49:15 status triggers-awaited libnma-common:all 1.10.6-3build2
2024-04-24 10:49:15 configure libfile-desktopentry-perl:all 0.22-3 <none>
2024-04-24 10:49:15 status unpacked libfile-desktopentry-perl:all 0.22-3
2024-04-24 10:49:15 status half-configured libfile-desktopentry-perl:all 0.22-3
2024-04-24 10:49:15 status installed libfile-desktopentry-perl:all 0.22-3
2024-04-24 10:49:15 configure libnotify-bin:amd64 0.8.3-1build2 <none>
2024-04-24 10:49:15 status unpacked libnotify-bin:amd64 0.8.3-1build2
2024-04-24 10:49:15 status half-configured libnotify-bin:amd64 0.8.3-1build2
2024-04-24 10:49:15 status installed libnotify-bin:amd64 0.8.3-1build2
2024-04-24 10:49:15 configure libfreerdp3-3:amd64 3.5.0+dfsg1-0ubuntu1 <none>
2024-04-24 10:49:15 status unpacked libfreerdp3-3:amd64 3.5.0+dfsg1-0ubuntu1
2024-04-24 10:49:15 status half-configured libfreerdp3-3:amd64 3.5.0+dfsg1-0ubuntu1
2024-04-24 10:49:15 status installed libfreerdp3-3:amd64 3.5.0+dfsg1-0ubuntu1
2024-04-24 10:49:15 configure libgweather-4-common:all 4.4.2-1build1 <none>
2024-04-24 10:49:15 status unpacked libgweather-4-common:all 4.4.2-1build1
2024-04-24 10:49:15 status half-configured libgweather-4-common:all 4.4.2-1build1
2024-04-24 10:49:15 status triggers-awaited libgweather-4-common:all 4.4.2-1build1
2024-04-24 10:49:15 configure libwww-robotrules-perl:all 6.02-1 <none>
2024-04-24 10:49:15 status unpacked libwww-robotrules-perl:all 6.02-1
2024-04-24 10:49:15 status half-configured libwww-robotrules-perl:all 6.02-1
2024-04-24 10:49:15 status installed libwww-robotrules-perl:all 6.02-1
2024-04-24 10:49:15 configure libwmf-0.2-7-gtk:amd64 0.2.13-1.1build3 <none>
2024-04-24 10:49:15 status unpacked libwmf-0.2-7-gtk:amd64 0.2.13-1.1build3
2024-04-24 10:49:15 status half-configured libwmf-0.2-7-gtk:amd64 0.2.13-1.1build3
2024-04-24 10:49:15 status installed libwmf-0.2-7-gtk:amd64 0.2.13-1.1build3
2024-04-24 10:49:15 configure gir1.2-notify-0.7:amd64 0.8.3-1build2 <none>
2024-04-24 10:49:15 status unpacked gir1.2-notify-0.7:amd64 0.8.3-1build2
2024-04-24 10:49:15 status half-configured gir1.2-notify-0.7:amd64 0.8.3-1build2
2024-04-24 10:49:15 status installed gir1.2-notify-0.7:amd64 0.8.3-1build2
2024-04-24 10:49:15 configure avahi-daemon:amd64 0.8-13ubuntu6 <none>
2024-04-24 10:49:15 status unpacked avahi-daemon:amd64 0.8-13ubuntu6
2024-04-24 10:49:15 status half-configured avahi-daemon:amd64 0.8-13ubuntu6
2024-04-24 10:49:16 status installed avahi-daemon:amd64 0.8-13ubuntu6
2024-04-24 10:49:16 configure libgdk-pixbuf2.0-bin:amd64 2.42.10+dfsg-3ubuntu3 <none>
2024-04-24 10:49:16 status unpacked libgdk-pixbuf2.0-bin:amd64 2.42.10+dfsg-3ubuntu3
2024-04-24 10:49:16 status half-configured libgdk-pixbuf2.0-bin:amd64 2.42.10+dfsg-3ubuntu3
2024-04-24 10:49:16 status installed libgdk-pixbuf2.0-bin:amd64 2.42.10+dfsg-3ubuntu3
2024-04-24 10:49:16 configure gir1.2-polkit-1.0:amd64 124-2ubuntu1 <none>
2024-04-24 10:49:16 status unpacked gir1.2-polkit-1.0:amd64 124-2ubuntu1
2024-04-24 10:49:16 status half-configured gir1.2-polkit-1.0:amd64 124-2ubuntu1
2024-04-24 10:49:16 status installed gir1.2-polkit-1.0:amd64 124-2ubuntu1
2024-04-24 10:49:16 configure cpp:amd64 4:13.2.0-7ubuntu1 <none>
2024-04-24 10:49:16 status unpacked cpp:amd64 4:13.2.0-7ubuntu1
2024-04-24 10:49:16 status half-configured cpp:amd64 4:13.2.0-7ubuntu1
2024-04-24 10:49:16 status installed cpp:amd64 4:13.2.0-7ubuntu1
2024-04-24 10:49:16 configure libhtml-parser-perl:amd64 3.81-1build3 <none>
2024-04-24 10:49:16 status unpacked libhtml-parser-perl:amd64 3.81-1build3
2024-04-24 10:49:16 status half-configured libhtml-parser-perl:amd64 3.81-1build3
2024-04-24 10:49:16 status installed libhtml-parser-perl:amd64 3.81-1build3
2024-04-24 10:49:16 configure libtheora0:amd64 1.1.1+dfsg.1-16.1build3 <none>
2024-04-24 10:49:16 status unpacked libtheora0:amd64 1.1.1+dfsg.1-16.1build3
2024-04-24 10:49:16 status half-configured libtheora0:amd64 1.1.1+dfsg.1-16.1build3
2024-04-24 10:49:16 status installed libtheora0:amd64 1.1.1+dfsg.1-16.1build3
2024-04-24 10:49:16 configure libegl1:amd64 1.7.0-1build1 <none>
2024-04-24 10:49:16 status unpacked libegl1:amd64 1.7.0-1build1
2024-04-24 10:49:16 status half-configured libegl1:amd64 1.7.0-1build1
2024-04-24 10:49:16 status installed libegl1:amd64 1.7.0-1build1
2024-04-24 10:49:16 configure language-selector-common:all 0.225 <none>
2024-04-24 10:49:16 status unpacked language-selector-common:all 0.225
2024-04-24 10:49:16 status half-configured language-selector-common:all 0.225
2024-04-24 10:49:16 status installed language-selector-common:all 0.225
2024-04-24 10:49:16 configure libpcap0.8t64:amd64 1.10.4-4.1ubuntu3 <none>
2024-04-24 10:49:16 status unpacked libpcap0.8t64:amd64 1.10.4-4.1ubuntu3
2024-04-24 10:49:16 status half-configured libpcap0.8t64:amd64 1.10.4-4.1ubuntu3
2024-04-24 10:49:16 status installed libpcap0.8t64:amd64 1.10.4-4.1ubuntu3
2024-04-24 10:49:16 configure libcairo-perl:amd64 1.109-4build1 <none>
2024-04-24 10:49:16 status unpacked libcairo-perl:amd64 1.109-4build1
2024-04-24 10:49:16 status half-configured libcairo-perl:amd64 1.109-4build1
2024-04-24 10:49:16 status installed libcairo-perl:amd64 1.109-4build1
2024-04-24 10:49:16 configure libcairo-gobject2:amd64 1.18.0-3build1 <none>
2024-04-24 10:49:16 status unpacked libcairo-gobject2:amd64 1.18.0-3build1
2024-04-24 10:49:16 status half-configured libcairo-gobject2:amd64 1.18.0-3build1
2024-04-24 10:49:16 status installed libcairo-gobject2:amd64 1.18.0-3build1
2024-04-24 10:49:16 configure poppler-utils:amd64 24.02.0-1ubuntu9 <none>
2024-04-24 10:49:16 status unpacked poppler-utils:amd64 24.02.0-1ubuntu9
2024-04-24 10:49:16 status half-configured poppler-utils:amd64 24.02.0-1ubuntu9
2024-04-24 10:49:16 status installed poppler-utils:amd64 24.02.0-1ubuntu9
2024-04-24 10:49:16 configure bind9-dnsutils:amd64 1:9.18.24-0ubuntu5 <none>
2024-04-24 10:49:16 status unpacked bind9-dnsutils:amd64 1:9.18.24-0ubuntu5
2024-04-24 10:49:16 status half-configured bind9-dnsutils:amd64 1:9.18.24-0ubuntu5
2024-04-24 10:49:16 status installed bind9-dnsutils:amd64 1:9.18.24-0ubuntu5
2024-04-24 10:49:16 configure libgtk-4-common:all 4.14.2+ds-1ubuntu1 <none>
2024-04-24 10:49:16 status unpacked libgtk-4-common:all 4.14.2+ds-1ubuntu1
2024-04-24 10:49:16 status half-configured libgtk-4-common:all 4.14.2+ds-1ubuntu1
2024-04-24 10:49:16 status triggers-awaited libgtk-4-common:all 4.14.2+ds-1ubuntu1
2024-04-24 10:49:16 configure gstreamer1.0-plugins-base-apps:amd64 1.24.2-1 <none>
2024-04-24 10:49:16 status unpacked gstreamer1.0-plugins-base-apps:amd64 1.24.2-1
2024-04-24 10:49:16 status half-configured gstreamer1.0-plugins-base-apps:amd64 1.24.2-1
2024-04-24 10:49:16 status installed gstreamer1.0-plugins-base-apps:amd64 1.24.2-1
2024-04-24 10:49:16 configure libpangoft2-1.0-0:amd64 1.52.1+ds-1build1 <none>
2024-04-24 10:49:16 status unpacked libpangoft2-1.0-0:amd64 1.52.1+ds-1build1
2024-04-24 10:49:16 status half-configured libpangoft2-1.0-0:amd64 1.52.1+ds-1build1
2024-04-24 10:49:16 status installed libpangoft2-1.0-0:amd64 1.52.1+ds-1build1
2024-04-24 10:49:16 configure libsmbclient0:amd64 2:4.19.5+dfsg-4ubuntu9 <none>
2024-04-24 10:49:16 status unpacked libsmbclient0:amd64 2:4.19.5+dfsg-4ubuntu9
2024-04-24 10:49:16 status half-configured libsmbclient0:amd64 2:4.19.5+dfsg-4ubuntu9
2024-04-24 10:49:16 status installed libsmbclient0:amd64 2:4.19.5+dfsg-4ubuntu9
2024-04-24 10:49:16 configure evolution-data-server-common:all 3.52.0-1build3 <none>
2024-04-24 10:49:16 status unpacked evolution-data-server-common:all 3.52.0-1build3
2024-04-24 10:49:16 status half-configured evolution-data-server-common:all 3.52.0-1build3
2024-04-24 10:49:16 status triggers-awaited evolution-data-server-common:all 3.52.0-1build3
2024-04-24 10:49:16 configure libpam-sss:amd64 2.9.4-1.1ubuntu6 <none>
2024-04-24 10:49:16 status unpacked libpam-sss:amd64 2.9.4-1.1ubuntu6
2024-04-24 10:49:16 status half-configured libpam-sss:amd64 2.9.4-1.1ubuntu6
2024-04-24 10:49:16 status installed libpam-sss:amd64 2.9.4-1.1ubuntu6
2024-04-24 10:49:16 configure libcups2t64:amd64 2.4.7-1.2ubuntu7 <none>
2024-04-24 10:49:16 status unpacked libcups2t64:amd64 2.4.7-1.2ubuntu7
2024-04-24 10:49:16 status half-configured libcups2t64:amd64 2.4.7-1.2ubuntu7
2024-04-24 10:49:16 status installed libcups2t64:amd64 2.4.7-1.2ubuntu7
2024-04-24 10:49:16 configure libio-socket-ssl-perl:all 2.085-1 <none>
2024-04-24 10:49:16 status unpacked libio-socket-ssl-perl:all 2.085-1
2024-04-24 10:49:16 status half-configured libio-socket-ssl-perl:all 2.085-1
2024-04-24 10:49:16 status installed libio-socket-ssl-perl:all 2.085-1
2024-04-24 10:49:16 configure xfonts-scalable:all 1:1.0.3-1.3 <none>
2024-04-24 10:49:16 status unpacked xfonts-scalable:all 1:1.0.3-1.3
2024-04-24 10:49:16 status half-configured xfonts-scalable:all 1:1.0.3-1.3
2024-04-24 10:49:16 status installed xfonts-scalable:all 1:1.0.3-1.3
2024-04-24 10:49:16 configure libgtk-3-common:all 3.24.41-4ubuntu1 <none>
2024-04-24 10:49:16 status unpacked libgtk-3-common:all 3.24.41-4ubuntu1
2024-04-24 10:49:16 status half-configured libgtk-3-common:all 3.24.41-4ubuntu1
2024-04-24 10:49:16 status triggers-awaited libgtk-3-common:all 3.24.41-4ubuntu1
2024-04-24 10:49:16 configure libpangocairo-1.0-0:amd64 1.52.1+ds-1build1 <none>
2024-04-24 10:49:16 status unpacked libpangocairo-1.0-0:amd64 1.52.1+ds-1build1
2024-04-24 10:49:16 status half-configured libpangocairo-1.0-0:amd64 1.52.1+ds-1build1
2024-04-24 10:49:16 status installed libpangocairo-1.0-0:amd64 1.52.1+ds-1build1
2024-04-24 10:49:16 configure plymouth-label:amd64 24.004.60-1ubuntu7 <none>
2024-04-24 10:49:16 status unpacked plymouth-label:amd64 24.004.60-1ubuntu7
2024-04-24 10:49:16 status half-configured plymouth-label:amd64 24.004.60-1ubuntu7
2024-04-24 10:49:16 status installed plymouth-label:amd64 24.004.60-1ubuntu7
2024-04-24 10:49:16 configure libhttp-message-perl:all 6.45-1ubuntu1 <none>
2024-04-24 10:49:16 status unpacked libhttp-message-perl:all 6.45-1ubuntu1
2024-04-24 10:49:16 status half-configured libhttp-message-perl:all 6.45-1ubuntu1
2024-04-24 10:49:16 status installed libhttp-message-perl:all 6.45-1ubuntu1
2024-04-24 10:49:16 configure libhtml-form-perl:all 6.11-1 <none>
2024-04-24 10:49:16 status unpacked libhtml-form-perl:all 6.11-1
2024-04-24 10:49:16 status half-configured libhtml-form-perl:all 6.11-1
2024-04-24 10:49:16 status installed libhtml-form-perl:all 6.11-1
2024-04-24 10:49:16 configure libfprint-2-2:amd64 1:1.94.7+tod1-0ubuntu4 <none>
2024-04-24 10:49:16 status unpacked libfprint-2-2:amd64 1:1.94.7+tod1-0ubuntu4
2024-04-24 10:49:16 status half-configured libfprint-2-2:amd64 1:1.94.7+tod1-0ubuntu4
2024-04-24 10:49:17 status installed libfprint-2-2:amd64 1:1.94.7+tod1-0ubuntu4
2024-04-24 10:49:17 configure cups-ipp-utils:amd64 2.4.7-1.2ubuntu7 <none>
2024-04-24 10:49:17 status unpacked cups-ipp-utils:amd64 2.4.7-1.2ubuntu7
2024-04-24 10:49:17 status half-configured cups-ipp-utils:amd64 2.4.7-1.2ubuntu7
2024-04-24 10:49:17 status installed cups-ipp-utils:amd64 2.4.7-1.2ubuntu7
2024-04-24 10:49:17 configure memtest86+:amd64 7.00-1build1 <none>
2024-04-24 10:49:17 status unpacked memtest86+:amd64 7.00-1build1
2024-04-24 10:49:17 status half-configured memtest86+:amd64 7.00-1build1
2024-04-24 10:49:17 status installed memtest86+:amd64 7.00-1build1
2024-04-24 10:49:17 configure libgoa-1.0-common:all 3.50.0-4ubuntu2 <none>
2024-04-24 10:49:17 status unpacked libgoa-1.0-common:all 3.50.0-4ubuntu2
2024-04-24 10:49:17 status half-configured libgoa-1.0-common:all 3.50.0-4ubuntu2
2024-04-24 10:49:17 status triggers-awaited libgoa-1.0-common:all 3.50.0-4ubuntu2
2024-04-24 10:49:17 configure libcairo-script-interpreter2:amd64 1.18.0-3build1 <none>
2024-04-24 10:49:17 status unpacked libcairo-script-interpreter2:amd64 1.18.0-3build1
2024-04-24 10:49:17 status half-configured libcairo-script-interpreter2:amd64 1.18.0-3build1
2024-04-24 10:49:17 status installed libcairo-script-interpreter2:amd64 1.18.0-3build1
2024-04-24 10:49:17 configure gsettings-desktop-schemas:all 46.0-1ubuntu2 <none>
2024-04-24 10:49:17 status unpacked gsettings-desktop-schemas:all 46.0-1ubuntu2
2024-04-24 10:49:17 status half-configured gsettings-desktop-schemas:all 46.0-1ubuntu2
2024-04-24 10:49:17 status triggers-awaited gsettings-desktop-schemas:all 46.0-1ubuntu2
2024-04-24 10:49:17 configure libatk-bridge2.0-0t64:amd64 2.52.0-1build1 <none>
2024-04-24 10:49:17 status unpacked libatk-bridge2.0-0t64:amd64 2.52.0-1build1
2024-04-24 10:49:17 status half-configured libatk-bridge2.0-0t64:amd64 2.52.0-1build1
2024-04-24 10:49:17 status installed libatk-bridge2.0-0t64:amd64 2.52.0-1build1
2024-04-24 10:49:17 configure speech-dispatcher-audio-plugins:amd64 0.12.0~rc2-2build3 <none>
2024-04-24 10:49:17 status unpacked speech-dispatcher-audio-plugins:amd64 0.12.0~rc2-2build3
2024-04-24 10:49:17 status half-configured speech-dispatcher-audio-plugins:amd64 0.12.0~rc2-2build3
2024-04-24 10:49:17 status installed speech-dispatcher-audio-plugins:amd64 0.12.0~rc2-2build3
2024-04-24 10:49:17 configure libgl1-amber-dri:amd64 21.3.9-0ubuntu2 <none>
2024-04-24 10:49:17 status unpacked libgl1-amber-dri:amd64 21.3.9-0ubuntu2
2024-04-24 10:49:17 status half-configured libgl1-amber-dri:amd64 21.3.9-0ubuntu2
2024-04-24 10:49:17 status installed libgl1-amber-dri:amd64 21.3.9-0ubuntu2
2024-04-24 10:49:17 configure glib-networking-services:amd64 2.80.0-1build1 <none>
2024-04-24 10:49:17 status unpacked glib-networking-services:amd64 2.80.0-1build1
2024-04-24 10:49:17 status half-configured glib-networking-services:amd64 2.80.0-1build1
2024-04-24 10:49:17 status installed glib-networking-services:amd64 2.80.0-1build1
2024-04-24 10:49:17 configure libfile-mimeinfo-perl:all 0.34-1 <none>
2024-04-24 10:49:17 status unpacked libfile-mimeinfo-perl:all 0.34-1
2024-04-24 10:49:17 status half-configured libfile-mimeinfo-perl:all 0.34-1
2024-04-24 10:49:17 status installed libfile-mimeinfo-perl:all 0.34-1
2024-04-24 10:49:17 configure ipp-usb:amd64 0.9.24-0ubuntu3 <none>
2024-04-24 10:49:17 status unpacked ipp-usb:amd64 0.9.24-0ubuntu3
2024-04-24 10:49:17 status half-configured ipp-usb:amd64 0.9.24-0ubuntu3
2024-04-24 10:49:17 status installed ipp-usb:amd64 0.9.24-0ubuntu3
2024-04-24 10:49:17 configure udisks2:amd64 2.10.1-6build1 <none>
2024-04-24 10:49:17 status unpacked udisks2:amd64 2.10.1-6build1
2024-04-24 10:49:17 status half-configured udisks2:amd64 2.10.1-6build1
2024-04-24 10:49:17 status installed udisks2:amd64 2.10.1-6build1
2024-04-24 10:49:17 configure tcpdump:amd64 4.99.4-3ubuntu4 <none>
2024-04-24 10:49:17 status unpacked tcpdump:amd64 4.99.4-3ubuntu4
2024-04-24 10:49:17 status half-configured tcpdump:amd64 4.99.4-3ubuntu4
2024-04-24 10:49:17 status installed tcpdump:amd64 4.99.4-3ubuntu4
2024-04-24 10:49:17 configure libhttp-negotiate-perl:all 6.01-2 <none>
2024-04-24 10:49:17 status unpacked libhttp-negotiate-perl:all 6.01-2
2024-04-24 10:49:17 status half-configured libhttp-negotiate-perl:all 6.01-2
2024-04-24 10:49:17 status installed libhttp-negotiate-perl:all 6.01-2
2024-04-24 10:49:17 configure cups-ppdc:amd64 2.4.7-1.2ubuntu7 <none>
2024-04-24 10:49:17 status unpacked cups-ppdc:amd64 2.4.7-1.2ubuntu7
2024-04-24 10:49:17 status half-configured cups-ppdc:amd64 2.4.7-1.2ubuntu7
2024-04-24 10:49:17 status installed cups-ppdc:amd64 2.4.7-1.2ubuntu7
2024-04-24 10:49:17 configure libxmu6:amd64 2:1.1.3-3build2 <none>
2024-04-24 10:49:17 status unpacked libxmu6:amd64 2:1.1.3-3build2
2024-04-24 10:49:17 status half-configured libxmu6:amd64 2:1.1.3-3build2
2024-04-24 10:49:17 status installed libxmu6:amd64 2:1.1.3-3build2
2024-04-24 10:49:17 configure libglib-perl:amd64 3:1.329.3-3build3 <none>
2024-04-24 10:49:17 status unpacked libglib-perl:amd64 3:1.329.3-3build3
2024-04-24 10:49:17 status half-configured libglib-perl:amd64 3:1.329.3-3build3
2024-04-24 10:49:17 status installed libglib-perl:amd64 3:1.329.3-3build3
2024-04-24 10:49:17 configure gir1.2-freedesktop:amd64 1.80.1-1 <none>
2024-04-24 10:49:17 status unpacked gir1.2-freedesktop:amd64 1.80.1-1
2024-04-24 10:49:17 status half-configured gir1.2-freedesktop:amd64 1.80.1-1
2024-04-24 10:49:17 status installed gir1.2-freedesktop:amd64 1.80.1-1
2024-04-24 10:49:17 configure libglx-mesa0:amd64 24.0.5-1ubuntu1 <none>
2024-04-24 10:49:17 status unpacked libglx-mesa0:amd64 24.0.5-1ubuntu1
2024-04-24 10:49:17 status half-configured libglx-mesa0:amd64 24.0.5-1ubuntu1
2024-04-24 10:49:17 status installed libglx-mesa0:amd64 24.0.5-1ubuntu1
2024-04-24 10:49:17 configure gstreamer1.0-x:amd64 1.24.2-1 <none>
2024-04-24 10:49:17 status unpacked gstreamer1.0-x:amd64 1.24.2-1
2024-04-24 10:49:17 status half-configured gstreamer1.0-x:amd64 1.24.2-1
2024-04-24 10:49:17 status installed gstreamer1.0-x:amd64 1.24.2-1
2024-04-24 10:49:17 configure gstreamer1.0-alsa:amd64 1.24.2-1 <none>
2024-04-24 10:49:17 status unpacked gstreamer1.0-alsa:amd64 1.24.2-1
2024-04-24 10:49:17 status half-configured gstreamer1.0-alsa:amd64 1.24.2-1
2024-04-24 10:49:17 status installed gstreamer1.0-alsa:amd64 1.24.2-1
2024-04-24 10:49:17 configure python3-cairo:amd64 1.25.1-2build2 <none>
2024-04-24 10:49:17 status unpacked python3-cairo:amd64 1.25.1-2build2
2024-04-24 10:49:17 status half-configured python3-cairo:amd64 1.25.1-2build2
2024-04-24 10:49:17 status installed python3-cairo:amd64 1.25.1-2build2
2024-04-24 10:49:17 configure printer-driver-brlaser:amd64 6-3build2 <none>
2024-04-24 10:49:17 status unpacked printer-driver-brlaser:amd64 6-3build2
2024-04-24 10:49:17 status half-configured printer-driver-brlaser:amd64 6-3build2
2024-04-24 10:49:17 status installed printer-driver-brlaser:amd64 6-3build2
2024-04-24 10:49:17 configure libgjs0g:amd64 1.80.2-1build2 <none>
2024-04-24 10:49:17 status unpacked libgjs0g:amd64 1.80.2-1build2
2024-04-24 10:49:17 status half-configured libgjs0g:amd64 1.80.2-1build2
2024-04-24 10:49:17 status installed libgjs0g:amd64 1.80.2-1build2
2024-04-24 10:49:17 configure libpangoxft-1.0-0:amd64 1.52.1+ds-1build1 <none>
2024-04-24 10:49:17 status unpacked libpangoxft-1.0-0:amd64 1.52.1+ds-1build1
2024-04-24 10:49:17 status half-configured libpangoxft-1.0-0:amd64 1.52.1+ds-1build1
2024-04-24 10:49:17 status installed libpangoxft-1.0-0:amd64 1.52.1+ds-1build1
2024-04-24 10:49:17 configure gnome-settings-daemon-common:all 46.0-1ubuntu1 <none>
2024-04-24 10:49:17 status unpacked gnome-settings-daemon-common:all 46.0-1ubuntu1
2024-04-24 10:49:17 status half-configured gnome-settings-daemon-common:all 46.0-1ubuntu1
2024-04-24 10:49:17 status triggers-awaited gnome-settings-daemon-common:all 46.0-1ubuntu1
2024-04-24 10:49:17 configure libglx0:amd64 1.7.0-1build1 <none>
2024-04-24 10:49:17 status unpacked libglx0:amd64 1.7.0-1build1
2024-04-24 10:49:17 status half-configured libglx0:amd64 1.7.0-1build1
2024-04-24 10:49:17 status installed libglx0:amd64 1.7.0-1build1
2024-04-24 10:49:17 configure xbrlapi:amd64 6.6-4ubuntu5 <none>
2024-04-24 10:49:17 status unpacked xbrlapi:amd64 6.6-4ubuntu5
2024-04-24 10:49:17 status half-configured xbrlapi:amd64 6.6-4ubuntu5
2024-04-24 10:49:17 status installed xbrlapi:amd64 6.6-4ubuntu5
2024-04-24 10:49:17 configure libhttp-cookies-perl:all 6.11-1 <none>
2024-04-24 10:49:17 status unpacked libhttp-cookies-perl:all 6.11-1
2024-04-24 10:49:17 status half-configured libhttp-cookies-perl:all 6.11-1
2024-04-24 10:49:17 status installed libhttp-cookies-perl:all 6.11-1
2024-04-24 10:49:17 configure libhtml-tree-perl:all 5.07-3 <none>
2024-04-24 10:49:17 status unpacked libhtml-tree-perl:all 5.07-3
2024-04-24 10:49:17 status half-configured libhtml-tree-perl:all 5.07-3
2024-04-24 10:49:17 status installed libhtml-tree-perl:all 5.07-3
2024-04-24 10:49:17 configure libwmf0.2-7-gtk:amd64 0.2.13-1.1build3 <none>
2024-04-24 10:49:17 status unpacked libwmf0.2-7-gtk:amd64 0.2.13-1.1build3
2024-04-24 10:49:17 status half-configured libwmf0.2-7-gtk:amd64 0.2.13-1.1build3
2024-04-24 10:49:17 status installed libwmf0.2-7-gtk:amd64 0.2.13-1.1build3
2024-04-24 10:49:17 configure libfwupd2:amd64 1.9.16-1 <none>
2024-04-24 10:49:17 status unpacked libfwupd2:amd64 1.9.16-1
2024-04-24 10:49:17 status half-configured libfwupd2:amd64 1.9.16-1
2024-04-24 10:49:17 status installed libfwupd2:amd64 1.9.16-1
2024-04-24 10:49:17 configure libqmi-proxy:amd64 1.35.2-0ubuntu2 <none>
2024-04-24 10:49:17 status unpacked libqmi-proxy:amd64 1.35.2-0ubuntu2
2024-04-24 10:49:17 status half-configured libqmi-proxy:amd64 1.35.2-0ubuntu2
2024-04-24 10:49:17 status installed libqmi-proxy:amd64 1.35.2-0ubuntu2
2024-04-24 10:49:17 configure libhtml-format-perl:all 2.16-2 <none>
2024-04-24 10:49:17 status unpacked libhtml-format-perl:all 2.16-2
2024-04-24 10:49:17 status half-configured libhtml-format-perl:all 2.16-2
2024-04-24 10:49:17 status installed libhtml-format-perl:all 2.16-2
2024-04-24 10:49:17 configure sssd-common:amd64 2.9.4-1.1ubuntu6 <none>
2024-04-24 10:49:17 status unpacked sssd-common:amd64 2.9.4-1.1ubuntu6
2024-04-24 10:49:17 status half-configured sssd-common:amd64 2.9.4-1.1ubuntu6
2024-04-24 10:49:18 status installed sssd-common:amd64 2.9.4-1.1ubuntu6
2024-04-24 10:49:18 configure sssd-proxy:amd64 2.9.4-1.1ubuntu6 <none>
2024-04-24 10:49:18 status unpacked sssd-proxy:amd64 2.9.4-1.1ubuntu6
2024-04-24 10:49:18 status half-configured sssd-proxy:amd64 2.9.4-1.1ubuntu6
2024-04-24 10:49:18 status installed sssd-proxy:amd64 2.9.4-1.1ubuntu6
2024-04-24 10:49:18 configure gir1.2-atspi-2.0:amd64 2.52.0-1build1 <none>
2024-04-24 10:49:18 status unpacked gir1.2-atspi-2.0:amd64 2.52.0-1build1
2024-04-24 10:49:18 status half-configured gir1.2-atspi-2.0:amd64 2.52.0-1build1
2024-04-24 10:49:18 status installed gir1.2-atspi-2.0:amd64 2.52.0-1build1
2024-04-24 10:49:18 configure libxaw7:amd64 2:1.0.14-1build2 <none>
2024-04-24 10:49:18 status unpacked libxaw7:amd64 2:1.0.14-1build2
2024-04-24 10:49:18 status half-configured libxaw7:amd64 2:1.0.14-1build2
2024-04-24 10:49:18 status installed libxaw7:amd64 2:1.0.14-1build2
2024-04-24 10:49:18 configure libespeak-ng1:amd64 1.51+dfsg-12build1 <none>
2024-04-24 10:49:18 status unpacked libespeak-ng1:amd64 1.51+dfsg-12build1
2024-04-24 10:49:18 status half-configured libespeak-ng1:amd64 1.51+dfsg-12build1
2024-04-24 10:49:18 status installed libespeak-ng1:amd64 1.51+dfsg-12build1
2024-04-24 10:49:18 configure fonts-urw-base35:all 20200910-8 <none>
2024-04-24 10:49:18 status unpacked fonts-urw-base35:all 20200910-8
2024-04-24 10:49:18 status half-configured fonts-urw-base35:all 20200910-8
2024-04-24 10:49:19 status installed fonts-urw-base35:all 20200910-8
2024-04-24 10:49:19 configure ubuntu-standard:amd64 1.539 <none>
2024-04-24 10:49:19 status unpacked ubuntu-standard:amd64 1.539
2024-04-24 10:49:19 status half-configured ubuntu-standard:amd64 1.539
2024-04-24 10:49:19 status installed ubuntu-standard:amd64 1.539
2024-04-24 10:49:19 configure x11-xserver-utils:amd64 7.7+10build2 <none>
2024-04-24 10:49:19 status unpacked x11-xserver-utils:amd64 7.7+10build2
2024-04-24 10:49:19 status half-configured x11-xserver-utils:amd64 7.7+10build2
2024-04-24 10:49:19 status installed x11-xserver-utils:amd64 7.7+10build2
2024-04-24 10:49:19 configure gir1.2-harfbuzz-0.0:amd64 8.3.0-2build2 <none>
2024-04-24 10:49:19 status unpacked gir1.2-harfbuzz-0.0:amd64 8.3.0-2build2
2024-04-24 10:49:19 status half-configured gir1.2-harfbuzz-0.0:amd64 8.3.0-2build2
2024-04-24 10:49:19 status installed gir1.2-harfbuzz-0.0:amd64 8.3.0-2build2
2024-04-24 10:49:19 configure printer-driver-postscript-hp:amd64 3.23.12+dfsg0-0ubuntu5 <none>
2024-04-24 10:49:19 status unpacked printer-driver-postscript-hp:amd64 3.23.12+dfsg0-0ubuntu5
2024-04-24 10:49:19 status half-configured printer-driver-postscript-hp:amd64 3.23.12+dfsg0-0ubuntu5
2024-04-24 10:49:19 status installed printer-driver-postscript-hp:amd64 3.23.12+dfsg0-0ubuntu5
2024-04-24 10:49:19 configure cups-client:amd64 2.4.7-1.2ubuntu7 <none>
2024-04-24 10:49:19 status unpacked cups-client:amd64 2.4.7-1.2ubuntu7
2024-04-24 10:49:19 status half-configured cups-client:amd64 2.4.7-1.2ubuntu7
2024-04-24 10:49:19 status installed cups-client:amd64 2.4.7-1.2ubuntu7
2024-04-24 10:49:19 configure speech-dispatcher:amd64 0.12.0~rc2-2build3 <none>
2024-04-24 10:49:19 status unpacked speech-dispatcher:amd64 0.12.0~rc2-2build3
2024-04-24 10:49:19 status half-configured speech-dispatcher:amd64 0.12.0~rc2-2build3
2024-04-24 10:49:19 status installed speech-dispatcher:amd64 0.12.0~rc2-2build3
2024-04-24 10:49:19 configure librsvg2-2:amd64 2.58.0+dfsg-1build1 <none>
2024-04-24 10:49:19 status unpacked librsvg2-2:amd64 2.58.0+dfsg-1build1
2024-04-24 10:49:19 status half-configured librsvg2-2:amd64 2.58.0+dfsg-1build1
2024-04-24 10:49:19 status installed librsvg2-2:amd64 2.58.0+dfsg-1build1
2024-04-24 10:49:19 configure python3-pil:amd64 10.2.0-1build1 <none>
2024-04-24 10:49:19 status unpacked python3-pil:amd64 10.2.0-1build1
2024-04-24 10:49:19 status half-configured python3-pil:amd64 10.2.0-1build1
2024-04-24 10:49:19 status installed python3-pil:amd64 10.2.0-1build1
2024-04-24 10:49:19 configure libcupsimage2t64:amd64 2.4.7-1.2ubuntu7 <none>
2024-04-24 10:49:19 status unpacked libcupsimage2t64:amd64 2.4.7-1.2ubuntu7
2024-04-24 10:49:19 status half-configured libcupsimage2t64:amd64 2.4.7-1.2ubuntu7
2024-04-24 10:49:19 status installed libcupsimage2t64:amd64 2.4.7-1.2ubuntu7
2024-04-24 10:49:19 configure python3-cups:amd64 2.0.1-5build6 <none>
2024-04-24 10:49:19 status unpacked python3-cups:amd64 2.0.1-5build6
2024-04-24 10:49:19 status half-configured python3-cups:amd64 2.0.1-5build6
2024-04-24 10:49:19 status installed python3-cups:amd64 2.0.1-5build6
2024-04-24 10:49:19 configure gir1.2-pango-1.0:amd64 1.52.1+ds-1build1 <none>
2024-04-24 10:49:19 status unpacked gir1.2-pango-1.0:amd64 1.52.1+ds-1build1
2024-04-24 10:49:19 status half-configured gir1.2-pango-1.0:amd64 1.52.1+ds-1build1
2024-04-24 10:49:19 status installed gir1.2-pango-1.0:amd64 1.52.1+ds-1build1
2024-04-24 10:49:19 configure gstreamer1.0-plugins-base:amd64 1.24.2-1 <none>
2024-04-24 10:49:19 status unpacked gstreamer1.0-plugins-base:amd64 1.24.2-1
2024-04-24 10:49:19 status half-configured gstreamer1.0-plugins-base:amd64 1.24.2-1
2024-04-24 10:49:19 status installed gstreamer1.0-plugins-base:amd64 1.24.2-1
2024-04-24 10:49:19 configure libgl1:amd64 1.7.0-1build1 <none>
2024-04-24 10:49:19 status unpacked libgl1:amd64 1.7.0-1build1
2024-04-24 10:49:19 status half-configured libgl1:amd64 1.7.0-1build1
2024-04-24 10:49:19 status installed libgl1:amd64 1.7.0-1build1
2024-04-24 10:49:19 configure libnet-smtp-ssl-perl:all 1.04-2 <none>
2024-04-24 10:49:19 status unpacked libnet-smtp-ssl-perl:all 1.04-2
2024-04-24 10:49:19 status half-configured libnet-smtp-ssl-perl:all 1.04-2
2024-04-24 10:49:19 status installed libnet-smtp-ssl-perl:all 1.04-2
2024-04-24 10:49:19 configure libfreerdp-server3-3:amd64 3.5.0+dfsg1-0ubuntu1 <none>
2024-04-24 10:49:19 status unpacked libfreerdp-server3-3:amd64 3.5.0+dfsg1-0ubuntu1
2024-04-24 10:49:19 status half-configured libfreerdp-server3-3:amd64 3.5.0+dfsg1-0ubuntu1
2024-04-24 10:49:19 status installed libfreerdp-server3-3:amd64 3.5.0+dfsg1-0ubuntu1
2024-04-24 10:49:19 configure libmailtools-perl:all 2.21-2 <none>
2024-04-24 10:49:19 status unpacked libmailtools-perl:all 2.21-2
2024-04-24 10:49:19 status half-configured libmailtools-perl:all 2.21-2
2024-04-24 10:49:19 status installed libmailtools-perl:all 2.21-2
2024-04-24 10:49:19 configure sssd-ad-common:amd64 2.9.4-1.1ubuntu6 <none>
2024-04-24 10:49:19 status unpacked sssd-ad-common:amd64 2.9.4-1.1ubuntu6
2024-04-24 10:49:19 status half-configured sssd-ad-common:amd64 2.9.4-1.1ubuntu6
2024-04-24 10:49:19 status installed sssd-ad-common:amd64 2.9.4-1.1ubuntu6
2024-04-24 10:49:20 configure sssd-krb5-common:amd64 2.9.4-1.1ubuntu6 <none>
2024-04-24 10:49:20 status unpacked sssd-krb5-common:amd64 2.9.4-1.1ubuntu6
2024-04-24 10:49:20 status half-configured sssd-krb5-common:amd64 2.9.4-1.1ubuntu6
2024-04-24 10:49:20 status installed sssd-krb5-common:amd64 2.9.4-1.1ubuntu6
2024-04-24 10:49:20 configure libshout3:amd64 2.4.6-1build2 <none>
2024-04-24 10:49:20 status unpacked libshout3:amd64 2.4.6-1build2
2024-04-24 10:49:20 status half-configured libshout3:amd64 2.4.6-1build2
2024-04-24 10:49:20 status installed libshout3:amd64 2.4.6-1build2
2024-04-24 10:49:20 configure librsvg2-common:amd64 2.58.0+dfsg-1build1 <none>
2024-04-24 10:49:20 status unpacked librsvg2-common:amd64 2.58.0+dfsg-1build1
2024-04-24 10:49:20 status half-configured librsvg2-common:amd64 2.58.0+dfsg-1build1
2024-04-24 10:49:20 status installed librsvg2-common:amd64 2.58.0+dfsg-1build1
2024-04-24 10:49:20 status triggers-pending libgdk-pixbuf-2.0-0:amd64 2.42.10+dfsg-3ubuntu3
2024-04-24 10:49:20 configure speech-dispatcher-espeak-ng:amd64 0.12.0~rc2-2build3 <none>
2024-04-24 10:49:20 status unpacked speech-dispatcher-espeak-ng:amd64 0.12.0~rc2-2build3
2024-04-24 10:49:20 status half-configured speech-dispatcher-espeak-ng:amd64 0.12.0~rc2-2build3
2024-04-24 10:49:20 status installed speech-dispatcher-espeak-ng:amd64 0.12.0~rc2-2build3
2024-04-24 10:49:20 configure ppp:amd64 2.4.9-1+1.1ubuntu4 <none>
2024-04-24 10:49:20 status unpacked ppp:amd64 2.4.9-1+1.1ubuntu4
2024-04-24 10:49:20 status half-configured ppp:amd64 2.4.9-1+1.1ubuntu4
2024-04-24 10:49:20 status installed ppp:amd64 2.4.9-1+1.1ubuntu4
2024-04-24 10:49:20 configure libhttp-daemon-perl:all 6.16-1 <none>
2024-04-24 10:49:20 status unpacked libhttp-daemon-perl:all 6.16-1
2024-04-24 10:49:20 status half-configured libhttp-daemon-perl:all 6.16-1
2024-04-24 10:49:20 status installed libhttp-daemon-perl:all 6.16-1
2024-04-24 10:49:20 configure sssd-krb5:amd64 2.9.4-1.1ubuntu6 <none>
2024-04-24 10:49:20 status unpacked sssd-krb5:amd64 2.9.4-1.1ubuntu6
2024-04-24 10:49:20 status half-configured sssd-krb5:amd64 2.9.4-1.1ubuntu6
2024-04-24 10:49:20 status installed sssd-krb5:amd64 2.9.4-1.1ubuntu6
2024-04-24 10:49:20 configure cups-pk-helper:amd64 0.2.6-1ubuntu8 <none>
2024-04-24 10:49:20 status unpacked cups-pk-helper:amd64 0.2.6-1ubuntu8
2024-04-24 10:49:20 status half-configured cups-pk-helper:amd64 0.2.6-1ubuntu8
2024-04-24 10:49:20 status installed cups-pk-helper:amd64 0.2.6-1ubuntu8
2024-04-24 10:49:20 configure x11-utils:amd64 7.7+6build2 <none>
2024-04-24 10:49:20 status unpacked x11-utils:amd64 7.7+6build2
2024-04-24 10:49:20 status half-configured x11-utils:amd64 7.7+6build2
2024-04-24 10:49:20 status installed x11-utils:amd64 7.7+6build2
2024-04-24 10:49:20 configure libcupsfilters2t64:amd64 2.0.0-0ubuntu7 <none>
2024-04-24 10:49:20 status unpacked libcupsfilters2t64:amd64 2.0.0-0ubuntu7
2024-04-24 10:49:20 status half-configured libcupsfilters2t64:amd64 2.0.0-0ubuntu7
2024-04-24 10:49:20 status installed libcupsfilters2t64:amd64 2.0.0-0ubuntu7
2024-04-24 10:49:20 configure x11-session-utils:amd64 7.7+6build2 <none>
2024-04-24 10:49:20 status unpacked x11-session-utils:amd64 7.7+6build2
2024-04-24 10:49:20 status half-configured x11-session-utils:amd64 7.7+6build2
2024-04-24 10:49:20 status installed x11-session-utils:amd64 7.7+6build2
2024-04-24 10:49:20 configure plymouth-theme-spinner:amd64 24.004.60-1ubuntu7 <none>
2024-04-24 10:49:20 status unpacked plymouth-theme-spinner:amd64 24.004.60-1ubuntu7
2024-04-24 10:49:20 status half-configured plymouth-theme-spinner:amd64 24.004.60-1ubuntu7
2024-04-24 10:49:20 status installed plymouth-theme-spinner:amd64 24.004.60-1ubuntu7
2024-04-24 10:49:20 configure gir1.2-rsvg-2.0:amd64 2.58.0+dfsg-1build1 <none>
2024-04-24 10:49:20 status unpacked gir1.2-rsvg-2.0:amd64 2.58.0+dfsg-1build1
2024-04-24 10:49:20 status half-configured gir1.2-rsvg-2.0:amd64 2.58.0+dfsg-1build1
2024-04-24 10:49:20 status installed gir1.2-rsvg-2.0:amd64 2.58.0+dfsg-1build1
2024-04-24 10:49:20 configure libcairo-gobject-perl:amd64 1.005-4build3 <none>
2024-04-24 10:49:20 status unpacked libcairo-gobject-perl:amd64 1.005-4build3
2024-04-24 10:49:20 status half-configured libcairo-gobject-perl:amd64 1.005-4build3
2024-04-24 10:49:20 status installed libcairo-gobject-perl:amd64 1.005-4build3
2024-04-24 10:49:20 configure libqmi-utils:amd64 1.35.2-0ubuntu2 <none>
2024-04-24 10:49:20 status unpacked libqmi-utils:amd64 1.35.2-0ubuntu2
2024-04-24 10:49:20 status half-configured libqmi-utils:amd64 1.35.2-0ubuntu2
2024-04-24 10:49:20 status installed libqmi-utils:amd64 1.35.2-0ubuntu2
2024-04-24 10:49:20 configure libhpmud0:amd64 3.23.12+dfsg0-0ubuntu5 <none>
2024-04-24 10:49:20 status unpacked libhpmud0:amd64 3.23.12+dfsg0-0ubuntu5
2024-04-24 10:49:20 status half-configured libhpmud0:amd64 3.23.12+dfsg0-0ubuntu5
2024-04-24 10:49:20 status installed libhpmud0:amd64 3.23.12+dfsg0-0ubuntu5
2024-04-24 10:49:20 configure libpangomm-2.48-1t64:amd64 2.52.0-1build1 <none>
2024-04-24 10:49:20 status unpacked libpangomm-2.48-1t64:amd64 2.52.0-1build1
2024-04-24 10:49:20 status half-configured libpangomm-2.48-1t64:amd64 2.52.0-1build1
2024-04-24 10:49:20 status installed libpangomm-2.48-1t64:amd64 2.52.0-1build1
2024-04-24 10:49:20 configure sssd-ldap:amd64 2.9.4-1.1ubuntu6 <none>
2024-04-24 10:49:20 status unpacked sssd-ldap:amd64 2.9.4-1.1ubuntu6
2024-04-24 10:49:20 status half-configured sssd-ldap:amd64 2.9.4-1.1ubuntu6
2024-04-24 10:49:20 status installed sssd-ldap:amd64 2.9.4-1.1ubuntu6
2024-04-24 10:49:20 configure fwupd:amd64 1.9.16-1 <none>
2024-04-24 10:49:20 status unpacked fwupd:amd64 1.9.16-1
2024-04-24 10:49:20 status half-configured fwupd:amd64 1.9.16-1
2024-04-24 10:49:20 status installed fwupd:amd64 1.9.16-1
2024-04-24 10:49:20 configure libsane-hpaio:amd64 3.23.12+dfsg0-0ubuntu5 <none>
2024-04-24 10:49:20 status unpacked libsane-hpaio:amd64 3.23.12+dfsg0-0ubuntu5
2024-04-24 10:49:20 status half-configured libsane-hpaio:amd64 3.23.12+dfsg0-0ubuntu5
2024-04-24 10:49:20 status installed libsane-hpaio:amd64 3.23.12+dfsg0-0ubuntu5
2024-04-24 10:49:20 configure pptp-linux:amd64 1.10.0-1build4 <none>
2024-04-24 10:49:20 status unpacked pptp-linux:amd64 1.10.0-1build4
2024-04-24 10:49:20 status half-configured pptp-linux:amd64 1.10.0-1build4
2024-04-24 10:49:20 status installed pptp-linux:amd64 1.10.0-1build4
2024-04-24 10:49:20 configure libatk-adaptor:amd64 2.52.0-1build1 <none>
2024-04-24 10:49:20 status unpacked libatk-adaptor:amd64 2.52.0-1build1
2024-04-24 10:49:20 status half-configured libatk-adaptor:amd64 2.52.0-1build1
2024-04-24 10:49:20 status installed libatk-adaptor:amd64 2.52.0-1build1
2024-04-24 10:49:20 configure libglib-object-introspection-perl:amd64 0.051-1build3 <none>
2024-04-24 10:49:20 status unpacked libglib-object-introspection-perl:amd64 0.051-1build3
2024-04-24 10:49:20 status half-configured libglib-object-introspection-perl:amd64 0.051-1build3
2024-04-24 10:49:20 status installed libglib-object-introspection-perl:amd64 0.051-1build3
2024-04-24 10:49:20 configure libgs10-common:all 10.02.1~dfsg1-0ubuntu7 <none>
2024-04-24 10:49:20 status unpacked libgs10-common:all 10.02.1~dfsg1-0ubuntu7
2024-04-24 10:49:20 status half-configured libgs10-common:all 10.02.1~dfsg1-0ubuntu7
2024-04-24 10:49:20 status installed libgs10-common:all 10.02.1~dfsg1-0ubuntu7
2024-04-24 10:49:20 configure sssd-ad:amd64 2.9.4-1.1ubuntu6 <none>
2024-04-24 10:49:20 status unpacked sssd-ad:amd64 2.9.4-1.1ubuntu6
2024-04-24 10:49:20 status half-configured sssd-ad:amd64 2.9.4-1.1ubuntu6
2024-04-24 10:49:20 status installed sssd-ad:amd64 2.9.4-1.1ubuntu6
2024-04-24 10:49:20 configure cups-bsd:amd64 2.4.7-1.2ubuntu7 <none>
2024-04-24 10:49:20 status unpacked cups-bsd:amd64 2.4.7-1.2ubuntu7
2024-04-24 10:49:20 status half-configured cups-bsd:amd64 2.4.7-1.2ubuntu7
2024-04-24 10:49:20 status installed cups-bsd:amd64 2.4.7-1.2ubuntu7
2024-04-24 10:49:20 configure x11-xkb-utils:amd64 7.7+8build2 <none>
2024-04-24 10:49:20 status unpacked x11-xkb-utils:amd64 7.7+8build2
2024-04-24 10:49:20 status half-configured x11-xkb-utils:amd64 7.7+8build2
2024-04-24 10:49:20 status installed x11-xkb-utils:amd64 7.7+8build2
2024-04-24 10:49:20 configure x11-apps:amd64 7.7+11build3 <none>
2024-04-24 10:49:20 status unpacked x11-apps:amd64 7.7+11build3
2024-04-24 10:49:20 status half-configured x11-apps:amd64 7.7+11build3
2024-04-24 10:49:20 status installed x11-apps:amd64 7.7+11build3
2024-04-24 10:49:20 configure ibus-data:all 1.5.29-2 <none>
2024-04-24 10:49:20 status unpacked ibus-data:all 1.5.29-2
2024-04-24 10:49:20 status half-configured ibus-data:all 1.5.29-2
2024-04-24 10:49:20 status triggers-awaited ibus-data:all 1.5.29-2
2024-04-24 10:49:20 configure python3-cupshelpers:all 1.5.18-1ubuntu9 <none>
2024-04-24 10:49:20 status unpacked python3-cupshelpers:all 1.5.18-1ubuntu9
2024-04-24 10:49:20 status half-configured python3-cupshelpers:all 1.5.18-1ubuntu9
2024-04-24 10:49:20 status installed python3-cupshelpers:all 1.5.18-1ubuntu9
2024-04-24 10:49:20 configure sssd-ipa:amd64 2.9.4-1.1ubuntu6 <none>
2024-04-24 10:49:20 status unpacked sssd-ipa:amd64 2.9.4-1.1ubuntu6
2024-04-24 10:49:20 status half-configured sssd-ipa:amd64 2.9.4-1.1ubuntu6
2024-04-24 10:49:20 status installed sssd-ipa:amd64 2.9.4-1.1ubuntu6
2024-04-24 10:49:20 configure libgstreamer-gl1.0-0:amd64 1.24.2-1 <none>
2024-04-24 10:49:20 status unpacked libgstreamer-gl1.0-0:amd64 1.24.2-1
2024-04-24 10:49:20 status half-configured libgstreamer-gl1.0-0:amd64 1.24.2-1
2024-04-24 10:49:20 status installed libgstreamer-gl1.0-0:amd64 1.24.2-1
2024-04-24 10:49:20 configure libppd2:amd64 2:2.0.0-0ubuntu4 <none>
2024-04-24 10:49:20 status unpacked libppd2:amd64 2:2.0.0-0ubuntu4
2024-04-24 10:49:20 status half-configured libppd2:amd64 2:2.0.0-0ubuntu4
2024-04-24 10:49:20 status installed libppd2:amd64 2:2.0.0-0ubuntu4
2024-04-24 10:49:20 configure xserver-common:all 2:21.1.12-1ubuntu1 <none>
2024-04-24 10:49:20 status unpacked xserver-common:all 2:21.1.12-1ubuntu1
2024-04-24 10:49:20 status half-configured xserver-common:all 2:21.1.12-1ubuntu1
2024-04-24 10:49:20 status installed xserver-common:all 2:21.1.12-1ubuntu1
2024-04-24 10:49:20 configure sssd:amd64 2.9.4-1.1ubuntu6 <none>
2024-04-24 10:49:20 status unpacked sssd:amd64 2.9.4-1.1ubuntu6
2024-04-24 10:49:20 status half-configured sssd:amd64 2.9.4-1.1ubuntu6
2024-04-24 10:49:20 status installed sssd:amd64 2.9.4-1.1ubuntu6
2024-04-24 10:49:20 configure xwayland:amd64 2:23.2.6-1 <none>
2024-04-24 10:49:20 status unpacked xwayland:amd64 2:23.2.6-1
2024-04-24 10:49:20 status half-configured xwayland:amd64 2:23.2.6-1
2024-04-24 10:49:20 status installed xwayland:amd64 2:23.2.6-1
2024-04-24 10:49:20 configure xserver-xorg-legacy:amd64 2:21.1.12-1ubuntu1 <none>
2024-04-24 10:49:20 status unpacked xserver-xorg-legacy:amd64 2:21.1.12-1ubuntu1
2024-04-24 10:49:20 status half-configured xserver-xorg-legacy:amd64 2:21.1.12-1ubuntu1
2024-04-24 10:49:20 status installed xserver-xorg-legacy:amd64 2:21.1.12-1ubuntu1
2024-04-24 10:49:20 configure libgs10:amd64 10.02.1~dfsg1-0ubuntu7 <none>
2024-04-24 10:49:20 status unpacked libgs10:amd64 10.02.1~dfsg1-0ubuntu7
2024-04-24 10:49:20 status half-configured libgs10:amd64 10.02.1~dfsg1-0ubuntu7
2024-04-24 10:49:20 status installed libgs10:amd64 10.02.1~dfsg1-0ubuntu7
2024-04-24 10:49:20 configure libxklavier16:amd64 5.4-5build2 <none>
2024-04-24 10:49:20 status unpacked libxklavier16:amd64 5.4-5build2
2024-04-24 10:49:20 status half-configured libxklavier16:amd64 5.4-5build2
2024-04-24 10:49:20 status installed libxklavier16:amd64 5.4-5build2
2024-04-24 10:49:20 configure gstreamer1.0-gl:amd64 1.24.2-1 <none>
2024-04-24 10:49:20 status unpacked gstreamer1.0-gl:amd64 1.24.2-1
2024-04-24 10:49:20 status half-configured gstreamer1.0-gl:amd64 1.24.2-1
2024-04-24 10:49:20 status installed gstreamer1.0-gl:amd64 1.24.2-1
2024-04-24 10:49:20 configure system-config-printer-udev:amd64 1.5.18-1ubuntu9 <none>
2024-04-24 10:49:20 status unpacked system-config-printer-udev:amd64 1.5.18-1ubuntu9
2024-04-24 10:49:20 status half-configured system-config-printer-udev:amd64 1.5.18-1ubuntu9
2024-04-24 10:49:20 status installed system-config-printer-udev:amd64 1.5.18-1ubuntu9
2024-04-24 10:49:20 configure xserver-xorg-core:amd64 2:21.1.12-1ubuntu1 <none>
2024-04-24 10:49:20 status unpacked xserver-xorg-core:amd64 2:21.1.12-1ubuntu1
2024-04-24 10:49:20 status half-configured xserver-xorg-core:amd64 2:21.1.12-1ubuntu1
2024-04-24 10:49:20 status installed xserver-xorg-core:amd64 2:21.1.12-1ubuntu1
2024-04-24 10:49:20 configure libspectre1:amd64 0.2.12-1build2 <none>
2024-04-24 10:49:20 status unpacked libspectre1:amd64 0.2.12-1build2
2024-04-24 10:49:20 status half-configured libspectre1:amd64 0.2.12-1build2
2024-04-24 10:49:20 status installed libspectre1:amd64 0.2.12-1build2
2024-04-24 10:49:20 configure xserver-xorg-video-radeon:amd64 1:22.0.0-1build1 <none>
2024-04-24 10:49:20 status unpacked xserver-xorg-video-radeon:amd64 1:22.0.0-1build1
2024-04-24 10:49:20 status half-configured xserver-xorg-video-radeon:amd64 1:22.0.0-1build1
2024-04-24 10:49:20 status installed xserver-xorg-video-radeon:amd64 1:22.0.0-1build1
2024-04-24 10:49:20 configure ghostscript:amd64 10.02.1~dfsg1-0ubuntu7 <none>
2024-04-24 10:49:20 status unpacked ghostscript:amd64 10.02.1~dfsg1-0ubuntu7
2024-04-24 10:49:20 status half-configured ghostscript:amd64 10.02.1~dfsg1-0ubuntu7
2024-04-24 10:49:20 status installed ghostscript:amd64 10.02.1~dfsg1-0ubuntu7
2024-04-24 10:49:20 configure cups-filters-core-drivers:amd64 2.0.0-0ubuntu4 <none>
2024-04-24 10:49:20 status unpacked cups-filters-core-drivers:amd64 2.0.0-0ubuntu4
2024-04-24 10:49:20 status half-configured cups-filters-core-drivers:amd64 2.0.0-0ubuntu4
2024-04-24 10:49:20 status installed cups-filters-core-drivers:amd64 2.0.0-0ubuntu4
2024-04-24 10:49:20 configure xserver-xorg-input-wacom:amd64 1:1.2.0-1ubuntu2 <none>
2024-04-24 10:49:20 status unpacked xserver-xorg-input-wacom:amd64 1:1.2.0-1ubuntu2
2024-04-24 10:49:20 status half-configured xserver-xorg-input-wacom:amd64 1:1.2.0-1ubuntu2
2024-04-24 10:49:21 status installed xserver-xorg-input-wacom:amd64 1:1.2.0-1ubuntu2
2024-04-24 10:49:21 configure printer-driver-c2esp:amd64 27-11ubuntu7 <none>
2024-04-24 10:49:21 status unpacked printer-driver-c2esp:amd64 27-11ubuntu7
2024-04-24 10:49:21 status half-configured printer-driver-c2esp:amd64 27-11ubuntu7
2024-04-24 10:49:21 status installed printer-driver-c2esp:amd64 27-11ubuntu7
2024-04-24 10:49:21 configure xserver-xorg-video-fbdev:amd64 1:0.5.0-2build2 <none>
2024-04-24 10:49:21 status unpacked xserver-xorg-video-fbdev:amd64 1:0.5.0-2build2
2024-04-24 10:49:21 status half-configured xserver-xorg-video-fbdev:amd64 1:0.5.0-2build2
2024-04-24 10:49:21 status installed xserver-xorg-video-fbdev:amd64 1:0.5.0-2build2
2024-04-24 10:49:21 configure xserver-xephyr:amd64 2:21.1.12-1ubuntu1 <none>
2024-04-24 10:49:21 status unpacked xserver-xephyr:amd64 2:21.1.12-1ubuntu1
2024-04-24 10:49:21 status half-configured xserver-xephyr:amd64 2:21.1.12-1ubuntu1
2024-04-24 10:49:21 status installed xserver-xephyr:amd64 2:21.1.12-1ubuntu1
2024-04-24 10:49:21 configure xserver-xorg-video-vmware:amd64 1:13.4.0-1build1 <none>
2024-04-24 10:49:21 status unpacked xserver-xorg-video-vmware:amd64 1:13.4.0-1build1
2024-04-24 10:49:21 status half-configured xserver-xorg-video-vmware:amd64 1:13.4.0-1build1
2024-04-24 10:49:21 status installed xserver-xorg-video-vmware:amd64 1:13.4.0-1build1
2024-04-24 10:49:21 configure xserver-xorg-video-intel:amd64 2:2.99.917+git20210115-1build1 <none>
2024-04-24 10:49:21 status unpacked xserver-xorg-video-intel:amd64 2:2.99.917+git20210115-1build1
2024-04-24 10:49:21 status half-configured xserver-xorg-video-intel:amd64 2:2.99.917+git20210115-1build1
2024-04-24 10:49:21 status installed xserver-xorg-video-intel:amd64 2:2.99.917+git20210115-1build1
2024-04-24 10:49:21 configure xserver-xorg-video-vesa:amd64 1:2.6.0-1 <none>
2024-04-24 10:49:21 status unpacked xserver-xorg-video-vesa:amd64 1:2.6.0-1
2024-04-24 10:49:21 status half-configured xserver-xorg-video-vesa:amd64 1:2.6.0-1
2024-04-24 10:49:21 status installed xserver-xorg-video-vesa:amd64 1:2.6.0-1
2024-04-24 10:49:21 configure printer-driver-ptouch:amd64 1.7-1build2 <none>
2024-04-24 10:49:21 status unpacked printer-driver-ptouch:amd64 1.7-1build2
2024-04-24 10:49:21 status half-configured printer-driver-ptouch:amd64 1.7-1build2
2024-04-24 10:49:21 status installed printer-driver-ptouch:amd64 1.7-1build2
2024-04-24 10:49:21 configure cups-filters:amd64 2.0.0-0ubuntu4 <none>
2024-04-24 10:49:21 status unpacked cups-filters:amd64 2.0.0-0ubuntu4
2024-04-24 10:49:21 status half-configured cups-filters:amd64 2.0.0-0ubuntu4
2024-04-24 10:49:21 status installed cups-filters:amd64 2.0.0-0ubuntu4
2024-04-24 10:49:21 configure printer-driver-m2300w:amd64 0.51-15build2 <none>
2024-04-24 10:49:21 status unpacked printer-driver-m2300w:amd64 0.51-15build2
2024-04-24 10:49:21 status half-configured printer-driver-m2300w:amd64 0.51-15build2
2024-04-24 10:49:21 status installed printer-driver-m2300w:amd64 0.51-15build2
2024-04-24 10:49:21 configure printer-driver-pxljr:amd64 1.4+repack0-6build2 <none>
2024-04-24 10:49:21 status unpacked printer-driver-pxljr:amd64 1.4+repack0-6build2
2024-04-24 10:49:21 status half-configured printer-driver-pxljr:amd64 1.4+repack0-6build2
2024-04-24 10:49:21 status installed printer-driver-pxljr:amd64 1.4+repack0-6build2
2024-04-24 10:49:21 configure xserver-xorg-video-qxl:amd64 0.1.6-1build1 <none>
2024-04-24 10:49:21 status unpacked xserver-xorg-video-qxl:amd64 0.1.6-1build1
2024-04-24 10:49:21 status half-configured xserver-xorg-video-qxl:amd64 0.1.6-1build1
2024-04-24 10:49:21 status installed xserver-xorg-video-qxl:amd64 0.1.6-1build1
2024-04-24 10:49:21 configure xserver-xorg-video-amdgpu:amd64 23.0.0-1build1 <none>
2024-04-24 10:49:21 status unpacked xserver-xorg-video-amdgpu:amd64 23.0.0-1build1
2024-04-24 10:49:21 status half-configured xserver-xorg-video-amdgpu:amd64 23.0.0-1build1
2024-04-24 10:49:21 status installed xserver-xorg-video-amdgpu:amd64 23.0.0-1build1
2024-04-24 10:49:21 configure xserver-xorg:amd64 1:7.7+23ubuntu3 <none>
2024-04-24 10:49:21 status unpacked xserver-xorg:amd64 1:7.7+23ubuntu3
2024-04-24 10:49:21 status half-configured xserver-xorg:amd64 1:7.7+23ubuntu3
2024-04-24 10:49:21 status installed xserver-xorg:amd64 1:7.7+23ubuntu3
2024-04-24 10:49:21 configure xserver-xorg-video-nouveau:amd64 1:1.0.17-2build1 <none>
2024-04-24 10:49:21 status unpacked xserver-xorg-video-nouveau:amd64 1:1.0.17-2build1
2024-04-24 10:49:21 status half-configured xserver-xorg-video-nouveau:amd64 1:1.0.17-2build1
2024-04-24 10:49:21 status installed xserver-xorg-video-nouveau:amd64 1:1.0.17-2build1
2024-04-24 10:49:21 configure xserver-xorg-input-libinput:amd64 1.4.0-1build1 <none>
2024-04-24 10:49:21 status unpacked xserver-xorg-input-libinput:amd64 1.4.0-1build1
2024-04-24 10:49:21 status half-configured xserver-xorg-input-libinput:amd64 1.4.0-1build1
2024-04-24 10:49:21 status installed xserver-xorg-input-libinput:amd64 1.4.0-1build1
2024-04-24 10:49:21 configure printer-driver-sag-gdi:all 0.1-8 <none>
2024-04-24 10:49:21 status unpacked printer-driver-sag-gdi:all 0.1-8
2024-04-24 10:49:21 status half-configured printer-driver-sag-gdi:all 0.1-8
2024-04-24 10:49:21 status installed printer-driver-sag-gdi:all 0.1-8
2024-04-24 10:49:21 configure xserver-xorg-video-ati:amd64 1:22.0.0-1build1 <none>
2024-04-24 10:49:21 status unpacked xserver-xorg-video-ati:amd64 1:22.0.0-1build1
2024-04-24 10:49:21 status half-configured xserver-xorg-video-ati:amd64 1:22.0.0-1build1
2024-04-24 10:49:21 status installed xserver-xorg-video-ati:amd64 1:22.0.0-1build1
2024-04-24 10:49:21 configure printer-driver-pnm2ppa:amd64 1.13+nondbs-0ubuntu10 <none>
2024-04-24 10:49:21 status unpacked printer-driver-pnm2ppa:amd64 1.13+nondbs-0ubuntu10
2024-04-24 10:49:21 status half-configured printer-driver-pnm2ppa:amd64 1.13+nondbs-0ubuntu10
2024-04-24 10:49:21 status installed printer-driver-pnm2ppa:amd64 1.13+nondbs-0ubuntu10
2024-04-24 10:49:21 configure printer-driver-foo2zjs:amd64 20200505dfsg0-2ubuntu6 <none>
2024-04-24 10:49:21 status unpacked printer-driver-foo2zjs:amd64 20200505dfsg0-2ubuntu6
2024-04-24 10:49:21 status half-configured printer-driver-foo2zjs:amd64 20200505dfsg0-2ubuntu6
2024-04-24 10:49:21 status installed printer-driver-foo2zjs:amd64 20200505dfsg0-2ubuntu6
2024-04-24 10:49:21 configure xserver-xorg-video-all:amd64 1:7.7+23ubuntu3 <none>
2024-04-24 10:49:21 status unpacked xserver-xorg-video-all:amd64 1:7.7+23ubuntu3
2024-04-24 10:49:21 status half-configured xserver-xorg-video-all:amd64 1:7.7+23ubuntu3
2024-04-24 10:49:21 status installed xserver-xorg-video-all:amd64 1:7.7+23ubuntu3
2024-04-24 10:49:21 configure xserver-xorg-input-all:amd64 1:7.7+23ubuntu3 <none>
2024-04-24 10:49:21 status unpacked xserver-xorg-input-all:amd64 1:7.7+23ubuntu3
2024-04-24 10:49:21 status half-configured xserver-xorg-input-all:amd64 1:7.7+23ubuntu3
2024-04-24 10:49:21 status installed xserver-xorg-input-all:amd64 1:7.7+23ubuntu3
2024-04-24 10:49:21 configure apport-core-dump-handler:all 2.28.1-0ubuntu2 <none>
2024-04-24 10:49:21 status unpacked apport-core-dump-handler:all 2.28.1-0ubuntu2
2024-04-24 10:49:21 status half-configured apport-core-dump-handler:all 2.28.1-0ubuntu2
2024-04-24 10:49:21 status installed apport-core-dump-handler:all 2.28.1-0ubuntu2
2024-04-24 10:49:21 configure apport:all 2.28.1-0ubuntu2 <none>
2024-04-24 10:49:21 status unpacked apport:all 2.28.1-0ubuntu2
2024-04-24 10:49:21 status half-configured apport:all 2.28.1-0ubuntu2
2024-04-24 10:49:21 status installed apport:all 2.28.1-0ubuntu2
2024-04-24 10:49:21 configure language-pack-en:all 1:24.04+20240419 <none>
2024-04-24 10:49:21 status unpacked language-pack-en:all 1:24.04+20240419
2024-04-24 10:49:21 status half-configured language-pack-en:all 1:24.04+20240419
2024-04-24 10:49:21 status installed language-pack-en:all 1:24.04+20240419
2024-04-24 10:49:21 configure adwaita-icon-theme:all 46.0-1 <none>
2024-04-24 10:49:21 status unpacked adwaita-icon-theme:all 46.0-1
2024-04-24 10:49:21 status half-configured adwaita-icon-theme:all 46.0-1
2024-04-24 10:49:21 status installed adwaita-icon-theme:all 46.0-1
2024-04-24 10:49:21 configure libgtk2.0-0t64:amd64 2.24.33-4ubuntu1 <none>
2024-04-24 10:49:21 status unpacked libgtk2.0-0t64:amd64 2.24.33-4ubuntu1
2024-04-24 10:49:21 status half-configured libgtk2.0-0t64:amd64 2.24.33-4ubuntu1
2024-04-24 10:49:21 status installed libgtk2.0-0t64:amd64 2.24.33-4ubuntu1
2024-04-24 10:49:21 configure libgail18t64:amd64 2.24.33-4ubuntu1 <none>
2024-04-24 10:49:21 status unpacked libgail18t64:amd64 2.24.33-4ubuntu1
2024-04-24 10:49:21 status half-configured libgail18t64:amd64 2.24.33-4ubuntu1
2024-04-24 10:49:21 status installed libgail18t64:amd64 2.24.33-4ubuntu1
2024-04-24 10:49:21 configure language-pack-de:all 1:24.04+20240419 <none>
2024-04-24 10:49:21 status unpacked language-pack-de:all 1:24.04+20240419
2024-04-24 10:49:21 status half-configured language-pack-de:all 1:24.04+20240419
2024-04-24 10:49:21 status installed language-pack-de:all 1:24.04+20240419
2024-04-24 10:49:21 configure ibus-gtk:amd64 1.5.29-2 <none>
2024-04-24 10:49:21 status unpacked ibus-gtk:amd64 1.5.29-2
2024-04-24 10:49:21 status half-configured ibus-gtk:amd64 1.5.29-2
2024-04-24 10:49:21 status installed ibus-gtk:amd64 1.5.29-2
2024-04-24 10:49:21 configure libgtk2.0-bin:amd64 2.24.33-4ubuntu1 <none>
2024-04-24 10:49:21 status unpacked libgtk2.0-bin:amd64 2.24.33-4ubuntu1
2024-04-24 10:49:21 status half-configured libgtk2.0-bin:amd64 2.24.33-4ubuntu1
2024-04-24 10:49:21 status installed libgtk2.0-bin:amd64 2.24.33-4ubuntu1
2024-04-24 10:49:21 configure python3-update-manager:all 1:24.04.6 <none>
2024-04-24 10:49:21 status unpacked python3-update-manager:all 1:24.04.6
2024-04-24 10:49:21 status half-configured python3-update-manager:all 1:24.04.6
2024-04-24 10:49:22 status installed python3-update-manager:all 1:24.04.6
2024-04-24 10:49:22 configure language-pack-it:all 1:24.04+20240419 <none>
2024-04-24 10:49:22 status unpacked language-pack-it:all 1:24.04+20240419
2024-04-24 10:49:22 status half-configured language-pack-it:all 1:24.04+20240419
2024-04-24 10:49:22 status installed language-pack-it:all 1:24.04+20240419
2024-04-24 10:49:22 configure language-pack-fr:all 1:24.04+20240419 <none>
2024-04-24 10:49:22 status unpacked language-pack-fr:all 1:24.04+20240419
2024-04-24 10:49:22 status half-configured language-pack-fr:all 1:24.04+20240419
2024-04-24 10:49:22 status installed language-pack-fr:all 1:24.04+20240419
2024-04-24 10:49:22 configure language-pack-ru:all 1:24.04+20240419 <none>
2024-04-24 10:49:22 status unpacked language-pack-ru:all 1:24.04+20240419
2024-04-24 10:49:22 status half-configured language-pack-ru:all 1:24.04+20240419
2024-04-24 10:49:22 status installed language-pack-ru:all 1:24.04+20240419
2024-04-24 10:49:22 configure language-pack-gnome-it:all 1:24.04+20240419 <none>
2024-04-24 10:49:22 status unpacked language-pack-gnome-it:all 1:24.04+20240419
2024-04-24 10:49:22 status half-configured language-pack-gnome-it:all 1:24.04+20240419
2024-04-24 10:49:22 status installed language-pack-gnome-it:all 1:24.04+20240419
2024-04-24 10:49:22 configure language-pack-gnome-de:all 1:24.04+20240419 <none>
2024-04-24 10:49:22 status unpacked language-pack-gnome-de:all 1:24.04+20240419
2024-04-24 10:49:22 status half-configured language-pack-gnome-de:all 1:24.04+20240419
2024-04-24 10:49:22 status installed language-pack-gnome-de:all 1:24.04+20240419
2024-04-24 10:49:22 configure language-pack-zh-hans:all 1:24.04+20240419 <none>
2024-04-24 10:49:22 status unpacked language-pack-zh-hans:all 1:24.04+20240419
2024-04-24 10:49:22 status half-configured language-pack-zh-hans:all 1:24.04+20240419
2024-04-24 10:49:22 status installed language-pack-zh-hans:all 1:24.04+20240419
2024-04-24 10:49:22 configure libheif-plugin-aomdec:amd64 1.17.6-1ubuntu4 <none>
2024-04-24 10:49:22 status unpacked libheif-plugin-aomdec:amd64 1.17.6-1ubuntu4
2024-04-24 10:49:22 status half-configured libheif-plugin-aomdec:amd64 1.17.6-1ubuntu4
2024-04-24 10:49:22 status installed libheif-plugin-aomdec:amd64 1.17.6-1ubuntu4
2024-04-24 10:49:22 configure liblwp-protocol-https-perl:all 6.13-1 <none>
2024-04-24 10:49:22 status unpacked liblwp-protocol-https-perl:all 6.13-1
2024-04-24 10:49:22 status half-configured liblwp-protocol-https-perl:all 6.13-1
2024-04-24 10:49:22 status installed liblwp-protocol-https-perl:all 6.13-1
2024-04-24 10:49:22 configure libheif-plugin-libde265:amd64 1.17.6-1ubuntu4 <none>
2024-04-24 10:49:22 status unpacked libheif-plugin-libde265:amd64 1.17.6-1ubuntu4
2024-04-24 10:49:22 status half-configured libheif-plugin-libde265:amd64 1.17.6-1ubuntu4
2024-04-24 10:49:22 status installed libheif-plugin-libde265:amd64 1.17.6-1ubuntu4
2024-04-24 10:49:22 configure gtk2-engines-murrine:amd64 0.98.2-4 <none>
2024-04-24 10:49:22 status unpacked gtk2-engines-murrine:amd64 0.98.2-4
2024-04-24 10:49:22 status half-configured gtk2-engines-murrine:amd64 0.98.2-4
2024-04-24 10:49:22 status installed gtk2-engines-murrine:amd64 0.98.2-4
2024-04-24 10:49:22 configure language-pack-gnome-en:all 1:24.04+20240419 <none>
2024-04-24 10:49:22 status unpacked language-pack-gnome-en:all 1:24.04+20240419
2024-04-24 10:49:22 status half-configured language-pack-gnome-en:all 1:24.04+20240419
2024-04-24 10:49:22 status installed language-pack-gnome-en:all 1:24.04+20240419
2024-04-24 10:49:22 configure language-pack-en-base:all 1:24.04+20240419 <none>
2024-04-24 10:49:22 status unpacked language-pack-en-base:all 1:24.04+20240419
2024-04-24 10:49:22 status half-configured language-pack-en-base:all 1:24.04+20240419
2024-04-24 10:49:45 status installed language-pack-en-base:all 1:24.04+20240419
2024-04-24 10:49:45 configure language-pack-gnome-ru:all 1:24.04+20240419 <none>
2024-04-24 10:49:45 status unpacked language-pack-gnome-ru:all 1:24.04+20240419
2024-04-24 10:49:45 status half-configured language-pack-gnome-ru:all 1:24.04+20240419
2024-04-24 10:49:45 status installed language-pack-gnome-ru:all 1:24.04+20240419
2024-04-24 10:49:45 configure language-pack-pt:all 1:24.04+20240419 <none>
2024-04-24 10:49:45 status unpacked language-pack-pt:all 1:24.04+20240419
2024-04-24 10:49:45 status half-configured language-pack-pt:all 1:24.04+20240419
2024-04-24 10:49:45 status installed language-pack-pt:all 1:24.04+20240419
2024-04-24 10:49:45 configure language-pack-zh-hans-base:all 1:24.04+20240419 <none>
2024-04-24 10:49:45 status unpacked language-pack-zh-hans-base:all 1:24.04+20240419
2024-04-24 10:49:45 status half-configured language-pack-zh-hans-base:all 1:24.04+20240419
2024-04-24 10:49:48 status installed language-pack-zh-hans-base:all 1:24.04+20240419
2024-04-24 10:49:48 configure libwww-perl:all 6.76-1 <none>
2024-04-24 10:49:48 status unpacked libwww-perl:all 6.76-1
2024-04-24 10:49:48 status half-configured libwww-perl:all 6.76-1
2024-04-24 10:49:48 status installed libwww-perl:all 6.76-1
2024-04-24 10:49:48 configure language-pack-gnome-fr:all 1:24.04+20240419 <none>
2024-04-24 10:49:48 status unpacked language-pack-gnome-fr:all 1:24.04+20240419
2024-04-24 10:49:48 status half-configured language-pack-gnome-fr:all 1:24.04+20240419
2024-04-24 10:49:48 status installed language-pack-gnome-fr:all 1:24.04+20240419
2024-04-24 10:49:48 configure language-pack-es:all 1:24.04+20240419 <none>
2024-04-24 10:49:48 status unpacked language-pack-es:all 1:24.04+20240419
2024-04-24 10:49:48 status half-configured language-pack-es:all 1:24.04+20240419
2024-04-24 10:49:48 status installed language-pack-es:all 1:24.04+20240419
2024-04-24 10:49:48 configure libgail-common:amd64 2.24.33-4ubuntu1 <none>
2024-04-24 10:49:48 status unpacked libgail-common:amd64 2.24.33-4ubuntu1
2024-04-24 10:49:48 status half-configured libgail-common:amd64 2.24.33-4ubuntu1
2024-04-24 10:49:48 status installed libgail-common:amd64 2.24.33-4ubuntu1
2024-04-24 10:49:48 configure language-pack-de-base:all 1:24.04+20240419 <none>
2024-04-24 10:49:48 status unpacked language-pack-de-base:all 1:24.04+20240419
2024-04-24 10:49:48 status half-configured language-pack-de-base:all 1:24.04+20240419
2024-04-24 10:49:57 status installed language-pack-de-base:all 1:24.04+20240419
2024-04-24 10:49:57 configure libheif1:amd64 1.17.6-1ubuntu4 <none>
2024-04-24 10:49:57 status unpacked libheif1:amd64 1.17.6-1ubuntu4
2024-04-24 10:49:57 status half-configured libheif1:amd64 1.17.6-1ubuntu4
2024-04-24 10:49:57 status installed libheif1:amd64 1.17.6-1ubuntu4
2024-04-24 10:49:57 configure language-pack-gnome-fr-base:all 1:24.04+20240419 <none>
2024-04-24 10:49:57 status unpacked language-pack-gnome-fr-base:all 1:24.04+20240419
2024-04-24 10:49:57 status half-configured language-pack-gnome-fr-base:all 1:24.04+20240419
2024-04-24 10:49:57 status installed language-pack-gnome-fr-base:all 1:24.04+20240419
2024-04-24 10:49:57 configure language-pack-gnome-es:all 1:24.04+20240419 <none>
2024-04-24 10:49:57 status unpacked language-pack-gnome-es:all 1:24.04+20240419
2024-04-24 10:49:57 status half-configured language-pack-gnome-es:all 1:24.04+20240419
2024-04-24 10:49:57 status installed language-pack-gnome-es:all 1:24.04+20240419
2024-04-24 10:49:57 configure python3-distupgrade:all 1:24.04.16 <none>
2024-04-24 10:49:57 status unpacked python3-distupgrade:all 1:24.04.16
2024-04-24 10:49:57 status half-configured python3-distupgrade:all 1:24.04.16
2024-04-24 10:49:57 status installed python3-distupgrade:all 1:24.04.16
2024-04-24 10:49:57 configure language-pack-gnome-it-base:all 1:24.04+20240419 <none>
2024-04-24 10:49:57 status unpacked language-pack-gnome-it-base:all 1:24.04+20240419
2024-04-24 10:49:57 status half-configured language-pack-gnome-it-base:all 1:24.04+20240419
2024-04-24 10:49:57 status installed language-pack-gnome-it-base:all 1:24.04+20240419
2024-04-24 10:49:57 configure language-pack-gnome-de-base:all 1:24.04+20240419 <none>
2024-04-24 10:49:57 status unpacked language-pack-gnome-de-base:all 1:24.04+20240419
2024-04-24 10:49:57 status half-configured language-pack-gnome-de-base:all 1:24.04+20240419
2024-04-24 10:49:57 status installed language-pack-gnome-de-base:all 1:24.04+20240419
2024-04-24 10:49:57 configure humanity-icon-theme:all 0.6.16 <none>
2024-04-24 10:49:57 status unpacked humanity-icon-theme:all 0.6.16
2024-04-24 10:49:57 status half-configured humanity-icon-theme:all 0.6.16
2024-04-24 10:49:57 status installed humanity-icon-theme:all 0.6.16
2024-04-24 10:49:57 configure language-pack-gnome-es-base:all 1:24.04+20240419 <none>
2024-04-24 10:49:57 status unpacked language-pack-gnome-es-base:all 1:24.04+20240419
2024-04-24 10:49:57 status half-configured language-pack-gnome-es-base:all 1:24.04+20240419
2024-04-24 10:49:57 status installed language-pack-gnome-es-base:all 1:24.04+20240419
2024-04-24 10:49:57 configure language-pack-it-base:all 1:24.04+20240419 <none>
2024-04-24 10:49:57 status unpacked language-pack-it-base:all 1:24.04+20240419
2024-04-24 10:49:57 status half-configured language-pack-it-base:all 1:24.04+20240419
2024-04-24 10:50:00 status installed language-pack-it-base:all 1:24.04+20240419
2024-04-24 10:50:00 configure language-pack-gnome-zh-hans:all 1:24.04+20240419 <none>
2024-04-24 10:50:00 status unpacked language-pack-gnome-zh-hans:all 1:24.04+20240419
2024-04-24 10:50:00 status half-configured language-pack-gnome-zh-hans:all 1:24.04+20240419
2024-04-24 10:50:00 status installed language-pack-gnome-zh-hans:all 1:24.04+20240419
2024-04-24 10:50:00 configure libgd3:amd64 2.3.3-9ubuntu5 <none>
2024-04-24 10:50:00 status unpacked libgd3:amd64 2.3.3-9ubuntu5
2024-04-24 10:50:00 status half-configured libgd3:amd64 2.3.3-9ubuntu5
2024-04-24 10:50:00 status installed libgd3:amd64 2.3.3-9ubuntu5
2024-04-24 10:50:00 configure gtk2-engines-pixbuf:amd64 2.24.33-4ubuntu1 <none>
2024-04-24 10:50:00 status unpacked gtk2-engines-pixbuf:amd64 2.24.33-4ubuntu1
2024-04-24 10:50:00 status half-configured gtk2-engines-pixbuf:amd64 2.24.33-4ubuntu1
2024-04-24 10:50:00 status installed gtk2-engines-pixbuf:amd64 2.24.33-4ubuntu1
2024-04-24 10:50:00 configure ubuntu-release-upgrader-core:all 1:24.04.16 <none>
2024-04-24 10:50:00 status unpacked ubuntu-release-upgrader-core:all 1:24.04.16
2024-04-24 10:50:00 status half-configured ubuntu-release-upgrader-core:all 1:24.04.16
2024-04-24 10:50:00 status installed ubuntu-release-upgrader-core:all 1:24.04.16
2024-04-24 10:50:00 configure language-pack-fr-base:all 1:24.04+20240419 <none>
2024-04-24 10:50:00 status unpacked language-pack-fr-base:all 1:24.04+20240419
2024-04-24 10:50:00 status half-configured language-pack-fr-base:all 1:24.04+20240419
2024-04-24 10:50:07 status installed language-pack-fr-base:all 1:24.04+20240419
2024-04-24 10:50:07 configure update-manager-core:all 1:24.04.6 <none>
2024-04-24 10:50:07 status unpacked update-manager-core:all 1:24.04.6
2024-04-24 10:50:07 status half-configured update-manager-core:all 1:24.04.6
2024-04-24 10:50:07 status installed update-manager-core:all 1:24.04.6
2024-04-24 10:50:07 configure language-pack-ru-base:all 1:24.04+20240419 <none>
2024-04-24 10:50:07 status unpacked language-pack-ru-base:all 1:24.04+20240419
2024-04-24 10:50:07 status half-configured language-pack-ru-base:all 1:24.04+20240419
2024-04-24 10:50:09 status installed language-pack-ru-base:all 1:24.04+20240419
2024-04-24 10:50:09 configure language-pack-gnome-zh-hans-base:all 1:24.04+20240419 <none>
2024-04-24 10:50:09 status unpacked language-pack-gnome-zh-hans-base:all 1:24.04+20240419
2024-04-24 10:50:09 status half-configured language-pack-gnome-zh-hans-base:all 1:24.04+20240419
2024-04-24 10:50:09 status installed language-pack-gnome-zh-hans-base:all 1:24.04+20240419
2024-04-24 10:50:09 configure heif-gdk-pixbuf:amd64 1.17.6-1ubuntu4 <none>
2024-04-24 10:50:09 status unpacked heif-gdk-pixbuf:amd64 1.17.6-1ubuntu4
2024-04-24 10:50:09 status half-configured heif-gdk-pixbuf:amd64 1.17.6-1ubuntu4
2024-04-24 10:50:09 status installed heif-gdk-pixbuf:amd64 1.17.6-1ubuntu4
2024-04-24 10:50:09 configure language-pack-gnome-en-base:all 1:24.04+20240419 <none>
2024-04-24 10:50:09 status unpacked language-pack-gnome-en-base:all 1:24.04+20240419
2024-04-24 10:50:09 status half-configured language-pack-gnome-en-base:all 1:24.04+20240419
2024-04-24 10:50:09 status installed language-pack-gnome-en-base:all 1:24.04+20240419
2024-04-24 10:50:09 configure heif-thumbnailer:amd64 1.17.6-1ubuntu4 <none>
2024-04-24 10:50:09 status unpacked heif-thumbnailer:amd64 1.17.6-1ubuntu4
2024-04-24 10:50:09 status half-configured heif-thumbnailer:amd64 1.17.6-1ubuntu4
2024-04-24 10:50:09 status installed heif-thumbnailer:amd64 1.17.6-1ubuntu4
2024-04-24 10:50:09 configure language-pack-es-base:all 1:24.04+20240419 <none>
2024-04-24 10:50:09 status unpacked language-pack-es-base:all 1:24.04+20240419
2024-04-24 10:50:09 status half-configured language-pack-es-base:all 1:24.04+20240419
2024-04-24 10:50:36 status installed language-pack-es-base:all 1:24.04+20240419
2024-04-24 10:50:36 configure language-pack-gnome-pt:all 1:24.04+20240419 <none>
2024-04-24 10:50:36 status unpacked language-pack-gnome-pt:all 1:24.04+20240419
2024-04-24 10:50:36 status half-configured language-pack-gnome-pt:all 1:24.04+20240419
2024-04-24 10:50:36 status installed language-pack-gnome-pt:all 1:24.04+20240419
2024-04-24 10:50:36 configure language-pack-gnome-ru-base:all 1:24.04+20240419 <none>
2024-04-24 10:50:36 status unpacked language-pack-gnome-ru-base:all 1:24.04+20240419
2024-04-24 10:50:36 status half-configured language-pack-gnome-ru-base:all 1:24.04+20240419
2024-04-24 10:50:36 status installed language-pack-gnome-ru-base:all 1:24.04+20240419
2024-04-24 10:50:36 configure language-pack-pt-base:all 1:24.04+20240419 <none>
2024-04-24 10:50:36 status unpacked language-pack-pt-base:all 1:24.04+20240419
2024-04-24 10:50:36 status half-configured language-pack-pt-base:all 1:24.04+20240419
2024-04-24 10:50:39 status installed language-pack-pt-base:all 1:24.04+20240419
2024-04-24 10:50:39 configure libxml-parser-perl:amd64 2.47-1build3 <none>
2024-04-24 10:50:39 status unpacked libxml-parser-perl:amd64 2.47-1build3
2024-04-24 10:50:39 status half-configured libxml-parser-perl:amd64 2.47-1build3
2024-04-24 10:50:39 status installed libxml-parser-perl:amd64 2.47-1build3
2024-04-24 10:50:39 configure language-pack-gnome-pt-base:all 1:24.04+20240419 <none>
2024-04-24 10:50:39 status unpacked language-pack-gnome-pt-base:all 1:24.04+20240419
2024-04-24 10:50:39 status half-configured language-pack-gnome-pt-base:all 1:24.04+20240419
2024-04-24 10:50:39 status installed language-pack-gnome-pt-base:all 1:24.04+20240419
2024-04-24 10:50:39 configure libheif-plugin-aomenc:amd64 1.17.6-1ubuntu4 <none>
2024-04-24 10:50:39 status unpacked libheif-plugin-aomenc:amd64 1.17.6-1ubuntu4
2024-04-24 10:50:39 status half-configured libheif-plugin-aomenc:amd64 1.17.6-1ubuntu4
2024-04-24 10:50:39 status installed libheif-plugin-aomenc:amd64 1.17.6-1ubuntu4
2024-04-24 10:50:39 configure update-notifier-common:all 3.192.68build3 <none>
2024-04-24 10:50:39 status unpacked update-notifier-common:all 3.192.68build3
2024-04-24 10:50:39 status half-configured update-notifier-common:all 3.192.68build3
2024-04-24 10:50:39 status installed update-notifier-common:all 3.192.68build3
2024-04-24 10:50:39 configure ubuntu-mono:all 24.04-0ubuntu1 <none>
2024-04-24 10:50:39 status unpacked ubuntu-mono:all 24.04-0ubuntu1
2024-04-24 10:50:39 status half-configured ubuntu-mono:all 24.04-0ubuntu1
2024-04-24 10:50:39 status installed ubuntu-mono:all 24.04-0ubuntu1
2024-04-24 10:50:39 configure libxml-twig-perl:all 1:3.52-2 <none>
2024-04-24 10:50:39 status unpacked libxml-twig-perl:all 1:3.52-2
2024-04-24 10:50:39 status half-configured libxml-twig-perl:all 1:3.52-2
2024-04-24 10:50:39 status installed libxml-twig-perl:all 1:3.52-2
2024-04-24 10:50:39 configure libnet-dbus-perl:amd64 1.2.0-2build3 <none>
2024-04-24 10:50:39 status unpacked libnet-dbus-perl:amd64 1.2.0-2build3
2024-04-24 10:50:39 status half-configured libnet-dbus-perl:amd64 1.2.0-2build3
2024-04-24 10:50:39 status installed libnet-dbus-perl:amd64 1.2.0-2build3
2024-04-24 10:50:39 configure libm17n-0:amd64 1.8.4-1build2 <none>
2024-04-24 10:50:39 status unpacked libm17n-0:amd64 1.8.4-1build2
2024-04-24 10:50:39 status half-configured libm17n-0:amd64 1.8.4-1build2
2024-04-24 10:50:39 status installed libm17n-0:amd64 1.8.4-1build2
2024-04-24 10:50:39 configure gnome-themes-extra:amd64 3.28-2ubuntu5 <none>
2024-04-24 10:50:39 status unpacked gnome-themes-extra:amd64 3.28-2ubuntu5
2024-04-24 10:50:39 status half-configured gnome-themes-extra:amd64 3.28-2ubuntu5
2024-04-24 10:50:39 status installed gnome-themes-extra:amd64 3.28-2ubuntu5
2024-04-24 10:50:40 configure libgphoto2-6t64:amd64 2.5.31-2.1build2 <none>
2024-04-24 10:50:40 status unpacked libgphoto2-6t64:amd64 2.5.31-2.1build2
2024-04-24 10:50:40 status half-configured libgphoto2-6t64:amd64 2.5.31-2.1build2
2024-04-24 10:50:40 status installed libgphoto2-6t64:amd64 2.5.31-2.1build2
2024-04-24 10:50:40 configure yaru-theme-gtk:all 24.04.2-0ubuntu1 <none>
2024-04-24 10:50:40 status unpacked yaru-theme-gtk:all 24.04.2-0ubuntu1
2024-04-24 10:50:40 status half-configured yaru-theme-gtk:all 24.04.2-0ubuntu1
2024-04-24 10:50:40 status installed yaru-theme-gtk:all 24.04.2-0ubuntu1
2024-04-24 10:50:40 configure libsane1:amd64 1.2.1-7build4 <none>
2024-04-24 10:50:40 status unpacked libsane1:amd64 1.2.1-7build4
2024-04-24 10:50:40 status half-configured libsane1:amd64 1.2.1-7build4
2024-04-24 10:50:40 status installed libsane1:amd64 1.2.1-7build4
2024-04-24 10:50:40 configure sane-utils:amd64 1.2.1-7build4 <none>
2024-04-24 10:50:40 status unpacked sane-utils:amd64 1.2.1-7build4
2024-04-24 10:50:40 status half-configured sane-utils:amd64 1.2.1-7build4
2024-04-24 10:50:40 status installed sane-utils:amd64 1.2.1-7build4
2024-04-24 10:50:41 trigproc libc-bin:amd64 2.39-0ubuntu8 <none>
2024-04-24 10:50:41 status half-configured libc-bin:amd64 2.39-0ubuntu8
2024-04-24 10:50:41 status installed libc-bin:amd64 2.39-0ubuntu8
2024-04-24 10:50:41 trigproc rsyslog:amd64 8.2312.0-3ubuntu9 <none>
2024-04-24 10:50:41 status half-configured rsyslog:amd64 8.2312.0-3ubuntu9
2024-04-24 10:50:41 status installed rsyslog:amd64 8.2312.0-3ubuntu9
2024-04-24 10:50:41 trigproc libglib2.0-0t64:amd64 2.80.0-6ubuntu1 <none>
2024-04-24 10:50:41 status half-configured libglib2.0-0t64:amd64 2.80.0-6ubuntu1
2024-04-24 10:50:41 status installed nautilus-data:all 1:46.0-0ubuntu2
2024-04-24 10:50:41 status installed mutter-common:all 46.0-1ubuntu9
2024-04-24 10:50:41 status installed libunity9:amd64 7.1.4+19.04.20190319-6build4
2024-04-24 10:50:41 status installed libnma-common:all 1.10.6-3build2
2024-04-24 10:50:41 status installed libgweather-4-common:all 4.4.2-1build1
2024-04-24 10:50:41 status installed libgtk-4-common:all 4.14.2+ds-1ubuntu1
2024-04-24 10:50:41 status installed libgtk-3-common:all 3.24.41-4ubuntu1
2024-04-24 10:50:41 status installed libgoa-1.0-common:all 3.50.0-4ubuntu2
2024-04-24 10:50:41 status installed libgnomekbd-common:all 3.28.1-1build3
2024-04-24 10:50:41 status installed libgdm1:amd64 46.0-2ubuntu1
2024-04-24 10:50:41 status installed ibus-data:all 1.5.29-2
2024-04-24 10:50:41 status installed gsettings-ubuntu-schemas:all 0.0.7+21.10.20210712-0ubuntu3
2024-04-24 10:50:41 status installed gsettings-desktop-schemas:all 46.0-1ubuntu2
2024-04-24 10:50:41 status installed gnome-shell-common:all 46.0-0ubuntu5
2024-04-24 10:50:41 status installed gnome-settings-daemon-common:all 46.0-1ubuntu1
2024-04-24 10:50:41 status installed gnome-control-center-data:all 1:46.0.1-1ubuntu7
2024-04-24 10:50:41 status installed evolution-data-server-common:all 3.52.0-1build3
2024-04-24 10:50:41 status installed libglib2.0-0t64:amd64 2.80.0-6ubuntu1
2024-04-24 10:50:41 trigproc dbus:amd64 1.14.10-4ubuntu4 <none>
2024-04-24 10:50:41 status half-configured dbus:amd64 1.14.10-4ubuntu4
2024-04-24 10:50:41 status installed dbus:amd64 1.14.10-4ubuntu4
2024-04-24 10:50:41 configure libgtk-3-0t64:amd64 3.24.41-4ubuntu1 <none>
2024-04-24 10:50:41 status triggers-pending libc-bin:amd64 2.39-0ubuntu8
2024-04-24 10:50:41 status unpacked libgtk-3-0t64:amd64 3.24.41-4ubuntu1
2024-04-24 10:50:41 status half-configured libgtk-3-0t64:amd64 3.24.41-4ubuntu1
2024-04-24 10:50:41 status installed libgtk-3-0t64:amd64 3.24.41-4ubuntu1
2024-04-24 10:50:41 trigproc shared-mime-info:amd64 2.4-4 <none>
2024-04-24 10:50:41 status half-configured shared-mime-info:amd64 2.4-4
2024-04-24 10:50:42 status installed shared-mime-info:amd64 2.4-4
2024-04-24 10:50:42 trigproc udev:amd64 255.4-1ubuntu8 <none>
2024-04-24 10:50:42 status half-configured udev:amd64 255.4-1ubuntu8
2024-04-24 10:50:43 status installed udev:amd64 255.4-1ubuntu8
2024-04-24 10:50:43 configure libgoa-1.0-0b:amd64 3.50.0-4ubuntu2 <none>
2024-04-24 10:50:43 status unpacked libgoa-1.0-0b:amd64 3.50.0-4ubuntu2
2024-04-24 10:50:43 status half-configured libgoa-1.0-0b:amd64 3.50.0-4ubuntu2
2024-04-24 10:50:43 status installed libgoa-1.0-0b:amd64 3.50.0-4ubuntu2
2024-04-24 10:50:43 configure spice-vdagent:amd64 0.22.1-4build3 <none>
2024-04-24 10:50:43 status unpacked spice-vdagent:amd64 0.22.1-4build3
2024-04-24 10:50:43 status half-configured spice-vdagent:amd64 0.22.1-4build3
2024-04-24 10:50:43 status installed spice-vdagent:amd64 0.22.1-4build3
2024-04-24 10:50:43 configure gvfs-libs:amd64 1.54.0-1ubuntu2 <none>
2024-04-24 10:50:43 status unpacked gvfs-libs:amd64 1.54.0-1ubuntu2
2024-04-24 10:50:43 status half-configured gvfs-libs:amd64 1.54.0-1ubuntu2
2024-04-24 10:50:43 status installed gvfs-libs:amd64 1.54.0-1ubuntu2
2024-04-24 10:50:43 configure at-spi2-core:amd64 2.52.0-1build1 <none>
2024-04-24 10:50:43 status unpacked at-spi2-core:amd64 2.52.0-1build1
2024-04-24 10:50:43 status half-configured at-spi2-core:amd64 2.52.0-1build1
2024-04-24 10:50:43 status installed at-spi2-core:amd64 2.52.0-1build1
2024-04-24 10:50:43 configure libwnck-3-0:amd64 43.0-3build4 <none>
2024-04-24 10:50:43 status unpacked libwnck-3-0:amd64 43.0-3build4
2024-04-24 10:50:43 status half-configured libwnck-3-0:amd64 43.0-3build4
2024-04-24 10:50:43 status installed libwnck-3-0:amd64 43.0-3build4
2024-04-24 10:50:43 configure libpeas-1.0-0:amd64 1.36.0-3build4 <none>
2024-04-24 10:50:43 status unpacked libpeas-1.0-0:amd64 1.36.0-3build4
2024-04-24 10:50:43 status half-configured libpeas-1.0-0:amd64 1.36.0-3build4
2024-04-24 10:50:43 status installed libpeas-1.0-0:amd64 1.36.0-3build4
2024-04-24 10:50:43 configure libgtk-4-1:amd64 4.14.2+ds-1ubuntu1 <none>
2024-04-24 10:50:43 status unpacked libgtk-4-1:amd64 4.14.2+ds-1ubuntu1
2024-04-24 10:50:43 status half-configured libgtk-4-1:amd64 4.14.2+ds-1ubuntu1
2024-04-24 10:50:43 status installed libgtk-4-1:amd64 4.14.2+ds-1ubuntu1
2024-04-24 10:50:43 configure libgtk-4-bin:amd64 4.14.2+ds-1ubuntu1 <none>
2024-04-24 10:50:43 status unpacked libgtk-4-bin:amd64 4.14.2+ds-1ubuntu1
2024-04-24 10:50:43 status half-configured libgtk-4-bin:amd64 4.14.2+ds-1ubuntu1
2024-04-24 10:50:43 status installed libgtk-4-bin:amd64 4.14.2+ds-1ubuntu1
2024-04-24 10:50:43 configure ibus-gtk4:amd64 1.5.29-2 <none>
2024-04-24 10:50:43 status unpacked ibus-gtk4:amd64 1.5.29-2
2024-04-24 10:50:43 status half-configured ibus-gtk4:amd64 1.5.29-2
2024-04-24 10:50:43 status installed ibus-gtk4:amd64 1.5.29-2
2024-04-24 10:50:43 configure gir1.2-gdm-1.0:amd64 46.0-2ubuntu1 <none>
2024-04-24 10:50:43 status unpacked gir1.2-gdm-1.0:amd64 46.0-2ubuntu1
2024-04-24 10:50:43 status half-configured gir1.2-gdm-1.0:amd64 46.0-2ubuntu1
2024-04-24 10:50:43 status installed gir1.2-gdm-1.0:amd64 46.0-2ubuntu1
2024-04-24 10:50:43 configure glib-networking:amd64 2.80.0-1build1 <none>
2024-04-24 10:50:43 status unpacked glib-networking:amd64 2.80.0-1build1
2024-04-24 10:50:43 status half-configured glib-networking:amd64 2.80.0-1build1
2024-04-24 10:50:43 status installed glib-networking:amd64 2.80.0-1build1
2024-04-24 10:50:43 trigproc install-info:amd64 7.1-3build2 <none>
2024-04-24 10:50:43 status half-configured install-info:amd64 7.1-3build2
2024-04-24 10:50:43 status installed install-info:amd64 7.1-3build2
2024-04-24 10:50:43 configure ibus-gtk3:amd64 1.5.29-2 <none>
2024-04-24 10:50:43 status unpacked ibus-gtk3:amd64 1.5.29-2
2024-04-24 10:50:43 status half-configured ibus-gtk3:amd64 1.5.29-2
2024-04-24 10:50:43 status installed ibus-gtk3:amd64 1.5.29-2
2024-04-24 10:50:43 configure libdecor-0-plugin-1-gtk:amd64 0.2.2-1build2 <none>
2024-04-24 10:50:43 status unpacked libdecor-0-plugin-1-gtk:amd64 0.2.2-1build2
2024-04-24 10:50:43 status half-configured libdecor-0-plugin-1-gtk:amd64 0.2.2-1build2
2024-04-24 10:50:43 status installed libdecor-0-plugin-1-gtk:amd64 0.2.2-1build2
2024-04-24 10:50:43 configure xdg-user-dirs-gtk:amd64 0.11-1build2 <none>
2024-04-24 10:50:43 status unpacked xdg-user-dirs-gtk:amd64 0.11-1build2
2024-04-24 10:50:43 status half-configured xdg-user-dirs-gtk:amd64 0.11-1build2
2024-04-24 10:50:43 status installed xdg-user-dirs-gtk:amd64 0.11-1build2
2024-04-24 10:50:43 configure libportal-gtk4-1:amd64 0.7.1-5build5 <none>
2024-04-24 10:50:43 status unpacked libportal-gtk4-1:amd64 0.7.1-5build5
2024-04-24 10:50:43 status half-configured libportal-gtk4-1:amd64 0.7.1-5build5
2024-04-24 10:50:43 status installed libportal-gtk4-1:amd64 0.7.1-5build5
2024-04-24 10:50:43 configure libgspell-1-2:amd64 1.12.2-1build4 <none>
2024-04-24 10:50:43 status unpacked libgspell-1-2:amd64 1.12.2-1build4
2024-04-24 10:50:43 status half-configured libgspell-1-2:amd64 1.12.2-1build4
2024-04-24 10:50:43 status installed libgspell-1-2:amd64 1.12.2-1build4
2024-04-24 10:50:43 configure libhandy-1-0:amd64 1.8.3-1build2 <none>
2024-04-24 10:50:43 status unpacked libhandy-1-0:amd64 1.8.3-1build2
2024-04-24 10:50:43 status half-configured libhandy-1-0:amd64 1.8.3-1build2
2024-04-24 10:50:43 status installed libhandy-1-0:amd64 1.8.3-1build2
2024-04-24 10:50:43 configure gir1.2-gtk-4.0:amd64 4.14.2+ds-1ubuntu1 <none>
2024-04-24 10:50:43 status unpacked gir1.2-gtk-4.0:amd64 4.14.2+ds-1ubuntu1
2024-04-24 10:50:43 status half-configured gir1.2-gtk-4.0:amd64 4.14.2+ds-1ubuntu1
2024-04-24 10:50:43 status installed gir1.2-gtk-4.0:amd64 4.14.2+ds-1ubuntu1
2024-04-24 10:50:43 configure mousetweaks:amd64 3.32.0-4build2 <none>
2024-04-24 10:50:43 status unpacked mousetweaks:amd64 3.32.0-4build2
2024-04-24 10:50:43 status half-configured mousetweaks:amd64 3.32.0-4build2
2024-04-24 10:50:43 status installed mousetweaks:amd64 3.32.0-4build2
2024-04-24 10:50:43 configure xdg-desktop-portal-gtk:amd64 1.15.1-1build2 <none>
2024-04-24 10:50:43 status unpacked xdg-desktop-portal-gtk:amd64 1.15.1-1build2
2024-04-24 10:50:43 status half-configured xdg-desktop-portal-gtk:amd64 1.15.1-1build2
2024-04-24 10:50:43 status installed xdg-desktop-portal-gtk:amd64 1.15.1-1build2
2024-04-24 10:50:43 configure libgcr-ui-3-1:amd64 3.41.2-1build3 <none>
2024-04-24 10:50:43 status unpacked libgcr-ui-3-1:amd64 3.41.2-1build3
2024-04-24 10:50:43 status half-configured libgcr-ui-3-1:amd64 3.41.2-1build3
2024-04-24 10:50:43 status installed libgcr-ui-3-1:amd64 3.41.2-1build3
2024-04-24 10:50:43 configure libdbusmenu-gtk3-4:amd64 18.10.20180917~bzr492+repack1-3.1ubuntu5 <none>
2024-04-24 10:50:43 status unpacked libdbusmenu-gtk3-4:amd64 18.10.20180917~bzr492+repack1-3.1ubuntu5
2024-04-24 10:50:43 status half-configured libdbusmenu-gtk3-4:amd64 18.10.20180917~bzr492+repack1-3.1ubuntu5
2024-04-24 10:50:43 status installed libdbusmenu-gtk3-4:amd64 18.10.20180917~bzr492+repack1-3.1ubuntu5
2024-04-24 10:50:43 configure libgtksourceview-5-0:amd64 5.12.0-1build1 <none>
2024-04-24 10:50:43 status unpacked libgtksourceview-5-0:amd64 5.12.0-1build1
2024-04-24 10:50:43 status half-configured libgtksourceview-5-0:amd64 5.12.0-1build1
2024-04-24 10:50:43 status installed libgtksourceview-5-0:amd64 5.12.0-1build1
2024-04-24 10:50:43 configure libnma-gtk4-0:amd64 1.10.6-3build2 <none>
2024-04-24 10:50:43 status unpacked libnma-gtk4-0:amd64 1.10.6-3build2
2024-04-24 10:50:43 status half-configured libnma-gtk4-0:amd64 1.10.6-3build2
2024-04-24 10:50:43 status installed libnma-gtk4-0:amd64 1.10.6-3build2
2024-04-24 10:50:43 configure libcolord-gtk4-1t64:amd64 0.3.1-1build2 <none>
2024-04-24 10:50:43 status unpacked libcolord-gtk4-1t64:amd64 0.3.1-1build2
2024-04-24 10:50:43 status half-configured libcolord-gtk4-1t64:amd64 0.3.1-1build2
2024-04-24 10:50:43 status installed libcolord-gtk4-1t64:amd64 0.3.1-1build2
2024-04-24 10:50:43 configure libevdocument3-4t64:amd64 46.0-1build1 <none>
2024-04-24 10:50:43 status unpacked libevdocument3-4t64:amd64 46.0-1build1
2024-04-24 10:50:43 status half-configured libevdocument3-4t64:amd64 46.0-1build1
2024-04-24 10:50:43 status installed libevdocument3-4t64:amd64 46.0-1build1
2024-04-24 10:50:43 configure libnma0:amd64 1.10.6-3build2 <none>
2024-04-24 10:50:43 status unpacked libnma0:amd64 1.10.6-3build2
2024-04-24 10:50:43 status half-configured libnma0:amd64 1.10.6-3build2
2024-04-24 10:50:43 status installed libnma0:amd64 1.10.6-3build2
2024-04-24 10:50:43 configure libsoup-3.0-0:amd64 3.4.4-5build2 <none>
2024-04-24 10:50:43 status unpacked libsoup-3.0-0:amd64 3.4.4-5build2
2024-04-24 10:50:43 status half-configured libsoup-3.0-0:amd64 3.4.4-5build2
2024-04-24 10:50:43 status installed libsoup-3.0-0:amd64 3.4.4-5build2
2024-04-24 10:50:43 configure gir1.2-gtk-3.0:amd64 3.24.41-4ubuntu1 <none>
2024-04-24 10:50:43 status unpacked gir1.2-gtk-3.0:amd64 3.24.41-4ubuntu1
2024-04-24 10:50:43 status half-configured gir1.2-gtk-3.0:amd64 3.24.41-4ubuntu1
2024-04-24 10:50:43 status installed gir1.2-gtk-3.0:amd64 3.24.41-4ubuntu1
2024-04-24 10:50:43 configure libgtk-3-bin:amd64 3.24.41-4ubuntu1 <none>
2024-04-24 10:50:43 status unpacked libgtk-3-bin:amd64 3.24.41-4ubuntu1
2024-04-24 10:50:43 status half-configured libgtk-3-bin:amd64 3.24.41-4ubuntu1
2024-04-24 10:50:43 status installed libgtk-3-bin:amd64 3.24.41-4ubuntu1
2024-04-24 10:50:43 configure geoclue-2.0:amd64 2.7.0-3ubuntu7 <none>
2024-04-24 10:50:43 status unpacked geoclue-2.0:amd64 2.7.0-3ubuntu7
2024-04-24 10:50:43 status half-configured geoclue-2.0:amd64 2.7.0-3ubuntu7
2024-04-24 10:50:43 status installed geoclue-2.0:amd64 2.7.0-3ubuntu7
2024-04-24 10:50:43 configure gir1.2-nma4-1.0:amd64 1.10.6-3build2 <none>
2024-04-24 10:50:43 status unpacked gir1.2-nma4-1.0:amd64 1.10.6-3build2
2024-04-24 10:50:43 status half-configured gir1.2-nma4-1.0:amd64 1.10.6-3build2
2024-04-24 10:50:43 status installed gir1.2-nma4-1.0:amd64 1.10.6-3build2
2024-04-24 10:50:43 configure libadwaita-1-0:amd64 1.5.0-1ubuntu2 <none>
2024-04-24 10:50:43 status unpacked libadwaita-1-0:amd64 1.5.0-1ubuntu2
2024-04-24 10:50:43 status half-configured libadwaita-1-0:amd64 1.5.0-1ubuntu2
2024-04-24 10:50:43 status installed libadwaita-1-0:amd64 1.5.0-1ubuntu2
2024-04-24 10:50:43 configure libvte-2.91-0:amd64 0.76.0-1 <none>
2024-04-24 10:50:43 status unpacked libvte-2.91-0:amd64 0.76.0-1
2024-04-24 10:50:43 status half-configured libvte-2.91-0:amd64 0.76.0-1
2024-04-24 10:50:43 status installed libvte-2.91-0:amd64 0.76.0-1
2024-04-24 10:50:43 configure libayatana-ido3-0.4-0:amd64 0.10.1-1build2 <none>
2024-04-24 10:50:43 status unpacked libayatana-ido3-0.4-0:amd64 0.10.1-1build2
2024-04-24 10:50:43 status half-configured libayatana-ido3-0.4-0:amd64 0.10.1-1build2
2024-04-24 10:50:43 status installed libayatana-ido3-0.4-0:amd64 0.10.1-1build2
2024-04-24 10:50:43 configure zenity:amd64 4.0.1-1build3 <none>
2024-04-24 10:50:43 status unpacked zenity:amd64 4.0.1-1build3
2024-04-24 10:50:43 status half-configured zenity:amd64 4.0.1-1build3
2024-04-24 10:50:43 status installed zenity:amd64 4.0.1-1build3
2024-04-24 10:50:43 configure libgnome-desktop-3-20t64:amd64 44.0-5build2 <none>
2024-04-24 10:50:43 status unpacked libgnome-desktop-3-20t64:amd64 44.0-5build2
2024-04-24 10:50:43 status half-configured libgnome-desktop-3-20t64:amd64 44.0-5build2
2024-04-24 10:50:43 status installed libgnome-desktop-3-20t64:amd64 44.0-5build2
2024-04-24 10:50:43 configure ubuntu-settings:all 24.04.3 <none>
2024-04-24 10:50:43 status unpacked ubuntu-settings:all 24.04.3
2024-04-24 10:50:43 status half-configured ubuntu-settings:all 24.04.3
2024-04-24 10:50:43 status installed ubuntu-settings:all 24.04.3
2024-04-24 10:50:43 configure gnome-font-viewer:amd64 46.0-1build1 <none>
2024-04-24 10:50:43 status unpacked gnome-font-viewer:amd64 46.0-1build1
2024-04-24 10:50:43 status half-configured gnome-font-viewer:amd64 46.0-1build1
2024-04-24 10:50:43 status installed gnome-font-viewer:amd64 46.0-1build1
2024-04-24 10:50:43 configure gvfs-daemons:amd64 1.54.0-1ubuntu2 <none>
2024-04-24 10:50:43 status unpacked gvfs-daemons:amd64 1.54.0-1ubuntu2
2024-04-24 10:50:43 status half-configured gvfs-daemons:amd64 1.54.0-1ubuntu2
2024-04-24 10:50:43 status installed gvfs-daemons:amd64 1.54.0-1ubuntu2
2024-04-24 10:50:43 configure gcr:amd64 3.41.2-1build3 <none>
2024-04-24 10:50:43 status unpacked gcr:amd64 3.41.2-1build3
2024-04-24 10:50:43 status half-configured gcr:amd64 3.41.2-1build3
2024-04-24 10:50:43 status installed gcr:amd64 3.41.2-1build3
2024-04-24 10:50:43 configure gir1.2-peas-1.0:amd64 1.36.0-3build4 <none>
2024-04-24 10:50:43 status unpacked gir1.2-peas-1.0:amd64 1.36.0-3build4
2024-04-24 10:50:43 status half-configured gir1.2-peas-1.0:amd64 1.36.0-3build4
2024-04-24 10:50:43 status installed gir1.2-peas-1.0:amd64 1.36.0-3build4
2024-04-24 10:50:43 configure gir1.2-wnck-3.0:amd64 43.0-3build4 <none>
2024-04-24 10:50:43 status unpacked gir1.2-wnck-3.0:amd64 43.0-3build4
2024-04-24 10:50:43 status half-configured gir1.2-wnck-3.0:amd64 43.0-3build4
2024-04-24 10:50:43 status installed gir1.2-wnck-3.0:amd64 43.0-3build4
2024-04-24 10:50:43 configure gnome-power-manager:amd64 43.0-2build2 <none>
2024-04-24 10:50:43 status unpacked gnome-power-manager:amd64 43.0-2build2
2024-04-24 10:50:43 status half-configured gnome-power-manager:amd64 43.0-2build2
2024-04-24 10:50:43 status installed gnome-power-manager:amd64 43.0-2build2
2024-04-24 10:50:43 configure libgssdp-1.6-0:amd64 1.6.3-1build3 <none>
2024-04-24 10:50:43 status unpacked libgssdp-1.6-0:amd64 1.6.3-1build3
2024-04-24 10:50:43 status half-configured libgssdp-1.6-0:amd64 1.6.3-1build3
2024-04-24 10:50:43 status installed libgssdp-1.6-0:amd64 1.6.3-1build3
2024-04-24 10:50:43 configure libgnome-desktop-4-2t64:amd64 44.0-5build2 <none>
2024-04-24 10:50:43 status unpacked libgnome-desktop-4-2t64:amd64 44.0-5build2
2024-04-24 10:50:43 status half-configured libgnome-desktop-4-2t64:amd64 44.0-5build2
2024-04-24 10:50:43 status installed libgnome-desktop-4-2t64:amd64 44.0-5build2
2024-04-24 10:50:43 configure libgnomekbd8:amd64 3.28.1-1build3 <none>
2024-04-24 10:50:43 status unpacked libgnomekbd8:amd64 3.28.1-1build3
2024-04-24 10:50:43 status half-configured libgnomekbd8:amd64 3.28.1-1build3
2024-04-24 10:50:43 status installed libgnomekbd8:amd64 3.28.1-1build3
2024-04-24 10:50:43 configure pinentry-gnome3:amd64 1.2.1-3ubuntu5 <none>
2024-04-24 10:50:43 status unpacked pinentry-gnome3:amd64 1.2.1-3ubuntu5
2024-04-24 10:50:43 status half-configured pinentry-gnome3:amd64 1.2.1-3ubuntu5
2024-04-24 10:50:43 status installed pinentry-gnome3:amd64 1.2.1-3ubuntu5
2024-04-24 10:50:43 configure libcanberra-gtk3-0t64:amd64 0.30-10ubuntu10 <none>
2024-04-24 10:50:43 status unpacked libcanberra-gtk3-0t64:amd64 0.30-10ubuntu10
2024-04-24 10:50:43 status half-configured libcanberra-gtk3-0t64:amd64 0.30-10ubuntu10
2024-04-24 10:50:43 status installed libcanberra-gtk3-0t64:amd64 0.30-10ubuntu10
2024-04-24 10:50:43 configure gir1.2-gnomedesktop-3.0:amd64 44.0-5build2 <none>
2024-04-24 10:50:43 status unpacked gir1.2-gnomedesktop-3.0:amd64 44.0-5build2
2024-04-24 10:50:43 status half-configured gir1.2-gnomedesktop-3.0:amd64 44.0-5build2
2024-04-24 10:50:43 status installed gir1.2-gnomedesktop-3.0:amd64 44.0-5build2
2024-04-24 10:50:43 configure gnome-bluetooth-sendto:amd64 46.0-1build1 <none>
2024-04-24 10:50:43 status unpacked gnome-bluetooth-sendto:amd64 46.0-1build1
2024-04-24 10:50:43 status half-configured gnome-bluetooth-sendto:amd64 46.0-1build1
2024-04-24 10:50:43 status installed gnome-bluetooth-sendto:amd64 46.0-1build1
2024-04-24 10:50:43 configure tecla:amd64 46.0-1build1 <none>
2024-04-24 10:50:43 status unpacked tecla:amd64 46.0-1build1
2024-04-24 10:50:43 status half-configured tecla:amd64 46.0-1build1
2024-04-24 10:50:43 status installed tecla:amd64 46.0-1build1
2024-04-24 10:50:43 configure libgeocode-glib-2-0:amd64 3.26.3-6build3 <none>
2024-04-24 10:50:43 status unpacked libgeocode-glib-2-0:amd64 3.26.3-6build3
2024-04-24 10:50:43 status half-configured libgeocode-glib-2-0:amd64 3.26.3-6build3
2024-04-24 10:50:43 status installed libgeocode-glib-2-0:amd64 3.26.3-6build3
2024-04-24 10:50:43 configure libgtkmm-4.0-0:amd64 4.10.0-4build3 <none>
2024-04-24 10:50:43 status unpacked libgtkmm-4.0-0:amd64 4.10.0-4build3
2024-04-24 10:50:43 status half-configured libgtkmm-4.0-0:amd64 4.10.0-4build3
2024-04-24 10:50:43 status installed libgtkmm-4.0-0:amd64 4.10.0-4build3
2024-04-24 10:50:43 configure baobab:amd64 46.0-1build1 <none>
2024-04-24 10:50:43 status unpacked baobab:amd64 46.0-1build1
2024-04-24 10:50:43 status half-configured baobab:amd64 46.0-1build1
2024-04-24 10:50:43 status installed baobab:amd64 46.0-1build1
2024-04-24 10:50:43 configure mutter-common-bin:amd64 46.0-1ubuntu9 <none>
2024-04-24 10:50:43 status unpacked mutter-common-bin:amd64 46.0-1ubuntu9
2024-04-24 10:50:43 status half-configured mutter-common-bin:amd64 46.0-1ubuntu9
2024-04-24 10:50:43 status installed mutter-common-bin:amd64 46.0-1ubuntu9
2024-04-24 10:50:43 configure libgnome-bluetooth-ui-3.0-13:amd64 46.0-1build1 <none>
2024-04-24 10:50:43 status unpacked libgnome-bluetooth-ui-3.0-13:amd64 46.0-1build1
2024-04-24 10:50:43 status half-configured libgnome-bluetooth-ui-3.0-13:amd64 46.0-1build1
2024-04-24 10:50:43 status installed libgnome-bluetooth-ui-3.0-13:amd64 46.0-1build1
2024-04-24 10:50:43 configure gir1.2-soup-3.0:amd64 3.4.4-5build2 <none>
2024-04-24 10:50:43 status unpacked gir1.2-soup-3.0:amd64 3.4.4-5build2
2024-04-24 10:50:43 status half-configured gir1.2-soup-3.0:amd64 3.4.4-5build2
2024-04-24 10:50:43 status installed gir1.2-soup-3.0:amd64 3.4.4-5build2
2024-04-24 10:50:43 configure gir1.2-handy-1:amd64 1.8.3-1build2 <none>
2024-04-24 10:50:43 status unpacked gir1.2-handy-1:amd64 1.8.3-1build2
2024-04-24 10:50:43 status half-configured gir1.2-handy-1:amd64 1.8.3-1build2
2024-04-24 10:50:43 status installed gir1.2-handy-1:amd64 1.8.3-1build2
2024-04-24 10:50:43 configure librest-1.0-0:amd64 0.9.1-6build3 <none>
2024-04-24 10:50:43 status unpacked librest-1.0-0:amd64 0.9.1-6build3
2024-04-24 10:50:43 status half-configured librest-1.0-0:amd64 0.9.1-6build3
2024-04-24 10:50:43 status installed librest-1.0-0:amd64 0.9.1-6build3
2024-04-24 10:50:43 configure libgnome-rr-4-2t64:amd64 44.0-5build2 <none>
2024-04-24 10:50:43 status unpacked libgnome-rr-4-2t64:amd64 44.0-5build2
2024-04-24 10:50:43 status half-configured libgnome-rr-4-2t64:amd64 44.0-5build2
2024-04-24 10:50:43 status installed libgnome-rr-4-2t64:amd64 44.0-5build2
2024-04-24 10:50:43 configure libsnapd-glib-2-1:amd64 1.64-0ubuntu5 <none>
2024-04-24 10:50:43 status unpacked libsnapd-glib-2-1:amd64 1.64-0ubuntu5
2024-04-24 10:50:43 status half-configured libsnapd-glib-2-1:amd64 1.64-0ubuntu5
2024-04-24 10:50:43 status installed libsnapd-glib-2-1:amd64 1.64-0ubuntu5
2024-04-24 10:50:43 configure libgtk-4-media-gstreamer:amd64 4.14.2+ds-1ubuntu1 <none>
2024-04-24 10:50:43 status unpacked libgtk-4-media-gstreamer:amd64 4.14.2+ds-1ubuntu1
2024-04-24 10:50:43 status half-configured libgtk-4-media-gstreamer:amd64 4.14.2+ds-1ubuntu1
2024-04-24 10:50:43 status installed libgtk-4-media-gstreamer:amd64 4.14.2+ds-1ubuntu1
2024-04-24 10:50:43 configure ibus:amd64 1.5.29-2 <none>
2024-04-24 10:50:43 status unpacked ibus:amd64 1.5.29-2
2024-04-24 10:50:43 status half-configured ibus:amd64 1.5.29-2
2024-04-24 10:50:44 status installed ibus:amd64 1.5.29-2
2024-04-24 10:50:44 configure gnome-text-editor:amd64 46.1-1 <none>
2024-04-24 10:50:44 status unpacked gnome-text-editor:amd64 46.1-1
2024-04-24 10:50:44 status half-configured gnome-text-editor:amd64 46.1-1
2024-04-24 10:50:44 status installed gnome-text-editor:amd64 46.1-1
2024-04-24 10:50:44 configure gnome-disk-utility:amd64 46.0-1ubuntu3 <none>
2024-04-24 10:50:44 status unpacked gnome-disk-utility:amd64 46.0-1ubuntu3
2024-04-24 10:50:44 status half-configured gnome-disk-utility:amd64 46.0-1ubuntu3
2024-04-24 10:50:44 status installed gnome-disk-utility:amd64 46.0-1ubuntu3
2024-04-24 10:50:44 configure libsoup-2.4-1:amd64 2.74.3-6ubuntu1 <none>
2024-04-24 10:50:44 status unpacked libsoup-2.4-1:amd64 2.74.3-6ubuntu1
2024-04-24 10:50:44 status half-configured libsoup-2.4-1:amd64 2.74.3-6ubuntu1
2024-04-24 10:50:44 status installed libsoup-2.4-1:amd64 2.74.3-6ubuntu1
2024-04-24 10:50:44 configure gir1.2-vte-2.91:amd64 0.76.0-1 <none>
2024-04-24 10:50:44 status unpacked gir1.2-vte-2.91:amd64 0.76.0-1
2024-04-24 10:50:44 status half-configured gir1.2-vte-2.91:amd64 0.76.0-1
2024-04-24 10:50:44 status installed gir1.2-vte-2.91:amd64 0.76.0-1
2024-04-24 10:50:44 configure gir1.2-gnomedesktop-4.0:amd64 44.0-5build2 <none>
2024-04-24 10:50:44 status unpacked gir1.2-gnomedesktop-4.0:amd64 44.0-5build2
2024-04-24 10:50:44 status half-configured gir1.2-gnomedesktop-4.0:amd64 44.0-5build2
2024-04-24 10:50:44 status installed gir1.2-gnomedesktop-4.0:amd64 44.0-5build2
2024-04-24 10:50:44 configure libgoa-backend-1.0-2:amd64 3.50.0-4ubuntu2 <none>
2024-04-24 10:50:44 status unpacked libgoa-backend-1.0-2:amd64 3.50.0-4ubuntu2
2024-04-24 10:50:44 status half-configured libgoa-backend-1.0-2:amd64 3.50.0-4ubuntu2
2024-04-24 10:50:44 status installed libgoa-backend-1.0-2:amd64 3.50.0-4ubuntu2
2024-04-24 10:50:44 configure ibus-libpinyin:amd64 1.15.7-1build2 <none>
2024-04-24 10:50:44 status unpacked ibus-libpinyin:amd64 1.15.7-1build2
2024-04-24 10:50:44 status half-configured ibus-libpinyin:amd64 1.15.7-1build2
2024-04-24 10:50:44 status installed ibus-libpinyin:amd64 1.15.7-1build2
2024-04-24 10:50:44 configure libayatana-indicator3-7:amd64 0.9.4-1build1 <none>
2024-04-24 10:50:44 status unpacked libayatana-indicator3-7:amd64 0.9.4-1build1
2024-04-24 10:50:44 status half-configured libayatana-indicator3-7:amd64 0.9.4-1build1
2024-04-24 10:50:44 status installed libayatana-indicator3-7:amd64 0.9.4-1build1
2024-04-24 10:50:44 configure libgtk3-perl:all 0.038-3 <none>
2024-04-24 10:50:44 status unpacked libgtk3-perl:all 0.038-3
2024-04-24 10:50:44 status half-configured libgtk3-perl:all 0.038-3
2024-04-24 10:50:44 status installed libgtk3-perl:all 0.038-3
2024-04-24 10:50:44 configure eog:amd64 45.3-1ubuntu2 <none>
2024-04-24 10:50:44 status unpacked eog:amd64 45.3-1ubuntu2
2024-04-24 10:50:44 status half-configured eog:amd64 45.3-1ubuntu2
2024-04-24 10:50:44 status installed eog:amd64 45.3-1ubuntu2
2024-04-24 10:50:44 configure libgdata22:amd64 0.18.1-6build2 <none>
2024-04-24 10:50:44 status unpacked libgdata22:amd64 0.18.1-6build2
2024-04-24 10:50:44 status half-configured libgdata22:amd64 0.18.1-6build2
2024-04-24 10:50:44 status installed libgdata22:amd64 0.18.1-6build2
2024-04-24 10:50:44 configure libedataserver-1.2-27t64:amd64 3.52.0-1build3 <none>
2024-04-24 10:50:44 status unpacked libedataserver-1.2-27t64:amd64 3.52.0-1build3
2024-04-24 10:50:44 status half-configured libedataserver-1.2-27t64:amd64 3.52.0-1build3
2024-04-24 10:50:44 status installed libedataserver-1.2-27t64:amd64 3.52.0-1build3
2024-04-24 10:50:44 configure gnome-calculator:amd64 1:46.0-1ubuntu1 <none>
2024-04-24 10:50:44 status unpacked gnome-calculator:amd64 1:46.0-1ubuntu1
2024-04-24 10:50:44 status half-configured gnome-calculator:amd64 1:46.0-1ubuntu1
2024-04-24 10:50:44 status installed gnome-calculator:amd64 1:46.0-1ubuntu1
2024-04-24 10:50:44 configure libgweather-4-0t64:amd64 4.4.2-1build1 <none>
2024-04-24 10:50:44 status unpacked libgweather-4-0t64:amd64 4.4.2-1build1
2024-04-24 10:50:44 status half-configured libgweather-4-0t64:amd64 4.4.2-1build1
2024-04-24 10:50:44 status installed libgweather-4-0t64:amd64 4.4.2-1build1
2024-04-24 10:50:44 configure gnome-terminal:amd64 3.52.0-1ubuntu2 <none>
2024-04-24 10:50:44 status unpacked gnome-terminal:amd64 3.52.0-1ubuntu2
2024-04-24 10:50:44 status half-configured gnome-terminal:amd64 3.52.0-1ubuntu2
2024-04-24 10:50:44 status installed gnome-terminal:amd64 3.52.0-1ubuntu2
2024-04-24 10:50:44 configure system-config-printer-common:all 1.5.18-1ubuntu9 <none>
2024-04-24 10:50:44 status unpacked system-config-printer-common:all 1.5.18-1ubuntu9
2024-04-24 10:50:44 status triggers-pending dbus:amd64 1.14.10-4ubuntu4
2024-04-24 10:50:44 status half-configured system-config-printer-common:all 1.5.18-1ubuntu9
2024-04-24 10:50:44 status installed system-config-printer-common:all 1.5.18-1ubuntu9
2024-04-24 10:50:44 configure libgeoclue-2-0:amd64 2.7.0-3ubuntu7 <none>
2024-04-24 10:50:44 status unpacked libgeoclue-2-0:amd64 2.7.0-3ubuntu7
2024-04-24 10:50:44 status half-configured libgeoclue-2-0:amd64 2.7.0-3ubuntu7
2024-04-24 10:50:44 status installed libgeoclue-2-0:amd64 2.7.0-3ubuntu7
2024-04-24 10:50:44 configure gvfs:amd64 1.54.0-1ubuntu2 <none>
2024-04-24 10:50:44 status unpacked gvfs:amd64 1.54.0-1ubuntu2
2024-04-24 10:50:44 status half-configured gvfs:amd64 1.54.0-1ubuntu2
2024-04-24 10:50:44 status installed gvfs:amd64 1.54.0-1ubuntu2
2024-04-24 10:50:44 configure gnome-keyring:amd64 46.1-2build1 <none>
2024-04-24 10:50:44 status unpacked gnome-keyring:amd64 46.1-2build1
2024-04-24 10:50:44 status half-configured gnome-keyring:amd64 46.1-2build1
2024-04-24 10:50:44 status installed gnome-keyring:amd64 46.1-2build1
2024-04-24 10:50:44 configure libmsgraph-0-1:amd64 0.2.1-0ubuntu3 <none>
2024-04-24 10:50:44 status unpacked libmsgraph-0-1:amd64 0.2.1-0ubuntu3
2024-04-24 10:50:44 status half-configured libmsgraph-0-1:amd64 0.2.1-0ubuntu3
2024-04-24 10:50:44 status installed libmsgraph-0-1:amd64 0.2.1-0ubuntu3
2024-04-24 10:50:44 configure ibus-chewing:amd64 2.0.0-1build2 <none>
2024-04-24 10:50:44 status unpacked ibus-chewing:amd64 2.0.0-1build2
2024-04-24 10:50:44 status half-configured ibus-chewing:amd64 2.0.0-1build2
2024-04-24 10:50:44 status installed ibus-chewing:amd64 2.0.0-1build2
2024-04-24 10:50:44 configure libevview3-3t64:amd64 46.0-1build1 <none>
2024-04-24 10:50:44 status unpacked libevview3-3t64:amd64 46.0-1build1
2024-04-24 10:50:44 status half-configured libevview3-3t64:amd64 46.0-1build1
2024-04-24 10:50:44 status installed libevview3-3t64:amd64 46.0-1build1
2024-04-24 10:50:44 configure gnome-session-canberra:amd64 0.30-10ubuntu10 <none>
2024-04-24 10:50:44 status unpacked gnome-session-canberra:amd64 0.30-10ubuntu10
2024-04-24 10:50:44 status half-configured gnome-session-canberra:amd64 0.30-10ubuntu10
2024-04-24 10:50:44 status installed gnome-session-canberra:amd64 0.30-10ubuntu10
2024-04-24 10:50:44 configure gnome-online-accounts:amd64 3.50.0-4ubuntu2 <none>
2024-04-24 10:50:44 status unpacked gnome-online-accounts:amd64 3.50.0-4ubuntu2
2024-04-24 10:50:44 status half-configured gnome-online-accounts:amd64 3.50.0-4ubuntu2
2024-04-24 10:50:44 status installed gnome-online-accounts:amd64 3.50.0-4ubuntu2
2024-04-24 10:50:44 configure gjs:amd64 1.80.2-1build2 <none>
2024-04-24 10:50:44 status unpacked gjs:amd64 1.80.2-1build2
2024-04-24 10:50:44 status half-configured gjs:amd64 1.80.2-1build2
2024-04-24 10:50:44 status installed gjs:amd64 1.80.2-1build2
2024-04-24 10:50:44 configure gstreamer1.0-plugins-good:amd64 1.24.2-1ubuntu1 <none>
2024-04-24 10:50:44 status unpacked gstreamer1.0-plugins-good:amd64 1.24.2-1ubuntu1
2024-04-24 10:50:44 status half-configured gstreamer1.0-plugins-good:amd64 1.24.2-1ubuntu1
2024-04-24 10:50:44 status installed gstreamer1.0-plugins-good:amd64 1.24.2-1ubuntu1
2024-04-24 10:50:44 configure libtracker-sparql-3.0-0:amd64 3.7.1-1build1 <none>
2024-04-24 10:50:44 status unpacked libtracker-sparql-3.0-0:amd64 3.7.1-1build1
2024-04-24 10:50:44 status half-configured libtracker-sparql-3.0-0:amd64 3.7.1-1build1
2024-04-24 10:50:44 status installed libtracker-sparql-3.0-0:amd64 3.7.1-1build1
2024-04-24 10:50:44 configure gcr4:amd64 4.2.0-5 <none>
2024-04-24 10:50:44 status unpacked gcr4:amd64 4.2.0-5
2024-04-24 10:50:44 status half-configured gcr4:amd64 4.2.0-5
2024-04-24 10:50:45 status installed gcr4:amd64 4.2.0-5
2024-04-24 10:50:45 configure gnome-session-bin:amd64 46.0-1ubuntu4 <none>
2024-04-24 10:50:45 status unpacked gnome-session-bin:amd64 46.0-1ubuntu4
2024-04-24 10:50:45 status half-configured gnome-session-bin:amd64 46.0-1ubuntu4
2024-04-24 10:50:45 status installed gnome-session-bin:amd64 46.0-1ubuntu4
2024-04-24 10:50:45 configure gnome-logs:amd64 45.0-1build1 <none>
2024-04-24 10:50:45 status unpacked gnome-logs:amd64 45.0-1build1
2024-04-24 10:50:45 status half-configured gnome-logs:amd64 45.0-1build1
2024-04-24 10:50:45 status installed gnome-logs:amd64 45.0-1build1
2024-04-24 10:50:45 configure libgupnp-1.6-0:amd64 1.6.6-1build3 <none>
2024-04-24 10:50:45 status unpacked libgupnp-1.6-0:amd64 1.6.6-1build3
2024-04-24 10:50:45 status half-configured libgupnp-1.6-0:amd64 1.6.6-1build3
2024-04-24 10:50:45 status installed libgupnp-1.6-0:amd64 1.6.6-1build3
2024-04-24 10:50:45 configure seahorse:amd64 43.0-3build2 <none>
2024-04-24 10:50:45 status unpacked seahorse:amd64 43.0-3build2
2024-04-24 10:50:45 status half-configured seahorse:amd64 43.0-3build2
2024-04-24 10:50:45 status installed seahorse:amd64 43.0-3build2
2024-04-24 10:50:45 configure gir1.2-adw-1:amd64 1.5.0-1ubuntu2 <none>
2024-04-24 10:50:45 status unpacked gir1.2-adw-1:amd64 1.5.0-1ubuntu2
2024-04-24 10:50:45 status half-configured gir1.2-adw-1:amd64 1.5.0-1ubuntu2
2024-04-24 10:50:45 status installed gir1.2-adw-1:amd64 1.5.0-1ubuntu2
2024-04-24 10:50:45 configure gir1.2-gweather-4.0:amd64 4.4.2-1build1 <none>
2024-04-24 10:50:45 status unpacked gir1.2-gweather-4.0:amd64 4.4.2-1build1
2024-04-24 10:50:45 status half-configured gir1.2-gweather-4.0:amd64 4.4.2-1build1
2024-04-24 10:50:45 status installed gir1.2-gweather-4.0:amd64 4.4.2-1build1
2024-04-24 10:50:45 configure libgnome-bg-4-2t64:amd64 44.0-5build2 <none>
2024-04-24 10:50:45 status unpacked libgnome-bg-4-2t64:amd64 44.0-5build2
2024-04-24 10:50:45 status half-configured libgnome-bg-4-2t64:amd64 44.0-5build2
2024-04-24 10:50:45 status installed libgnome-bg-4-2t64:amd64 44.0-5build2
2024-04-24 10:50:45 configure libcanberra-gtk3-module:amd64 0.30-10ubuntu10 <none>
2024-04-24 10:50:45 status unpacked libcanberra-gtk3-module:amd64 0.30-10ubuntu10
2024-04-24 10:50:45 status half-configured libcanberra-gtk3-module:amd64 0.30-10ubuntu10
2024-04-24 10:50:45 status installed libcanberra-gtk3-module:amd64 0.30-10ubuntu10
2024-04-24 10:50:45 configure ibus-m17n:amd64 1.4.28-1build2 <none>
2024-04-24 10:50:45 status unpacked ibus-m17n:amd64 1.4.28-1build2
2024-04-24 10:50:45 status half-configured ibus-m17n:amd64 1.4.28-1build2
2024-04-24 10:50:45 status installed ibus-m17n:amd64 1.4.28-1build2
2024-04-24 10:50:45 configure xorg:amd64 1:7.7+23ubuntu3 <none>
2024-04-24 10:50:45 status unpacked xorg:amd64 1:7.7+23ubuntu3
2024-04-24 10:50:45 status half-configured xorg:amd64 1:7.7+23ubuntu3
2024-04-24 10:50:45 status installed xorg:amd64 1:7.7+23ubuntu3
2024-04-24 10:50:45 configure libpipewire-0.3-modules:amd64 1.0.5-1 <none>
2024-04-24 10:50:45 status unpacked libpipewire-0.3-modules:amd64 1.0.5-1
2024-04-24 10:50:45 status half-configured libpipewire-0.3-modules:amd64 1.0.5-1
2024-04-24 10:50:45 status installed libpipewire-0.3-modules:amd64 1.0.5-1
2024-04-24 10:50:45 configure gkbd-capplet:amd64 3.28.1-1build3 <none>
2024-04-24 10:50:45 status unpacked gkbd-capplet:amd64 3.28.1-1build3
2024-04-24 10:50:45 status half-configured gkbd-capplet:amd64 3.28.1-1build3
2024-04-24 10:50:45 status installed gkbd-capplet:amd64 3.28.1-1build3
2024-04-24 10:50:45 configure ibus-table:all 1.17.4-2 <none>
2024-04-24 10:50:45 status unpacked ibus-table:all 1.17.4-2
2024-04-24 10:50:45 status half-configured ibus-table:all 1.17.4-2
2024-04-24 10:50:45 status installed ibus-table:all 1.17.4-2
2024-04-24 10:50:45 configure gvfs-backends:amd64 1.54.0-1ubuntu2 <none>
2024-04-24 10:50:45 status unpacked gvfs-backends:amd64 1.54.0-1ubuntu2
2024-04-24 10:50:45 status half-configured gvfs-backends:amd64 1.54.0-1ubuntu2
2024-04-24 10:50:45 status installed gvfs-backends:amd64 1.54.0-1ubuntu2
2024-04-24 10:50:45 configure libmutter-14-0:amd64 46.0-1ubuntu9 <none>
2024-04-24 10:50:45 status unpacked libmutter-14-0:amd64 46.0-1ubuntu9
2024-04-24 10:50:45 status half-configured libmutter-14-0:amd64 46.0-1ubuntu9
2024-04-24 10:50:45 status installed libmutter-14-0:amd64 46.0-1ubuntu9
2024-04-24 10:50:45 configure gir1.2-snapd-2:amd64 1.64-0ubuntu5 <none>
2024-04-24 10:50:45 status unpacked gir1.2-snapd-2:amd64 1.64-0ubuntu5
2024-04-24 10:50:45 status half-configured gir1.2-snapd-2:amd64 1.64-0ubuntu5
2024-04-24 10:50:45 status installed gir1.2-snapd-2:amd64 1.64-0ubuntu5
2024-04-24 10:50:45 configure librygel-core-2.8-0:amd64 0.42.5-1ubuntu3 <none>
2024-04-24 10:50:45 status unpacked librygel-core-2.8-0:amd64 0.42.5-1ubuntu3
2024-04-24 10:50:45 status half-configured librygel-core-2.8-0:amd64 0.42.5-1ubuntu3
2024-04-24 10:50:45 status installed librygel-core-2.8-0:amd64 0.42.5-1ubuntu3
2024-04-24 10:50:45 configure libebook-contacts-1.2-4t64:amd64 3.52.0-1build3 <none>
2024-04-24 10:50:45 status unpacked libebook-contacts-1.2-4t64:amd64 3.52.0-1build3
2024-04-24 10:50:45 status half-configured libebook-contacts-1.2-4t64:amd64 3.52.0-1build3
2024-04-24 10:50:45 status installed libebook-contacts-1.2-4t64:amd64 3.52.0-1build3
2024-04-24 10:50:45 configure gnome-system-monitor:amd64 46.0-1build1 <none>
2024-04-24 10:50:45 status unpacked gnome-system-monitor:amd64 46.0-1build1
2024-04-24 10:50:45 status half-configured gnome-system-monitor:amd64 46.0-1build1
2024-04-24 10:50:45 status installed gnome-system-monitor:amd64 46.0-1build1
2024-04-24 10:50:45 configure libayatana-appindicator3-1:amd64 0.5.93-1build3 <none>
2024-04-24 10:50:45 status unpacked libayatana-appindicator3-1:amd64 0.5.93-1build3
2024-04-24 10:50:45 status half-configured libayatana-appindicator3-1:amd64 0.5.93-1build3
2024-04-24 10:50:45 status installed libayatana-appindicator3-1:amd64 0.5.93-1build3
2024-04-24 10:50:45 configure cups-daemon:amd64 2.4.7-1.2ubuntu7 <none>
2024-04-24 10:50:45 status unpacked cups-daemon:amd64 2.4.7-1.2ubuntu7
2024-04-24 10:50:45 status triggers-pending ufw:all 0.36.2-6
2024-04-24 10:50:45 status half-configured cups-daemon:amd64 2.4.7-1.2ubuntu7
2024-04-24 10:50:45 status installed cups-daemon:amd64 2.4.7-1.2ubuntu7
2024-04-24 10:50:45 configure ibus-table-cangjie-big:all 1.8.12-1 <none>
2024-04-24 10:50:45 status unpacked ibus-table-cangjie-big:all 1.8.12-1
2024-04-24 10:50:45 status half-configured ibus-table-cangjie-big:all 1.8.12-1
2024-04-24 10:50:45 status installed ibus-table-cangjie-big:all 1.8.12-1
2024-04-24 10:50:45 configure nautilus-extension-gnome-terminal:amd64 3.52.0-1ubuntu2 <none>
2024-04-24 10:50:45 status unpacked nautilus-extension-gnome-terminal:amd64 3.52.0-1ubuntu2
2024-04-24 10:50:45 status half-configured nautilus-extension-gnome-terminal:amd64 3.52.0-1ubuntu2
2024-04-24 10:50:45 status installed nautilus-extension-gnome-terminal:amd64 3.52.0-1ubuntu2
2024-04-24 10:50:45 configure gir1.2-geoclue-2.0:amd64 2.7.0-3ubuntu7 <none>
2024-04-24 10:50:45 status unpacked gir1.2-geoclue-2.0:amd64 2.7.0-3ubuntu7
2024-04-24 10:50:45 status half-configured gir1.2-geoclue-2.0:amd64 2.7.0-3ubuntu7
2024-04-24 10:50:45 status installed gir1.2-geoclue-2.0:amd64 2.7.0-3ubuntu7
2024-04-24 10:50:45 configure evince:amd64 46.0-1build1 <none>
2024-04-24 10:50:45 status unpacked evince:amd64 46.0-1build1
2024-04-24 10:50:45 status half-configured evince:amd64 46.0-1build1
2024-04-24 10:50:45 status installed evince:amd64 46.0-1build1
2024-04-24 10:50:46 configure apport-gtk:all 2.28.1-0ubuntu2 <none>
2024-04-24 10:50:46 status unpacked apport-gtk:all 2.28.1-0ubuntu2
2024-04-24 10:50:46 status half-configured apport-gtk:all 2.28.1-0ubuntu2
2024-04-24 10:50:46 status installed apport-gtk:all 2.28.1-0ubuntu2
2024-04-24 10:50:46 configure gir1.2-mutter-14:amd64 46.0-1ubuntu9 <none>
2024-04-24 10:50:46 status unpacked gir1.2-mutter-14:amd64 46.0-1ubuntu9
2024-04-24 10:50:46 status half-configured gir1.2-mutter-14:amd64 46.0-1ubuntu9
2024-04-24 10:50:46 status installed gir1.2-mutter-14:amd64 46.0-1ubuntu9
2024-04-24 10:50:46 configure gnome-startup-applications:amd64 46.0-1ubuntu4 <none>
2024-04-24 10:50:46 status unpacked gnome-startup-applications:amd64 46.0-1ubuntu4
2024-04-24 10:50:46 status half-configured gnome-startup-applications:amd64 46.0-1ubuntu4
2024-04-24 10:50:46 status installed gnome-startup-applications:amd64 46.0-1ubuntu4
2024-04-24 10:50:46 configure librygel-server-2.8-0:amd64 0.42.5-1ubuntu3 <none>
2024-04-24 10:50:46 status unpacked librygel-server-2.8-0:amd64 0.42.5-1ubuntu3
2024-04-24 10:50:46 status half-configured librygel-server-2.8-0:amd64 0.42.5-1ubuntu3
2024-04-24 10:50:46 status installed librygel-server-2.8-0:amd64 0.42.5-1ubuntu3
2024-04-24 10:50:46 configure orca:all 46.1-1ubuntu1 <none>
2024-04-24 10:50:46 status unpacked orca:all 46.1-1ubuntu1
2024-04-24 10:50:46 status half-configured orca:all 46.1-1ubuntu1
2024-04-24 10:50:46 status installed orca:all 46.1-1ubuntu1
2024-04-24 10:50:46 configure gnome-characters:amd64 46.0-1build1 <none>
2024-04-24 10:50:46 status unpacked gnome-characters:amd64 46.0-1build1
2024-04-24 10:50:46 status half-configured gnome-characters:amd64 46.0-1build1
2024-04-24 10:50:46 status installed gnome-characters:amd64 46.0-1build1
2024-04-24 10:50:46 configure ibus-table-wubi:all 1.8.12-1 <none>
2024-04-24 10:50:46 status unpacked ibus-table-wubi:all 1.8.12-1
2024-04-24 10:50:46 status half-configured ibus-table-wubi:all 1.8.12-1
2024-04-24 10:50:46 status installed ibus-table-wubi:all 1.8.12-1
2024-04-24 10:50:46 configure libebackend-1.2-11t64:amd64 3.52.0-1build3 <none>
2024-04-24 10:50:46 status unpacked libebackend-1.2-11t64:amd64 3.52.0-1build3
2024-04-24 10:50:46 status half-configured libebackend-1.2-11t64:amd64 3.52.0-1build3
2024-04-24 10:50:46 status installed libebackend-1.2-11t64:amd64 3.52.0-1build3
2024-04-24 10:50:46 configure gvfs-fuse:amd64 1.54.0-1ubuntu2 <none>
2024-04-24 10:50:46 status unpacked gvfs-fuse:amd64 1.54.0-1ubuntu2
2024-04-24 10:50:46 status half-configured gvfs-fuse:amd64 1.54.0-1ubuntu2
2024-04-24 10:50:46 status installed gvfs-fuse:amd64 1.54.0-1ubuntu2
2024-04-24 10:50:46 configure libecal-2.0-3:amd64 3.52.0-1build3 <none>
2024-04-24 10:50:46 status unpacked libecal-2.0-3:amd64 3.52.0-1build3
2024-04-24 10:50:46 status half-configured libecal-2.0-3:amd64 3.52.0-1build3
2024-04-24 10:50:46 status installed libecal-2.0-3:amd64 3.52.0-1build3
2024-04-24 10:50:46 configure gnome-clocks:amd64 46.0-1build1 <none>
2024-04-24 10:50:46 status unpacked gnome-clocks:amd64 46.0-1build1
2024-04-24 10:50:46 status half-configured gnome-clocks:amd64 46.0-1build1
2024-04-24 10:50:46 status installed gnome-clocks:amd64 46.0-1build1
2024-04-24 10:50:46 configure ibus-table-cangjie5:all 1.8.12-1 <none>
2024-04-24 10:50:46 status unpacked ibus-table-cangjie5:all 1.8.12-1
2024-04-24 10:50:46 status half-configured ibus-table-cangjie5:all 1.8.12-1
2024-04-24 10:50:46 status installed ibus-table-cangjie5:all 1.8.12-1
2024-04-24 10:50:46 configure cups-browsed:amd64 2.0.0-0ubuntu10 <none>
2024-04-24 10:50:46 status unpacked cups-browsed:amd64 2.0.0-0ubuntu10
2024-04-24 10:50:46 status half-configured cups-browsed:amd64 2.0.0-0ubuntu10
2024-04-24 10:50:46 status installed cups-browsed:amd64 2.0.0-0ubuntu10
2024-04-24 10:50:46 configure tracker:amd64 3.7.1-1build1 <none>
2024-04-24 10:50:46 status unpacked tracker:amd64 3.7.1-1build1
2024-04-24 10:50:46 status half-configured tracker:amd64 3.7.1-1build1
2024-04-24 10:50:46 status installed tracker:amd64 3.7.1-1build1
2024-04-24 10:50:46 configure gir1.2-gnomebg-4.0:amd64 44.0-5build2 <none>
2024-04-24 10:50:46 status unpacked gir1.2-gnomebg-4.0:amd64 44.0-5build2
2024-04-24 10:50:46 status half-configured gir1.2-gnomebg-4.0:amd64 44.0-5build2
2024-04-24 10:50:46 status installed gir1.2-gnomebg-4.0:amd64 44.0-5build2
2024-04-24 10:50:46 configure libwebkit2gtk-4.1-0:amd64 2.44.0-2 <none>
2024-04-24 10:50:46 status unpacked libwebkit2gtk-4.1-0:amd64 2.44.0-2
2024-04-24 10:50:46 status half-configured libwebkit2gtk-4.1-0:amd64 2.44.0-2
2024-04-24 10:50:46 status installed libwebkit2gtk-4.1-0:amd64 2.44.0-2
2024-04-24 10:50:46 configure cups-core-drivers:amd64 2.4.7-1.2ubuntu7 <none>
2024-04-24 10:50:46 status unpacked cups-core-drivers:amd64 2.4.7-1.2ubuntu7
2024-04-24 10:50:46 status half-configured cups-core-drivers:amd64 2.4.7-1.2ubuntu7
2024-04-24 10:50:46 status installed cups-core-drivers:amd64 2.4.7-1.2ubuntu7
2024-04-24 10:50:46 configure ibus-table-cangjie3:all 1.8.12-1 <none>
2024-04-24 10:50:46 status unpacked ibus-table-cangjie3:all 1.8.12-1
2024-04-24 10:50:46 status half-configured ibus-table-cangjie3:all 1.8.12-1
2024-04-24 10:50:46 status installed ibus-table-cangjie3:all 1.8.12-1
2024-04-24 10:50:46 configure gir1.2-webkit2-4.1:amd64 2.44.0-2 <none>
2024-04-24 10:50:46 status unpacked gir1.2-webkit2-4.1:amd64 2.44.0-2
2024-04-24 10:50:46 status half-configured gir1.2-webkit2-4.1:amd64 2.44.0-2
2024-04-24 10:50:46 status installed gir1.2-webkit2-4.1:amd64 2.44.0-2
2024-04-24 10:50:46 configure cups:amd64 2.4.7-1.2ubuntu7 <none>
2024-04-24 10:50:46 status unpacked cups:amd64 2.4.7-1.2ubuntu7
2024-04-24 10:50:46 status half-configured cups:amd64 2.4.7-1.2ubuntu7
2024-04-24 10:50:47 status installed cups:amd64 2.4.7-1.2ubuntu7
2024-04-24 10:50:47 configure ibus-table-quick-classic:all 1.8.12-1 <none>
2024-04-24 10:50:47 status unpacked ibus-table-quick-classic:all 1.8.12-1
2024-04-24 10:50:47 status half-configured ibus-table-quick-classic:all 1.8.12-1
2024-04-24 10:50:47 status installed ibus-table-quick-classic:all 1.8.12-1
2024-04-24 10:50:47 configure tracker-extract:amd64 3.7.1-1build1 <none>
2024-04-24 10:50:47 status unpacked tracker-extract:amd64 3.7.1-1build1
2024-04-24 10:50:47 status half-configured tracker-extract:amd64 3.7.1-1build1
2024-04-24 10:50:47 status installed tracker-extract:amd64 3.7.1-1build1
2024-04-24 10:50:47 configure libwebkitgtk-6.0-4:amd64 2.44.0-2 <none>
2024-04-24 10:50:47 status unpacked libwebkitgtk-6.0-4:amd64 2.44.0-2
2024-04-24 10:50:47 status half-configured libwebkitgtk-6.0-4:amd64 2.44.0-2
2024-04-24 10:50:47 status installed libwebkitgtk-6.0-4:amd64 2.44.0-2
2024-04-24 10:50:47 configure xdg-desktop-portal-gnome:amd64 46.0-1build1 <none>
2024-04-24 10:50:47 status unpacked xdg-desktop-portal-gnome:amd64 46.0-1build1
2024-04-24 10:50:47 status half-configured xdg-desktop-portal-gnome:amd64 46.0-1build1
2024-04-24 10:50:47 status installed xdg-desktop-portal-gnome:amd64 46.0-1build1
2024-04-24 10:50:47 configure librygel-db-2.8-0:amd64 0.42.5-1ubuntu3 <none>
2024-04-24 10:50:47 status unpacked librygel-db-2.8-0:amd64 0.42.5-1ubuntu3
2024-04-24 10:50:47 status half-configured librygel-db-2.8-0:amd64 0.42.5-1ubuntu3
2024-04-24 10:50:47 status installed librygel-db-2.8-0:amd64 0.42.5-1ubuntu3
2024-04-24 10:50:47 configure libedata-cal-2.0-2t64:amd64 3.52.0-1build3 <none>
2024-04-24 10:50:47 status unpacked libedata-cal-2.0-2t64:amd64 3.52.0-1build3
2024-04-24 10:50:47 status half-configured libedata-cal-2.0-2t64:amd64 3.52.0-1build3
2024-04-24 10:50:47 status installed libedata-cal-2.0-2t64:amd64 3.52.0-1build3
2024-04-24 10:50:47 configure libyelp0:amd64 42.2-1build2 <none>
2024-04-24 10:50:47 status unpacked libyelp0:amd64 42.2-1build2
2024-04-24 10:50:47 status half-configured libyelp0:amd64 42.2-1build2
2024-04-24 10:50:47 status installed libyelp0:amd64 42.2-1build2
2024-04-24 10:50:47 configure tracker-miner-fs:amd64 3.7.1-1build1 <none>
2024-04-24 10:50:47 status unpacked tracker-miner-fs:amd64 3.7.1-1build1
2024-04-24 10:50:47 status half-configured tracker-miner-fs:amd64 3.7.1-1build1
2024-04-24 10:50:47 status installed tracker-miner-fs:amd64 3.7.1-1build1
2024-04-24 10:50:47 configure pipewire-bin:amd64 1.0.5-1 <none>
2024-04-24 10:50:47 status unpacked pipewire-bin:amd64 1.0.5-1
2024-04-24 10:50:47 status half-configured pipewire-bin:amd64 1.0.5-1
2024-04-24 10:50:47 status installed pipewire-bin:amd64 1.0.5-1
2024-04-24 10:50:47 configure librygel-renderer-2.8-0:amd64 0.42.5-1ubuntu3 <none>
2024-04-24 10:50:47 status unpacked librygel-renderer-2.8-0:amd64 0.42.5-1ubuntu3
2024-04-24 10:50:47 status half-configured librygel-renderer-2.8-0:amd64 0.42.5-1ubuntu3
2024-04-24 10:50:47 status installed librygel-renderer-2.8-0:amd64 0.42.5-1ubuntu3
2024-04-24 10:50:47 configure libedata-book-1.2-27t64:amd64 3.52.0-1build3 <none>
2024-04-24 10:50:47 status unpacked libedata-book-1.2-27t64:amd64 3.52.0-1build3
2024-04-24 10:50:47 status half-configured libedata-book-1.2-27t64:amd64 3.52.0-1build3
2024-04-24 10:50:47 status installed libedata-book-1.2-27t64:amd64 3.52.0-1build3
2024-04-24 10:50:47 configure ibus-table-cangjie:all 1.8.12-1 <none>
2024-04-24 10:50:47 status unpacked ibus-table-cangjie:all 1.8.12-1
2024-04-24 10:50:47 status half-configured ibus-table-cangjie:all 1.8.12-1
2024-04-24 10:50:47 status installed ibus-table-cangjie:all 1.8.12-1
2024-04-24 10:50:47 configure libedataserverui-1.2-4t64:amd64 3.52.0-1build3 <none>
2024-04-24 10:50:47 status unpacked libedataserverui-1.2-4t64:amd64 3.52.0-1build3
2024-04-24 10:50:47 status half-configured libedataserverui-1.2-4t64:amd64 3.52.0-1build3
2024-04-24 10:50:47 status installed libedataserverui-1.2-4t64:amd64 3.52.0-1build3
2024-04-24 10:50:47 configure printer-driver-splix:amd64 2.0.0+svn315-7fakesync1ubuntu1 <none>
2024-04-24 10:50:47 status unpacked printer-driver-splix:amd64 2.0.0+svn315-7fakesync1ubuntu1
2024-04-24 10:50:47 status half-configured printer-driver-splix:amd64 2.0.0+svn315-7fakesync1ubuntu1
2024-04-24 10:50:47 status installed printer-driver-splix:amd64 2.0.0+svn315-7fakesync1ubuntu1
2024-04-24 10:50:47 configure bluez-cups:amd64 5.72-0ubuntu5 <none>
2024-04-24 10:50:47 status unpacked bluez-cups:amd64 5.72-0ubuntu5
2024-04-24 10:50:47 status half-configured bluez-cups:amd64 5.72-0ubuntu5
2024-04-24 10:50:47 status installed bluez-cups:amd64 5.72-0ubuntu5
2024-04-24 10:50:47 configure gir1.2-webkit-6.0:amd64 2.44.0-2 <none>
2024-04-24 10:50:47 status unpacked gir1.2-webkit-6.0:amd64 2.44.0-2
2024-04-24 10:50:47 status half-configured gir1.2-webkit-6.0:amd64 2.44.0-2
2024-04-24 10:50:47 status installed gir1.2-webkit-6.0:amd64 2.44.0-2
2024-04-24 10:50:47 configure ubuntu-release-upgrader-gtk:all 1:24.04.16 <none>
2024-04-24 10:50:47 status unpacked ubuntu-release-upgrader-gtk:all 1:24.04.16
2024-04-24 10:50:47 status half-configured ubuntu-release-upgrader-gtk:all 1:24.04.16
2024-04-24 10:50:47 status installed ubuntu-release-upgrader-gtk:all 1:24.04.16
2024-04-24 10:50:47 configure printer-driver-hpcups:amd64 3.23.12+dfsg0-0ubuntu5 <none>
2024-04-24 10:50:47 status unpacked printer-driver-hpcups:amd64 3.23.12+dfsg0-0ubuntu5
2024-04-24 10:50:47 status half-configured printer-driver-hpcups:amd64 3.23.12+dfsg0-0ubuntu5
2024-04-24 10:50:47 status installed printer-driver-hpcups:amd64 3.23.12+dfsg0-0ubuntu5
2024-04-24 10:50:47 configure pipewire:amd64 1.0.5-1 <none>
2024-04-24 10:50:47 status unpacked pipewire:amd64 1.0.5-1
2024-04-24 10:50:47 status half-configured pipewire:amd64 1.0.5-1
2024-04-24 10:50:47 status installed pipewire:amd64 1.0.5-1
2024-04-24 10:50:47 configure nautilus:amd64 1:46.0-0ubuntu2 <none>
2024-04-24 10:50:47 status unpacked nautilus:amd64 1:46.0-0ubuntu2
2024-04-24 10:50:47 status half-configured nautilus:amd64 1:46.0-0ubuntu2
2024-04-24 10:50:47 status installed nautilus:amd64 1:46.0-0ubuntu2
2024-04-24 10:50:47 configure hplip:amd64 3.23.12+dfsg0-0ubuntu5 <none>
2024-04-24 10:50:47 status unpacked hplip:amd64 3.23.12+dfsg0-0ubuntu5
2024-04-24 10:50:47 status half-configured hplip:amd64 3.23.12+dfsg0-0ubuntu5
2024-04-24 10:50:47 status installed hplip:amd64 3.23.12+dfsg0-0ubuntu5
2024-04-24 10:50:47 configure gstreamer1.0-pipewire:amd64 1.0.5-1 <none>
2024-04-24 10:50:47 status unpacked gstreamer1.0-pipewire:amd64 1.0.5-1
2024-04-24 10:50:47 status half-configured gstreamer1.0-pipewire:amd64 1.0.5-1
2024-04-24 10:50:47 status installed gstreamer1.0-pipewire:amd64 1.0.5-1
2024-04-24 10:50:47 configure yelp:amd64 42.2-1build2 <none>
2024-04-24 10:50:47 status unpacked yelp:amd64 42.2-1build2
2024-04-24 10:50:47 status half-configured yelp:amd64 42.2-1build2
2024-04-24 10:50:47 status installed yelp:amd64 42.2-1build2
2024-04-24 10:50:47 configure rygel:amd64 0.42.5-1ubuntu3 <none>
2024-04-24 10:50:47 status unpacked rygel:amd64 0.42.5-1ubuntu3
2024-04-24 10:50:47 status half-configured rygel:amd64 0.42.5-1ubuntu3
2024-04-24 10:50:48 status installed rygel:amd64 0.42.5-1ubuntu3
2024-04-24 10:50:48 status triggers-pending rygel:amd64 0.42.5-1ubuntu3
2024-04-24 10:50:48 configure libebook-1.2-21t64:amd64 3.52.0-1build3 <none>
2024-04-24 10:50:48 status unpacked libebook-1.2-21t64:amd64 3.52.0-1build3
2024-04-24 10:50:48 status half-configured libebook-1.2-21t64:amd64 3.52.0-1build3
2024-04-24 10:50:48 status installed libebook-1.2-21t64:amd64 3.52.0-1build3
2024-04-24 10:50:48 configure pipewire-alsa:amd64 1.0.5-1 <none>
2024-04-24 10:50:48 status unpacked pipewire-alsa:amd64 1.0.5-1
2024-04-24 10:50:48 status half-configured pipewire-alsa:amd64 1.0.5-1
2024-04-24 10:50:48 status installed pipewire-alsa:amd64 1.0.5-1
2024-04-24 10:50:48 configure wireplumber:amd64 0.4.17-1ubuntu4 <none>
2024-04-24 10:50:48 status unpacked wireplumber:amd64 0.4.17-1ubuntu4
2024-04-24 10:50:48 status half-configured wireplumber:amd64 0.4.17-1ubuntu4
2024-04-24 10:50:48 status installed wireplumber:amd64 0.4.17-1ubuntu4
2024-04-24 10:50:48 configure pipewire-pulse:amd64 1.0.5-1 <none>
2024-04-24 10:50:48 status unpacked pipewire-pulse:amd64 1.0.5-1
2024-04-24 10:50:48 status half-configured pipewire-pulse:amd64 1.0.5-1
2024-04-24 10:50:48 status installed pipewire-pulse:amd64 1.0.5-1
2024-04-24 10:50:48 configure libcanberra-pulse:amd64 0.30-10ubuntu10 <none>
2024-04-24 10:50:48 status unpacked libcanberra-pulse:amd64 0.30-10ubuntu10
2024-04-24 10:50:48 status half-configured libcanberra-pulse:amd64 0.30-10ubuntu10
2024-04-24 10:50:48 status installed libcanberra-pulse:amd64 0.30-10ubuntu10
2024-04-24 10:50:48 configure ubuntu-docs:all 24.04.2 <none>
2024-04-24 10:50:48 status unpacked ubuntu-docs:all 24.04.2
2024-04-24 10:50:48 status half-configured ubuntu-docs:all 24.04.2
2024-04-24 10:50:48 status installed ubuntu-docs:all 24.04.2
2024-04-24 10:50:48 configure evolution-data-server:amd64 3.52.0-1build3 <none>
2024-04-24 10:50:48 status unpacked evolution-data-server:amd64 3.52.0-1build3
2024-04-24 10:50:48 status half-configured evolution-data-server:amd64 3.52.0-1build3
2024-04-24 10:50:48 status installed evolution-data-server:amd64 3.52.0-1build3
2024-04-24 10:50:48 configure gnome-user-docs:all 46.0-1ubuntu1 <none>
2024-04-24 10:50:48 status unpacked gnome-user-docs:all 46.0-1ubuntu1
2024-04-24 10:50:48 status half-configured gnome-user-docs:all 46.0-1ubuntu1
2024-04-24 10:50:48 status installed gnome-user-docs:all 46.0-1ubuntu1
2024-04-24 10:50:48 configure pipewire-audio:all 1.0.5-1 <none>
2024-04-24 10:50:48 status unpacked pipewire-audio:all 1.0.5-1
2024-04-24 10:50:48 status half-configured pipewire-audio:all 1.0.5-1
2024-04-24 10:50:48 status installed pipewire-audio:all 1.0.5-1
2024-04-24 10:50:48 configure gnome-user-docs-pt:all 46.0-1ubuntu1 <none>
2024-04-24 10:50:48 status unpacked gnome-user-docs-pt:all 46.0-1ubuntu1
2024-04-24 10:50:48 status half-configured gnome-user-docs-pt:all 46.0-1ubuntu1
2024-04-24 10:50:48 status installed gnome-user-docs-pt:all 46.0-1ubuntu1
2024-04-24 10:50:48 configure gnome-user-docs-es:all 46.0-1ubuntu1 <none>
2024-04-24 10:50:48 status unpacked gnome-user-docs-es:all 46.0-1ubuntu1
2024-04-24 10:50:48 status half-configured gnome-user-docs-es:all 46.0-1ubuntu1
2024-04-24 10:50:48 status installed gnome-user-docs-es:all 46.0-1ubuntu1
2024-04-24 10:50:48 configure gnome-remote-desktop:amd64 46.1-1 <none>
2024-04-24 10:50:48 status unpacked gnome-remote-desktop:amd64 46.1-1
2024-04-24 10:50:48 status half-configured gnome-remote-desktop:amd64 46.1-1
2024-04-24 10:50:48 status installed gnome-remote-desktop:amd64 46.1-1
2024-04-24 10:50:48 configure gnome-user-docs-it:all 46.0-1ubuntu1 <none>
2024-04-24 10:50:48 status unpacked gnome-user-docs-it:all 46.0-1ubuntu1
2024-04-24 10:50:48 status half-configured gnome-user-docs-it:all 46.0-1ubuntu1
2024-04-24 10:50:48 status installed gnome-user-docs-it:all 46.0-1ubuntu1
2024-04-24 10:50:48 configure gnome-user-docs-ru:all 46.0-1ubuntu1 <none>
2024-04-24 10:50:48 status unpacked gnome-user-docs-ru:all 46.0-1ubuntu1
2024-04-24 10:50:48 status half-configured gnome-user-docs-ru:all 46.0-1ubuntu1
2024-04-24 10:50:49 status installed gnome-user-docs-ru:all 46.0-1ubuntu1
2024-04-24 10:50:49 configure gnome-user-docs-de:all 46.0-1ubuntu1 <none>
2024-04-24 10:50:49 status unpacked gnome-user-docs-de:all 46.0-1ubuntu1
2024-04-24 10:50:49 status half-configured gnome-user-docs-de:all 46.0-1ubuntu1
2024-04-24 10:50:49 status installed gnome-user-docs-de:all 46.0-1ubuntu1
2024-04-24 10:50:49 configure gnome-user-docs-fr:all 46.0-1ubuntu1 <none>
2024-04-24 10:50:49 status unpacked gnome-user-docs-fr:all 46.0-1ubuntu1
2024-04-24 10:50:49 status half-configured gnome-user-docs-fr:all 46.0-1ubuntu1
2024-04-24 10:50:49 status installed gnome-user-docs-fr:all 46.0-1ubuntu1
2024-04-24 10:50:49 configure gnome-user-docs-zh-hans:all 46.0-1ubuntu1 <none>
2024-04-24 10:50:49 status unpacked gnome-user-docs-zh-hans:all 46.0-1ubuntu1
2024-04-24 10:50:49 status half-configured gnome-user-docs-zh-hans:all 46.0-1ubuntu1
2024-04-24 10:50:49 status installed gnome-user-docs-zh-hans:all 46.0-1ubuntu1
2024-04-24 10:50:49 configure gnome-settings-daemon:amd64 46.0-1ubuntu1 <none>
2024-04-24 10:50:49 status unpacked gnome-settings-daemon:amd64 46.0-1ubuntu1
2024-04-24 10:50:49 status half-configured gnome-settings-daemon:amd64 46.0-1ubuntu1
2024-04-24 10:50:49 status installed gnome-settings-daemon:amd64 46.0-1ubuntu1
2024-04-24 10:50:49 configure gnome-shell:amd64 46.0-0ubuntu5 <none>
2024-04-24 10:50:49 status unpacked gnome-shell:amd64 46.0-0ubuntu5
2024-04-24 10:50:49 status half-configured gnome-shell:amd64 46.0-0ubuntu5
2024-04-24 10:50:49 status installed gnome-shell:amd64 46.0-0ubuntu5
2024-04-24 10:50:49 configure gnome-shell-extension-appindicator:all 57-2 <none>
2024-04-24 10:50:49 status unpacked gnome-shell-extension-appindicator:all 57-2
2024-04-24 10:50:49 status half-configured gnome-shell-extension-appindicator:all 57-2
2024-04-24 10:50:49 status installed gnome-shell-extension-appindicator:all 57-2
2024-04-24 10:50:49 configure ubuntu-session:all 46.0-1ubuntu4 <none>
2024-04-24 10:50:49 status unpacked ubuntu-session:all 46.0-1ubuntu4
2024-04-24 10:50:49 status half-configured ubuntu-session:all 46.0-1ubuntu4
2024-04-24 10:50:49 status installed ubuntu-session:all 46.0-1ubuntu4
2024-04-24 10:50:49 configure gnome-shell-extension-desktop-icons-ng:all 46+really47.0.9-1 <none>
2024-04-24 10:50:49 status unpacked gnome-shell-extension-desktop-icons-ng:all 46+really47.0.9-1
2024-04-24 10:50:49 status half-configured gnome-shell-extension-desktop-icons-ng:all 46+really47.0.9-1
2024-04-24 10:50:49 status installed gnome-shell-extension-desktop-icons-ng:all 46+really47.0.9-1
2024-04-24 10:50:49 configure gnome-shell-extension-ubuntu-dock:all 90ubuntu1 <none>
2024-04-24 10:50:49 status unpacked gnome-shell-extension-ubuntu-dock:all 90ubuntu1
2024-04-24 10:50:49 status half-configured gnome-shell-extension-ubuntu-dock:all 90ubuntu1
2024-04-24 10:50:49 status installed gnome-shell-extension-ubuntu-dock:all 90ubuntu1
2024-04-24 10:50:49 configure gnome-shell-extension-ubuntu-tiling-assistant:all 46-1ubuntu1 <none>
2024-04-24 10:50:49 status unpacked gnome-shell-extension-ubuntu-tiling-assistant:all 46-1ubuntu1
2024-04-24 10:50:49 status half-configured gnome-shell-extension-ubuntu-tiling-assistant:all 46-1ubuntu1
2024-04-24 10:50:49 status installed gnome-shell-extension-ubuntu-tiling-assistant:all 46-1ubuntu1
2024-04-24 10:50:49 trigproc sgml-base:all 1.31 <none>
2024-04-24 10:50:49 status half-configured sgml-base:all 1.31
2024-04-24 10:50:49 status installed xml-core:all 0.19
2024-04-24 10:50:49 status installed sgml-base:all 1.31
2024-04-24 10:50:49 configure sgml-data:all 2.0.11+nmu1 <none>
2024-04-24 10:50:49 status triggers-pending sgml-base:all 1.31
2024-04-24 10:50:49 status unpacked sgml-data:all 2.0.11+nmu1
2024-04-24 10:50:49 status half-configured sgml-data:all 2.0.11+nmu1
2024-04-24 10:50:49 status triggers-awaited sgml-data:all 2.0.11+nmu1
2024-04-24 10:50:49 configure polkitd:amd64 124-2ubuntu1 <none>
2024-04-24 10:50:49 status unpacked polkitd:amd64 124-2ubuntu1
2024-04-24 10:50:49 status half-configured polkitd:amd64 124-2ubuntu1
2024-04-24 10:50:49 status installed polkitd:amd64 124-2ubuntu1
2024-04-24 10:50:49 configure rtkit:amd64 0.13-5build1 <none>
2024-04-24 10:50:49 status unpacked rtkit:amd64 0.13-5build1
2024-04-24 10:50:49 status half-configured rtkit:amd64 0.13-5build1
2024-04-24 10:50:49 status installed rtkit:amd64 0.13-5build1
2024-04-24 10:50:49 configure colord:amd64 1.4.7-1build2 <none>
2024-04-24 10:50:49 status unpacked colord:amd64 1.4.7-1build2
2024-04-24 10:50:49 status half-configured colord:amd64 1.4.7-1build2
2024-04-24 10:50:50 status installed colord:amd64 1.4.7-1build2
2024-04-24 10:50:50 configure pkexec:amd64 124-2ubuntu1 <none>
2024-04-24 10:50:50 status unpacked pkexec:amd64 124-2ubuntu1
2024-04-24 10:50:50 status half-configured pkexec:amd64 124-2ubuntu1
2024-04-24 10:50:50 status installed pkexec:amd64 124-2ubuntu1
2024-04-24 10:50:50 configure network-manager:amd64 1.46.0-1ubuntu2 <none>
2024-04-24 10:50:50 status unpacked network-manager:amd64 1.46.0-1ubuntu2
2024-04-24 10:50:50 status half-configured network-manager:amd64 1.46.0-1ubuntu2
2024-04-24 10:50:50 status installed network-manager:amd64 1.46.0-1ubuntu2
2024-04-24 10:50:50 configure gamemode-daemon:amd64 1.8.1-2build1 <none>
2024-04-24 10:50:50 status unpacked gamemode-daemon:amd64 1.8.1-2build1
2024-04-24 10:50:50 status half-configured gamemode-daemon:amd64 1.8.1-2build1
2024-04-24 10:50:50 status installed gamemode-daemon:amd64 1.8.1-2build1
2024-04-24 10:50:50 configure network-manager-pptp:amd64 1.2.12-3build2 <none>
2024-04-24 10:50:50 status unpacked network-manager-pptp:amd64 1.2.12-3build2
2024-04-24 10:50:50 status half-configured network-manager-pptp:amd64 1.2.12-3build2
2024-04-24 10:50:50 status installed network-manager-pptp:amd64 1.2.12-3build2
2024-04-24 10:50:50 configure fprintd:amd64 1.94.3-1 <none>
2024-04-24 10:50:50 status unpacked fprintd:amd64 1.94.3-1
2024-04-24 10:50:50 status half-configured fprintd:amd64 1.94.3-1
2024-04-24 10:50:50 status installed fprintd:amd64 1.94.3-1
2024-04-24 10:50:50 configure brltty:amd64 6.6-4ubuntu5 <none>
2024-04-24 10:50:50 status unpacked brltty:amd64 6.6-4ubuntu5
2024-04-24 10:50:51 status half-configured brltty:amd64 6.6-4ubuntu5
2024-04-24 10:50:51 status installed brltty:amd64 6.6-4ubuntu5
2024-04-24 10:50:51 configure gnome-initial-setup:amd64 46.0-1ubuntu6 <none>
2024-04-24 10:50:51 status unpacked gnome-initial-setup:amd64 46.0-1ubuntu6
2024-04-24 10:50:51 status half-configured gnome-initial-setup:amd64 46.0-1ubuntu6
2024-04-24 10:50:51 status installed gnome-initial-setup:amd64 46.0-1ubuntu6
2024-04-24 10:50:51 configure network-manager-pptp-gnome:amd64 1.2.12-3build2 <none>
2024-04-24 10:50:51 status unpacked network-manager-pptp-gnome:amd64 1.2.12-3build2
2024-04-24 10:50:51 status half-configured network-manager-pptp-gnome:amd64 1.2.12-3build2
2024-04-24 10:50:51 status installed network-manager-pptp-gnome:amd64 1.2.12-3build2
2024-04-24 10:50:51 configure gdm3:amd64 46.0-2ubuntu1 <none>
2024-04-24 10:50:51 status unpacked gdm3:amd64 46.0-2ubuntu1
2024-04-24 10:50:51 status half-configured gdm3:amd64 46.0-2ubuntu1
2024-04-24 10:50:52 status installed gdm3:amd64 46.0-2ubuntu1
2024-04-24 10:50:52 configure packagekit:amd64 1.2.8-2build3 <none>
2024-04-24 10:50:52 status unpacked packagekit:amd64 1.2.8-2build3
2024-04-24 10:50:52 status half-configured packagekit:amd64 1.2.8-2build3
2024-04-24 10:50:52 status installed packagekit:amd64 1.2.8-2build3
2024-04-24 10:50:52 configure modemmanager:amd64 1.23.4-0ubuntu2 <none>
2024-04-24 10:50:52 status unpacked modemmanager:amd64 1.23.4-0ubuntu2
2024-04-24 10:50:52 status half-configured modemmanager:amd64 1.23.4-0ubuntu2
2024-04-24 10:50:52 status installed modemmanager:amd64 1.23.4-0ubuntu2
2024-04-24 10:50:52 configure libgamemode0:amd64 1.8.1-2build1 <none>
2024-04-24 10:50:52 status unpacked libgamemode0:amd64 1.8.1-2build1
2024-04-24 10:50:52 status half-configured libgamemode0:amd64 1.8.1-2build1
2024-04-24 10:50:52 status installed libgamemode0:amd64 1.8.1-2build1
2024-04-24 10:50:52 configure policykit-1:amd64 124-2ubuntu1 <none>
2024-04-24 10:50:52 status unpacked policykit-1:amd64 124-2ubuntu1
2024-04-24 10:50:52 status half-configured policykit-1:amd64 124-2ubuntu1
2024-04-24 10:50:52 status installed policykit-1:amd64 124-2ubuntu1
2024-04-24 10:50:52 configure libpam-fprintd:amd64 1.94.3-1 <none>
2024-04-24 10:50:52 status unpacked libpam-fprintd:amd64 1.94.3-1
2024-04-24 10:50:52 status half-configured libpam-fprintd:amd64 1.94.3-1
2024-04-24 10:50:52 status installed libpam-fprintd:amd64 1.94.3-1
2024-04-24 10:50:52 configure network-manager-openvpn:amd64 1.10.2-4build2 <none>
2024-04-24 10:50:52 status unpacked network-manager-openvpn:amd64 1.10.2-4build2
2024-04-24 10:50:52 status half-configured network-manager-openvpn:amd64 1.10.2-4build2
2024-04-24 10:50:52 status installed network-manager-openvpn:amd64 1.10.2-4build2
2024-04-24 10:50:52 configure packagekit-tools:amd64 1.2.8-2build3 <none>
2024-04-24 10:50:52 status unpacked packagekit-tools:amd64 1.2.8-2build3
2024-04-24 10:50:52 status half-configured packagekit-tools:amd64 1.2.8-2build3
2024-04-24 10:50:52 status installed packagekit-tools:amd64 1.2.8-2build3
2024-04-24 10:50:52 configure aptdaemon:all 1.1.1+bzr982-0ubuntu44 <none>
2024-04-24 10:50:52 status unpacked aptdaemon:all 1.1.1+bzr982-0ubuntu44
2024-04-24 10:50:52 status half-configured aptdaemon:all 1.1.1+bzr982-0ubuntu44
2024-04-24 10:50:52 status installed aptdaemon:all 1.1.1+bzr982-0ubuntu44
2024-04-24 10:50:52 configure network-manager-gnome:amd64 1.34.0-1ubuntu3 <none>
2024-04-24 10:50:52 status unpacked network-manager-gnome:amd64 1.34.0-1ubuntu3
2024-04-24 10:50:52 status half-configured network-manager-gnome:amd64 1.34.0-1ubuntu3
2024-04-24 10:50:52 status installed network-manager-gnome:amd64 1.34.0-1ubuntu3
2024-04-24 10:50:52 configure python3-aptdaemon:all 1.1.1+bzr982-0ubuntu44 <none>
2024-04-24 10:50:52 status unpacked python3-aptdaemon:all 1.1.1+bzr982-0ubuntu44
2024-04-24 10:50:52 status half-configured python3-aptdaemon:all 1.1.1+bzr982-0ubuntu44
2024-04-24 10:50:52 status installed python3-aptdaemon:all 1.1.1+bzr982-0ubuntu44
2024-04-24 10:50:52 configure network-manager-config-connectivity-ubuntu:all 1.46.0-1ubuntu2 <none>
2024-04-24 10:50:52 status unpacked network-manager-config-connectivity-ubuntu:all 1.46.0-1ubuntu2
2024-04-24 10:50:52 status half-configured network-manager-config-connectivity-ubuntu:all 1.46.0-1ubuntu2
2024-04-24 10:50:52 status installed network-manager-config-connectivity-ubuntu:all 1.46.0-1ubuntu2
2024-04-24 10:50:52 configure network-manager-openvpn-gnome:amd64 1.10.2-4build2 <none>
2024-04-24 10:50:52 status unpacked network-manager-openvpn-gnome:amd64 1.10.2-4build2
2024-04-24 10:50:52 status half-configured network-manager-openvpn-gnome:amd64 1.10.2-4build2
2024-04-24 10:50:52 status installed network-manager-openvpn-gnome:amd64 1.10.2-4build2
2024-04-24 10:50:52 configure software-properties-common:all 0.99.48 <none>
2024-04-24 10:50:52 status unpacked software-properties-common:all 0.99.48
2024-04-24 10:50:52 status half-configured software-properties-common:all 0.99.48
2024-04-24 10:50:52 status installed software-properties-common:all 0.99.48
2024-04-24 10:50:52 configure gstreamer1.0-packagekit:amd64 1.2.8-2build3 <none>
2024-04-24 10:50:52 status unpacked gstreamer1.0-packagekit:amd64 1.2.8-2build3
2024-04-24 10:50:52 status half-configured gstreamer1.0-packagekit:amd64 1.2.8-2build3
2024-04-24 10:50:52 status installed gstreamer1.0-packagekit:amd64 1.2.8-2build3
2024-04-24 10:50:52 configure update-notifier:amd64 3.192.68build3 <none>
2024-04-24 10:50:52 status unpacked update-notifier:amd64 3.192.68build3
2024-04-24 10:50:52 status half-configured update-notifier:amd64 3.192.68build3
2024-04-24 10:50:52 status installed update-notifier:amd64 3.192.68build3
2024-04-24 10:50:52 configure gamemode:amd64 1.8.1-2build1 <none>
2024-04-24 10:50:52 status unpacked gamemode:amd64 1.8.1-2build1
2024-04-24 10:50:52 status half-configured gamemode:amd64 1.8.1-2build1
2024-04-24 10:50:52 status installed gamemode:amd64 1.8.1-2build1
2024-04-24 10:50:52 configure python3-aptdaemon.gtk3widgets:all 1.1.1+bzr982-0ubuntu44 <none>
2024-04-24 10:50:52 status unpacked python3-aptdaemon.gtk3widgets:all 1.1.1+bzr982-0ubuntu44
2024-04-24 10:50:52 status half-configured python3-aptdaemon.gtk3widgets:all 1.1.1+bzr982-0ubuntu44
2024-04-24 10:50:53 status installed python3-aptdaemon.gtk3widgets:all 1.1.1+bzr982-0ubuntu44
2024-04-24 10:50:53 configure language-selector-gnome:all 0.225 <none>
2024-04-24 10:50:53 status unpacked language-selector-gnome:all 0.225
2024-04-24 10:50:53 status half-configured language-selector-gnome:all 0.225
2024-04-24 10:50:53 status installed language-selector-gnome:all 0.225
2024-04-24 10:50:53 configure gnome-control-center:amd64 1:46.0.1-1ubuntu7 <none>
2024-04-24 10:50:53 status unpacked gnome-control-center:amd64 1:46.0.1-1ubuntu7
2024-04-24 10:50:53 status half-configured gnome-control-center:amd64 1:46.0.1-1ubuntu7
2024-04-24 10:50:53 status installed gnome-control-center:amd64 1:46.0.1-1ubuntu7
2024-04-24 10:50:53 configure software-properties-gtk:all 0.99.48 <none>
2024-04-24 10:50:53 status unpacked software-properties-gtk:all 0.99.48
2024-04-24 10:50:53 status half-configured software-properties-gtk:all 0.99.48
2024-04-24 10:50:53 status installed software-properties-gtk:all 0.99.48
2024-04-24 10:50:53 configure update-manager:all 1:24.04.6 <none>
2024-04-24 10:50:53 status unpacked update-manager:all 1:24.04.6
2024-04-24 10:50:53 status half-configured update-manager:all 1:24.04.6
2024-04-24 10:50:53 status installed update-manager:all 1:24.04.6
2024-04-24 10:50:53 configure ubuntu-desktop-minimal:amd64 1.539 <none>
2024-04-24 10:50:53 status unpacked ubuntu-desktop-minimal:amd64 1.539
2024-04-24 10:50:53 status half-configured ubuntu-desktop-minimal:amd64 1.539
2024-04-24 10:50:53 status installed ubuntu-desktop-minimal:amd64 1.539
2024-04-24 10:50:53 trigproc sgml-base:all 1.31 <none>
2024-04-24 10:50:53 status half-configured sgml-base:all 1.31
2024-04-24 10:50:53 status installed sgml-data:all 2.0.11+nmu1
2024-04-24 10:50:53 status installed sgml-base:all 1.31
2024-04-24 10:50:53 configure docbook-xml:all 4.5-12 <none>
2024-04-24 10:50:53 status triggers-pending sgml-base:all 1.31
2024-04-24 10:50:53 status unpacked docbook-xml:all 4.5-12
2024-04-24 10:50:53 status half-configured docbook-xml:all 4.5-12
2024-04-24 10:50:54 status triggers-awaited docbook-xml:all 4.5-12
2024-04-24 10:50:54 trigproc dictionaries-common:all 1.29.7 <none>
2024-04-24 10:50:54 status half-configured dictionaries-common:all 1.29.7
2024-04-24 10:50:55 status installed dictionaries-common:all 1.29.7
2024-04-24 10:50:55 trigproc libgdk-pixbuf-2.0-0:amd64 2.42.10+dfsg-3ubuntu3 <none>
2024-04-24 10:50:55 status half-configured libgdk-pixbuf-2.0-0:amd64 2.42.10+dfsg-3ubuntu3
2024-04-24 10:50:55 status installed libgdk-pixbuf-2.0-0:amd64 2.42.10+dfsg-3ubuntu3
2024-04-24 10:50:55 trigproc libc-bin:amd64 2.39-0ubuntu8 <none>
2024-04-24 10:50:55 status half-configured libc-bin:amd64 2.39-0ubuntu8
2024-04-24 10:50:55 status installed libc-bin:amd64 2.39-0ubuntu8
2024-04-24 10:50:55 trigproc dbus:amd64 1.14.10-4ubuntu4 <none>
2024-04-24 10:50:55 status half-configured dbus:amd64 1.14.10-4ubuntu4
2024-04-24 10:50:55 status installed dbus:amd64 1.14.10-4ubuntu4
2024-04-24 10:50:55 trigproc ufw:all 0.36.2-6 <none>
2024-04-24 10:50:55 status half-configured ufw:all 0.36.2-6
2024-04-24 10:50:55 status installed ufw:all 0.36.2-6
2024-04-24 10:50:55 trigproc rygel:amd64 0.42.5-1ubuntu3 <none>
2024-04-24 10:50:55 status half-configured rygel:amd64 0.42.5-1ubuntu3
2024-04-24 10:50:55 status installed rygel:amd64 0.42.5-1ubuntu3
2024-04-24 10:50:55 trigproc sgml-base:all 1.31 <none>
2024-04-24 10:50:55 status half-configured sgml-base:all 1.31
2024-04-24 10:50:55 status installed docbook-xml:all 4.5-12
2024-04-24 10:50:55 status installed sgml-base:all 1.31
2024-04-24 10:52:02 startup packages remove
2024-04-24 10:52:02 status installed fonts-arphic-ukai:all 0.2.20080216.2-5
2024-04-24 10:52:02 remove fonts-arphic-ukai:all 0.2.20080216.2-5 <none>
2024-04-24 10:52:02 status half-configured fonts-arphic-ukai:all 0.2.20080216.2-5
2024-04-24 10:52:02 status half-installed fonts-arphic-ukai:all 0.2.20080216.2-5
2024-04-24 10:52:02 status triggers-pending fontconfig:amd64 2.15.0-1.1ubuntu2
2024-04-24 10:52:02 status config-files fonts-arphic-ukai:all 0.2.20080216.2-5
2024-04-24 10:52:02 status installed fonts-arphic-uming:all 0.2.20080216.2-10ubuntu2
2024-04-24 10:52:02 remove fonts-arphic-uming:all 0.2.20080216.2-10ubuntu2 <none>
2024-04-24 10:52:02 status half-configured fonts-arphic-uming:all 0.2.20080216.2-10ubuntu2
2024-04-24 10:52:02 status half-installed fonts-arphic-uming:all 0.2.20080216.2-10ubuntu2
2024-04-24 10:52:02 status config-files fonts-arphic-uming:all 0.2.20080216.2-10ubuntu2
2024-04-24 10:52:02 status installed gnome-user-docs-de:all 46.0-1ubuntu1
2024-04-24 10:52:02 remove gnome-user-docs-de:all 46.0-1ubuntu1 <none>
2024-04-24 10:52:02 status half-configured gnome-user-docs-de:all 46.0-1ubuntu1
2024-04-24 10:52:02 status half-installed gnome-user-docs-de:all 46.0-1ubuntu1
2024-04-24 10:52:02 status config-files gnome-user-docs-de:all 46.0-1ubuntu1
2024-04-24 10:52:02 status not-installed gnome-user-docs-de:all <none>
2024-04-24 10:52:02 status installed gnome-user-docs-es:all 46.0-1ubuntu1
2024-04-24 10:52:02 remove gnome-user-docs-es:all 46.0-1ubuntu1 <none>
2024-04-24 10:52:02 status half-configured gnome-user-docs-es:all 46.0-1ubuntu1
2024-04-24 10:52:02 status half-installed gnome-user-docs-es:all 46.0-1ubuntu1
2024-04-24 10:52:02 status config-files gnome-user-docs-es:all 46.0-1ubuntu1
2024-04-24 10:52:02 status not-installed gnome-user-docs-es:all <none>
2024-04-24 10:52:02 status installed gnome-user-docs-fr:all 46.0-1ubuntu1
2024-04-24 10:52:02 remove gnome-user-docs-fr:all 46.0-1ubuntu1 <none>
2024-04-24 10:52:02 status half-configured gnome-user-docs-fr:all 46.0-1ubuntu1
2024-04-24 10:52:02 status half-installed gnome-user-docs-fr:all 46.0-1ubuntu1
2024-04-24 10:52:02 status config-files gnome-user-docs-fr:all 46.0-1ubuntu1
2024-04-24 10:52:02 status not-installed gnome-user-docs-fr:all <none>
2024-04-24 10:52:02 status installed gnome-user-docs-it:all 46.0-1ubuntu1
2024-04-24 10:52:02 remove gnome-user-docs-it:all 46.0-1ubuntu1 <none>
2024-04-24 10:52:02 status half-configured gnome-user-docs-it:all 46.0-1ubuntu1
2024-04-24 10:52:02 status half-installed gnome-user-docs-it:all 46.0-1ubuntu1
2024-04-24 10:52:02 status config-files gnome-user-docs-it:all 46.0-1ubuntu1
2024-04-24 10:52:02 status not-installed gnome-user-docs-it:all <none>
2024-04-24 10:52:02 status installed gnome-user-docs-pt:all 46.0-1ubuntu1
2024-04-24 10:52:02 remove gnome-user-docs-pt:all 46.0-1ubuntu1 <none>
2024-04-24 10:52:02 status half-configured gnome-user-docs-pt:all 46.0-1ubuntu1
2024-04-24 10:52:02 status half-installed gnome-user-docs-pt:all 46.0-1ubuntu1
2024-04-24 10:52:02 status config-files gnome-user-docs-pt:all 46.0-1ubuntu1
2024-04-24 10:52:02 status not-installed gnome-user-docs-pt:all <none>
2024-04-24 10:52:02 status installed gnome-user-docs-ru:all 46.0-1ubuntu1
2024-04-24 10:52:02 remove gnome-user-docs-ru:all 46.0-1ubuntu1 <none>
2024-04-24 10:52:02 status half-configured gnome-user-docs-ru:all 46.0-1ubuntu1
2024-04-24 10:52:02 status half-installed gnome-user-docs-ru:all 46.0-1ubuntu1
2024-04-24 10:52:02 status config-files gnome-user-docs-ru:all 46.0-1ubuntu1
2024-04-24 10:52:02 status not-installed gnome-user-docs-ru:all <none>
2024-04-24 10:52:02 status installed gnome-user-docs-zh-hans:all 46.0-1ubuntu1
2024-04-24 10:52:02 remove gnome-user-docs-zh-hans:all 46.0-1ubuntu1 <none>
2024-04-24 10:52:02 status half-configured gnome-user-docs-zh-hans:all 46.0-1ubuntu1
2024-04-24 10:52:02 status half-installed gnome-user-docs-zh-hans:all 46.0-1ubuntu1
2024-04-24 10:52:02 status config-files gnome-user-docs-zh-hans:all 46.0-1ubuntu1
2024-04-24 10:52:02 status not-installed gnome-user-docs-zh-hans:all <none>
2024-04-24 10:52:02 status installed ibus-chewing:amd64 2.0.0-1build2
2024-04-24 10:52:02 remove ibus-chewing:amd64 2.0.0-1build2 <none>
2024-04-24 10:52:02 status half-configured ibus-chewing:amd64 2.0.0-1build2
2024-04-24 10:52:02 status half-installed ibus-chewing:amd64 2.0.0-1build2
2024-04-24 10:52:02 status triggers-pending libglib2.0-0t64:amd64 2.80.0-6ubuntu1
2024-04-24 10:52:02 status triggers-pending gnome-menus:amd64 3.36.0-1.1ubuntu3
2024-04-24 10:52:02 status triggers-pending desktop-file-utils:amd64 0.27-2build1
2024-04-24 10:52:02 status config-files ibus-chewing:amd64 2.0.0-1build2
2024-04-24 10:52:02 status not-installed ibus-chewing:amd64 <none>
2024-04-24 10:52:02 status installed ibus-libpinyin:amd64 1.15.7-1build2
2024-04-24 10:52:02 remove ibus-libpinyin:amd64 1.15.7-1build2 <none>
2024-04-24 10:52:02 status half-configured ibus-libpinyin:amd64 1.15.7-1build2
2024-04-24 10:52:02 status half-installed ibus-libpinyin:amd64 1.15.7-1build2
2024-04-24 10:52:02 status config-files ibus-libpinyin:amd64 1.15.7-1build2
2024-04-24 10:52:02 status not-installed ibus-libpinyin:amd64 <none>
2024-04-24 10:52:02 status installed ibus-m17n:amd64 1.4.28-1build2
2024-04-24 10:52:02 remove ibus-m17n:amd64 1.4.28-1build2 <none>
2024-04-24 10:52:02 status half-configured ibus-m17n:amd64 1.4.28-1build2
2024-04-24 10:52:02 status half-installed ibus-m17n:amd64 1.4.28-1build2
2024-04-24 10:52:02 status triggers-pending man-db:amd64 2.12.0-4build2
2024-04-24 10:52:02 status triggers-pending hicolor-icon-theme:all 0.17-2
2024-04-24 10:52:02 status config-files ibus-m17n:amd64 1.4.28-1build2
2024-04-24 10:52:02 status not-installed ibus-m17n:amd64 <none>
2024-04-24 10:52:02 status installed ibus-table-cangjie:all 1.8.12-1
2024-04-24 10:52:02 remove ibus-table-cangjie:all 1.8.12-1 <none>
2024-04-24 10:52:02 status half-configured ibus-table-cangjie:all 1.8.12-1
2024-04-24 10:52:02 status half-installed ibus-table-cangjie:all 1.8.12-1
2024-04-24 10:52:02 status config-files ibus-table-cangjie:all 1.8.12-1
2024-04-24 10:52:02 status not-installed ibus-table-cangjie:all <none>
2024-04-24 10:52:02 status installed ibus-table-quick-classic:all 1.8.12-1
2024-04-24 10:52:02 remove ibus-table-quick-classic:all 1.8.12-1 <none>
2024-04-24 10:52:02 status half-configured ibus-table-quick-classic:all 1.8.12-1
2024-04-24 10:52:02 status half-installed ibus-table-quick-classic:all 1.8.12-1
2024-04-24 10:52:02 status config-files ibus-table-quick-classic:all 1.8.12-1
2024-04-24 10:52:02 status not-installed ibus-table-quick-classic:all <none>
2024-04-24 10:52:02 status installed ibus-table-wubi:all 1.8.12-1
2024-04-24 10:52:02 remove ibus-table-wubi:all 1.8.12-1 <none>
2024-04-24 10:52:02 status half-configured ibus-table-wubi:all 1.8.12-1
2024-04-24 10:52:02 status half-installed ibus-table-wubi:all 1.8.12-1
2024-04-24 10:52:02 status config-files ibus-table-wubi:all 1.8.12-1
2024-04-24 10:52:02 status not-installed ibus-table-wubi:all <none>
2024-04-24 10:52:02 status installed language-pack-gnome-de:all 1:24.04+20240419
2024-04-24 10:52:02 status installed language-pack-gnome-de-base:all 1:24.04+20240419
2024-04-24 10:52:02 status installed language-pack-de-base:all 1:24.04+20240419
2024-04-24 10:52:02 status installed language-pack-de:all 1:24.04+20240419
2024-04-24 10:52:02 status installed language-pack-gnome-es:all 1:24.04+20240419
2024-04-24 10:52:02 status installed language-pack-gnome-es-base:all 1:24.04+20240419
2024-04-24 10:52:02 status installed language-pack-es-base:all 1:24.04+20240419
2024-04-24 10:52:02 status installed language-pack-es:all 1:24.04+20240419
2024-04-24 10:52:02 status installed language-pack-gnome-fr:all 1:24.04+20240419
2024-04-24 10:52:02 status installed language-pack-gnome-fr-base:all 1:24.04+20240419
2024-04-24 10:52:02 status installed language-pack-fr-base:all 1:24.04+20240419
2024-04-24 10:52:02 status installed language-pack-fr:all 1:24.04+20240419
2024-04-24 10:52:02 status installed language-pack-gnome-it:all 1:24.04+20240419
2024-04-24 10:52:02 status installed language-pack-gnome-it-base:all 1:24.04+20240419
2024-04-24 10:52:02 status installed language-pack-gnome-pt:all 1:24.04+20240419
2024-04-24 10:52:02 status installed language-pack-gnome-pt-base:all 1:24.04+20240419
2024-04-24 10:52:02 status installed language-pack-gnome-ru:all 1:24.04+20240419
2024-04-24 10:52:02 status installed language-pack-gnome-ru-base:all 1:24.04+20240419
2024-04-24 10:52:02 status installed language-pack-gnome-zh-hans:all 1:24.04+20240419
2024-04-24 10:52:02 status installed language-pack-gnome-zh-hans-base:all 1:24.04+20240419
2024-04-24 10:52:02 status installed language-pack-it:all 1:24.04+20240419
2024-04-24 10:52:02 status installed language-pack-it-base:all 1:24.04+20240419
2024-04-24 10:52:02 status installed language-pack-pt:all 1:24.04+20240419
2024-04-24 10:52:02 status installed language-pack-pt-base:all 1:24.04+20240419
2024-04-24 10:52:02 status installed language-pack-ru:all 1:24.04+20240419
2024-04-24 10:52:02 status installed language-pack-ru-base:all 1:24.04+20240419
2024-04-24 10:52:02 status installed language-pack-zh-hans:all 1:24.04+20240419
2024-04-24 10:52:02 status installed language-pack-zh-hans-base:all 1:24.04+20240419
2024-04-24 10:52:02 remove language-pack-gnome-de-base:all 1:24.04+20240419 <none>
2024-04-24 10:52:02 status half-configured language-pack-gnome-de-base:all 1:24.04+20240419
2024-04-24 10:52:02 status half-installed language-pack-gnome-de-base:all 1:24.04+20240419
2024-04-24 10:52:03 status config-files language-pack-gnome-de-base:all 1:24.04+20240419
2024-04-24 10:52:03 remove language-pack-de-base:all 1:24.04+20240419 <none>
2024-04-24 10:52:03 status half-configured language-pack-de-base:all 1:24.04+20240419
2024-04-24 10:52:03 status half-installed language-pack-de-base:all 1:24.04+20240419
2024-04-24 10:52:03 status config-files language-pack-de-base:all 1:24.04+20240419
2024-04-24 10:52:03 remove language-pack-gnome-es-base:all 1:24.04+20240419 <none>
2024-04-24 10:52:03 status half-configured language-pack-gnome-es-base:all 1:24.04+20240419
2024-04-24 10:52:03 status half-installed language-pack-gnome-es-base:all 1:24.04+20240419
2024-04-24 10:52:03 status config-files language-pack-gnome-es-base:all 1:24.04+20240419
2024-04-24 10:52:03 remove language-pack-es-base:all 1:24.04+20240419 <none>
2024-04-24 10:52:03 status half-configured language-pack-es-base:all 1:24.04+20240419
2024-04-24 10:52:03 status half-installed language-pack-es-base:all 1:24.04+20240419
2024-04-24 10:52:03 status config-files language-pack-es-base:all 1:24.04+20240419
2024-04-24 10:52:03 remove language-pack-gnome-fr-base:all 1:24.04+20240419 <none>
2024-04-24 10:52:03 status half-configured language-pack-gnome-fr-base:all 1:24.04+20240419
2024-04-24 10:52:03 status half-installed language-pack-gnome-fr-base:all 1:24.04+20240419
2024-04-24 10:52:03 status config-files language-pack-gnome-fr-base:all 1:24.04+20240419
2024-04-24 10:52:03 remove language-pack-fr-base:all 1:24.04+20240419 <none>
2024-04-24 10:52:03 status half-configured language-pack-fr-base:all 1:24.04+20240419
2024-04-24 10:52:03 status half-installed language-pack-fr-base:all 1:24.04+20240419
2024-04-24 10:52:03 status config-files language-pack-fr-base:all 1:24.04+20240419
2024-04-24 10:52:03 remove language-pack-gnome-it-base:all 1:24.04+20240419 <none>
2024-04-24 10:52:03 status half-configured language-pack-gnome-it-base:all 1:24.04+20240419
2024-04-24 10:52:03 status half-installed language-pack-gnome-it-base:all 1:24.04+20240419
2024-04-24 10:52:03 status config-files language-pack-gnome-it-base:all 1:24.04+20240419
2024-04-24 10:52:03 remove language-pack-gnome-pt-base:all 1:24.04+20240419 <none>
2024-04-24 10:52:03 status half-configured language-pack-gnome-pt-base:all 1:24.04+20240419
2024-04-24 10:52:03 status half-installed language-pack-gnome-pt-base:all 1:24.04+20240419
2024-04-24 10:52:03 status config-files language-pack-gnome-pt-base:all 1:24.04+20240419
2024-04-24 10:52:03 remove language-pack-gnome-ru-base:all 1:24.04+20240419 <none>
2024-04-24 10:52:03 status half-configured language-pack-gnome-ru-base:all 1:24.04+20240419
2024-04-24 10:52:03 status half-installed language-pack-gnome-ru-base:all 1:24.04+20240419
2024-04-24 10:52:03 status config-files language-pack-gnome-ru-base:all 1:24.04+20240419
2024-04-24 10:52:03 remove language-pack-gnome-zh-hans-base:all 1:24.04+20240419 <none>
2024-04-24 10:52:03 status half-configured language-pack-gnome-zh-hans-base:all 1:24.04+20240419
2024-04-24 10:52:03 status half-installed language-pack-gnome-zh-hans-base:all 1:24.04+20240419
2024-04-24 10:52:03 status config-files language-pack-gnome-zh-hans-base:all 1:24.04+20240419
2024-04-24 10:52:03 remove language-pack-it-base:all 1:24.04+20240419 <none>
2024-04-24 10:52:03 status half-configured language-pack-it-base:all 1:24.04+20240419
2024-04-24 10:52:03 status half-installed language-pack-it-base:all 1:24.04+20240419
2024-04-24 10:52:03 status config-files language-pack-it-base:all 1:24.04+20240419
2024-04-24 10:52:03 remove language-pack-pt-base:all 1:24.04+20240419 <none>
2024-04-24 10:52:03 status half-configured language-pack-pt-base:all 1:24.04+20240419
2024-04-24 10:52:03 status half-installed language-pack-pt-base:all 1:24.04+20240419
2024-04-24 10:52:03 status config-files language-pack-pt-base:all 1:24.04+20240419
2024-04-24 10:52:03 remove language-pack-ru-base:all 1:24.04+20240419 <none>
2024-04-24 10:52:03 status half-configured language-pack-ru-base:all 1:24.04+20240419
2024-04-24 10:52:03 status half-installed language-pack-ru-base:all 1:24.04+20240419
2024-04-24 10:52:03 status config-files language-pack-ru-base:all 1:24.04+20240419
2024-04-24 10:52:03 remove language-pack-zh-hans-base:all 1:24.04+20240419 <none>
2024-04-24 10:52:03 status half-configured language-pack-zh-hans-base:all 1:24.04+20240419
2024-04-24 10:52:03 status half-installed language-pack-zh-hans-base:all 1:24.04+20240419
2024-04-24 10:52:03 status config-files language-pack-zh-hans-base:all 1:24.04+20240419
2024-04-24 10:52:04 remove language-pack-gnome-de:all 1:24.04+20240419 <none>
2024-04-24 10:52:04 status half-configured language-pack-gnome-de:all 1:24.04+20240419
2024-04-24 10:52:04 status half-installed language-pack-gnome-de:all 1:24.04+20240419
2024-04-24 10:52:04 status config-files language-pack-gnome-de:all 1:24.04+20240419
2024-04-24 10:52:04 status not-installed language-pack-gnome-de:all <none>
2024-04-24 10:52:04 remove language-pack-de:all 1:24.04+20240419 <none>
2024-04-24 10:52:04 status half-configured language-pack-de:all 1:24.04+20240419
2024-04-24 10:52:04 status half-installed language-pack-de:all 1:24.04+20240419
2024-04-24 10:52:04 status config-files language-pack-de:all 1:24.04+20240419
2024-04-24 10:52:04 status not-installed language-pack-de:all <none>
2024-04-24 10:52:04 remove language-pack-gnome-es:all 1:24.04+20240419 <none>
2024-04-24 10:52:04 status half-configured language-pack-gnome-es:all 1:24.04+20240419
2024-04-24 10:52:04 status half-installed language-pack-gnome-es:all 1:24.04+20240419
2024-04-24 10:52:04 status config-files language-pack-gnome-es:all 1:24.04+20240419
2024-04-24 10:52:04 status not-installed language-pack-gnome-es:all <none>
2024-04-24 10:52:04 remove language-pack-es:all 1:24.04+20240419 <none>
2024-04-24 10:52:04 status half-configured language-pack-es:all 1:24.04+20240419
2024-04-24 10:52:04 status half-installed language-pack-es:all 1:24.04+20240419
2024-04-24 10:52:04 status config-files language-pack-es:all 1:24.04+20240419
2024-04-24 10:52:04 status not-installed language-pack-es:all <none>
2024-04-24 10:52:04 remove language-pack-gnome-fr:all 1:24.04+20240419 <none>
2024-04-24 10:52:04 status half-configured language-pack-gnome-fr:all 1:24.04+20240419
2024-04-24 10:52:04 status half-installed language-pack-gnome-fr:all 1:24.04+20240419
2024-04-24 10:52:04 status config-files language-pack-gnome-fr:all 1:24.04+20240419
2024-04-24 10:52:04 status not-installed language-pack-gnome-fr:all <none>
2024-04-24 10:52:04 remove language-pack-fr:all 1:24.04+20240419 <none>
2024-04-24 10:52:04 status half-configured language-pack-fr:all 1:24.04+20240419
2024-04-24 10:52:04 status half-installed language-pack-fr:all 1:24.04+20240419
2024-04-24 10:52:04 status config-files language-pack-fr:all 1:24.04+20240419
2024-04-24 10:52:04 status not-installed language-pack-fr:all <none>
2024-04-24 10:52:04 remove language-pack-gnome-it:all 1:24.04+20240419 <none>
2024-04-24 10:52:04 status half-configured language-pack-gnome-it:all 1:24.04+20240419
2024-04-24 10:52:04 status half-installed language-pack-gnome-it:all 1:24.04+20240419
2024-04-24 10:52:04 status config-files language-pack-gnome-it:all 1:24.04+20240419
2024-04-24 10:52:04 status not-installed language-pack-gnome-it:all <none>
2024-04-24 10:52:04 remove language-pack-gnome-pt:all 1:24.04+20240419 <none>
2024-04-24 10:52:04 status half-configured language-pack-gnome-pt:all 1:24.04+20240419
2024-04-24 10:52:04 status half-installed language-pack-gnome-pt:all 1:24.04+20240419
2024-04-24 10:52:04 status config-files language-pack-gnome-pt:all 1:24.04+20240419
2024-04-24 10:52:04 status not-installed language-pack-gnome-pt:all <none>
2024-04-24 10:52:04 remove language-pack-gnome-ru:all 1:24.04+20240419 <none>
2024-04-24 10:52:04 status half-configured language-pack-gnome-ru:all 1:24.04+20240419
2024-04-24 10:52:04 status half-installed language-pack-gnome-ru:all 1:24.04+20240419
2024-04-24 10:52:04 status config-files language-pack-gnome-ru:all 1:24.04+20240419
2024-04-24 10:52:04 status not-installed language-pack-gnome-ru:all <none>
2024-04-24 10:52:04 remove language-pack-gnome-zh-hans:all 1:24.04+20240419 <none>
2024-04-24 10:52:04 status half-configured language-pack-gnome-zh-hans:all 1:24.04+20240419
2024-04-24 10:52:04 status half-installed language-pack-gnome-zh-hans:all 1:24.04+20240419
2024-04-24 10:52:04 status config-files language-pack-gnome-zh-hans:all 1:24.04+20240419
2024-04-24 10:52:04 status not-installed language-pack-gnome-zh-hans:all <none>
2024-04-24 10:52:04 remove language-pack-it:all 1:24.04+20240419 <none>
2024-04-24 10:52:04 status half-configured language-pack-it:all 1:24.04+20240419
2024-04-24 10:52:04 status half-installed language-pack-it:all 1:24.04+20240419
2024-04-24 10:52:04 status config-files language-pack-it:all 1:24.04+20240419
2024-04-24 10:52:04 status not-installed language-pack-it:all <none>
2024-04-24 10:52:04 remove language-pack-pt:all 1:24.04+20240419 <none>
2024-04-24 10:52:04 status half-configured language-pack-pt:all 1:24.04+20240419
2024-04-24 10:52:04 status half-installed language-pack-pt:all 1:24.04+20240419
2024-04-24 10:52:04 status config-files language-pack-pt:all 1:24.04+20240419
2024-04-24 10:52:04 status not-installed language-pack-pt:all <none>
2024-04-24 10:52:04 remove language-pack-ru:all 1:24.04+20240419 <none>
2024-04-24 10:52:04 status half-configured language-pack-ru:all 1:24.04+20240419
2024-04-24 10:52:04 status half-installed language-pack-ru:all 1:24.04+20240419
2024-04-24 10:52:04 status config-files language-pack-ru:all 1:24.04+20240419
2024-04-24 10:52:04 status not-installed language-pack-ru:all <none>
2024-04-24 10:52:04 remove language-pack-zh-hans:all 1:24.04+20240419 <none>
2024-04-24 10:52:04 status half-configured language-pack-zh-hans:all 1:24.04+20240419
2024-04-24 10:52:04 status half-installed language-pack-zh-hans:all 1:24.04+20240419
2024-04-24 10:52:04 status config-files language-pack-zh-hans:all 1:24.04+20240419
2024-04-24 10:52:04 status not-installed language-pack-zh-hans:all <none>
2024-04-24 10:52:04 startup packages configure
2024-04-24 10:52:04 trigproc desktop-file-utils:amd64 0.27-2build1 <none>
2024-04-24 10:52:04 status half-configured desktop-file-utils:amd64 0.27-2build1
2024-04-24 10:52:04 status installed desktop-file-utils:amd64 0.27-2build1
2024-04-24 10:52:04 trigproc hicolor-icon-theme:all 0.17-2 <none>
2024-04-24 10:52:04 status half-configured hicolor-icon-theme:all 0.17-2
2024-04-24 10:52:04 status installed hicolor-icon-theme:all 0.17-2
2024-04-24 10:52:04 trigproc gnome-menus:amd64 3.36.0-1.1ubuntu3 <none>
2024-04-24 10:52:04 status half-configured gnome-menus:amd64 3.36.0-1.1ubuntu3
2024-04-24 10:52:04 status installed gnome-menus:amd64 3.36.0-1.1ubuntu3
2024-04-24 10:52:04 trigproc man-db:amd64 2.12.0-4build2 <none>
2024-04-24 10:52:04 status half-configured man-db:amd64 2.12.0-4build2
2024-04-24 10:52:04 status installed man-db:amd64 2.12.0-4build2
2024-04-24 10:52:04 trigproc libglib2.0-0t64:amd64 2.80.0-6ubuntu1 <none>
2024-04-24 10:52:04 status half-configured libglib2.0-0t64:amd64 2.80.0-6ubuntu1
2024-04-24 10:52:04 status installed libglib2.0-0t64:amd64 2.80.0-6ubuntu1
2024-04-24 10:52:04 trigproc fontconfig:amd64 2.15.0-1.1ubuntu2 <none>
2024-04-24 10:52:04 status half-configured fontconfig:amd64 2.15.0-1.1ubuntu2
2024-04-24 10:52:05 status installed fontconfig:amd64 2.15.0-1.1ubuntu2
2024-04-24 10:52:05 startup packages purge
2024-04-24 10:52:05 purge language-pack-pt-base:all 1:24.04+20240419 <none>
2024-04-24 10:52:05 status config-files language-pack-pt-base:all 1:24.04+20240419
2024-04-24 10:52:05 status not-installed language-pack-pt-base:all <none>
2024-04-24 10:52:05 purge language-pack-gnome-pt-base:all 1:24.04+20240419 <none>
2024-04-24 10:52:05 status config-files language-pack-gnome-pt-base:all 1:24.04+20240419
2024-04-24 10:52:05 status not-installed language-pack-gnome-pt-base:all <none>
2024-04-24 10:52:05 purge language-pack-zh-hans-base:all 1:24.04+20240419 <none>
2024-04-24 10:52:05 status config-files language-pack-zh-hans-base:all 1:24.04+20240419
2024-04-24 10:52:05 status not-installed language-pack-zh-hans-base:all <none>
2024-04-24 10:52:05 purge language-pack-de-base:all 1:24.04+20240419 <none>
2024-04-24 10:52:05 status config-files language-pack-de-base:all 1:24.04+20240419
2024-04-24 10:52:05 status not-installed language-pack-de-base:all <none>
2024-04-24 10:52:05 purge language-pack-gnome-fr-base:all 1:24.04+20240419 <none>
2024-04-24 10:52:05 status config-files language-pack-gnome-fr-base:all 1:24.04+20240419
2024-04-24 10:52:05 status not-installed language-pack-gnome-fr-base:all <none>
2024-04-24 10:52:05 purge fonts-arphic-uming:all 0.2.20080216.2-10ubuntu2 <none>
2024-04-24 10:52:05 status config-files fonts-arphic-uming:all 0.2.20080216.2-10ubuntu2
2024-04-24 10:52:05 status not-installed fonts-arphic-uming:all <none>
2024-04-24 10:52:05 purge language-pack-gnome-it-base:all 1:24.04+20240419 <none>
2024-04-24 10:52:05 status config-files language-pack-gnome-it-base:all 1:24.04+20240419
2024-04-24 10:52:05 status not-installed language-pack-gnome-it-base:all <none>
2024-04-24 10:52:05 purge language-pack-gnome-de-base:all 1:24.04+20240419 <none>
2024-04-24 10:52:05 status config-files language-pack-gnome-de-base:all 1:24.04+20240419
2024-04-24 10:52:05 status not-installed language-pack-gnome-de-base:all <none>
2024-04-24 10:52:05 purge language-pack-gnome-es-base:all 1:24.04+20240419 <none>
2024-04-24 10:52:05 status config-files language-pack-gnome-es-base:all 1:24.04+20240419
2024-04-24 10:52:05 status not-installed language-pack-gnome-es-base:all <none>
2024-04-24 10:52:05 purge language-pack-it-base:all 1:24.04+20240419 <none>
2024-04-24 10:52:05 status config-files language-pack-it-base:all 1:24.04+20240419
2024-04-24 10:52:05 status not-installed language-pack-it-base:all <none>
2024-04-24 10:52:05 purge language-pack-fr-base:all 1:24.04+20240419 <none>
2024-04-24 10:52:05 status config-files language-pack-fr-base:all 1:24.04+20240419
2024-04-24 10:52:05 status not-installed language-pack-fr-base:all <none>
2024-04-24 10:52:05 purge language-pack-ru-base:all 1:24.04+20240419 <none>
2024-04-24 10:52:05 status config-files language-pack-ru-base:all 1:24.04+20240419
2024-04-24 10:52:05 status not-installed language-pack-ru-base:all <none>
2024-04-24 10:52:05 purge language-pack-gnome-zh-hans-base:all 1:24.04+20240419 <none>
2024-04-24 10:52:05 status config-files language-pack-gnome-zh-hans-base:all 1:24.04+20240419
2024-04-24 10:52:05 status not-installed language-pack-gnome-zh-hans-base:all <none>
2024-04-24 10:52:05 purge language-pack-es-base:all 1:24.04+20240419 <none>
2024-04-24 10:52:05 status config-files language-pack-es-base:all 1:24.04+20240419
2024-04-24 10:52:05 status not-installed language-pack-es-base:all <none>
2024-04-24 10:52:05 purge fonts-arphic-ukai:all 0.2.20080216.2-5 <none>
2024-04-24 10:52:05 status config-files fonts-arphic-ukai:all 0.2.20080216.2-5
2024-04-24 10:52:05 status not-installed fonts-arphic-ukai:all <none>
2024-04-24 10:52:05 purge language-pack-gnome-ru-base:all 1:24.04+20240419 <none>
2024-04-24 10:52:05 status config-files language-pack-gnome-ru-base:all 1:24.04+20240419
2024-04-24 10:52:05 status not-installed language-pack-gnome-ru-base:all <none>
2024-04-24 10:52:05 startup packages configure
2024-06-04 00:12:03 startup archives unpack
2024-06-04 00:12:04 install grub2-common:amd64 <none> 2.12-1ubuntu7
2024-06-04 00:12:04 status half-installed grub2-common:amd64 2.12-1ubuntu7
2024-06-04 00:12:04 status triggers-pending install-info:amd64 7.1-3build2
2024-06-04 00:12:04 status triggers-pending man-db:amd64 2.12.0-4build2
2024-06-04 00:12:04 status unpacked grub2-common:amd64 2.12-1ubuntu7
2024-06-04 00:12:04 install grub-pc-bin:amd64 <none> 2.12-1ubuntu7
2024-06-04 00:12:04 status half-installed grub-pc-bin:amd64 2.12-1ubuntu7
2024-06-04 00:12:05 status unpacked grub-pc-bin:amd64 2.12-1ubuntu7
2024-06-04 00:12:05 install grub-pc:amd64 <none> 2.12-1ubuntu7
2024-06-04 00:12:05 status half-installed grub-pc:amd64 2.12-1ubuntu7
2024-06-04 00:12:05 status unpacked grub-pc:amd64 2.12-1ubuntu7
2024-06-04 00:12:05 install grub-gfxpayload-lists:amd64 <none> 0.7build2
2024-06-04 00:12:05 status half-installed grub-gfxpayload-lists:amd64 0.7build2
2024-06-04 00:12:05 status unpacked grub-gfxpayload-lists:amd64 0.7build2
2024-06-04 00:12:05 startup packages configure
2024-06-04 00:12:05 configure grub2-common:amd64 2.12-1ubuntu7 <none>
2024-06-04 00:12:05 status unpacked grub2-common:amd64 2.12-1ubuntu7
2024-06-04 00:12:05 status half-configured grub2-common:amd64 2.12-1ubuntu7
2024-06-04 00:12:05 status installed grub2-common:amd64 2.12-1ubuntu7
2024-06-04 00:12:05 configure grub-pc-bin:amd64 2.12-1ubuntu7 <none>
2024-06-04 00:12:05 status unpacked grub-pc-bin:amd64 2.12-1ubuntu7
2024-06-04 00:12:05 status half-configured grub-pc-bin:amd64 2.12-1ubuntu7
2024-06-04 00:12:05 status installed grub-pc-bin:amd64 2.12-1ubuntu7
2024-06-04 00:12:05 configure grub-gfxpayload-lists:amd64 0.7build2 <none>
2024-06-04 00:12:05 status unpacked grub-gfxpayload-lists:amd64 0.7build2
2024-06-04 00:12:05 status half-configured grub-gfxpayload-lists:amd64 0.7build2
2024-06-04 00:12:05 status installed grub-gfxpayload-lists:amd64 0.7build2
2024-06-04 00:12:05 configure grub-pc:amd64 2.12-1ubuntu7 <none>
2024-06-04 00:12:05 status unpacked grub-pc:amd64 2.12-1ubuntu7
2024-06-04 00:12:05 status half-configured grub-pc:amd64 2.12-1ubuntu7
2024-06-04 00:12:07 status installed grub-pc:amd64 2.12-1ubuntu7
2024-06-04 00:12:07 trigproc install-info:amd64 7.1-3build2 <none>
2024-06-04 00:12:07 status half-configured install-info:amd64 7.1-3build2
2024-06-04 00:12:07 status installed install-info:amd64 7.1-3build2
2024-06-04 00:12:07 trigproc man-db:amd64 2.12.0-4build2 <none>
2024-06-04 00:12:07 status half-configured man-db:amd64 2.12.0-4build2
2024-06-04 00:12:08 status installed man-db:amd64 2.12.0-4build2
2024-06-04 00:12:38 startup archives unpack
2024-06-04 00:12:39 install libllvm18:amd64 <none> 1:18.1.3-1
2024-06-04 00:12:39 status triggers-pending libc-bin:amd64 2.39-0ubuntu8
2024-06-04 00:12:39 status half-installed libllvm18:amd64 1:18.1.3-1
2024-06-04 00:12:41 status unpacked libllvm18:amd64 1:18.1.3-1
2024-06-04 00:12:42 install libclang-cpp18:amd64 <none> 1:18.1.3-1
2024-06-04 00:12:42 status half-installed libclang-cpp18:amd64 1:18.1.3-1
2024-06-04 00:12:43 status unpacked libclang-cpp18:amd64 1:18.1.3-1
2024-06-04 00:12:43 install libbpfcc:amd64 <none> 0.29.1+ds-1ubuntu7
2024-06-04 00:12:43 status half-installed libbpfcc:amd64 0.29.1+ds-1ubuntu7
2024-06-04 00:12:43 status unpacked libbpfcc:amd64 0.29.1+ds-1ubuntu7
2024-06-04 00:12:43 install python3-bpfcc:all <none> 0.29.1+ds-1ubuntu7
2024-06-04 00:12:43 status half-installed python3-bpfcc:all 0.29.1+ds-1ubuntu7
2024-06-04 00:12:43 status unpacked python3-bpfcc:all 0.29.1+ds-1ubuntu7
2024-06-04 00:12:43 install ieee-data:all <none> 20220827.1
2024-06-04 00:12:43 status half-installed ieee-data:all 20220827.1
2024-06-04 00:12:44 status triggers-pending man-db:amd64 2.12.0-4build2
2024-06-04 00:12:44 status unpacked ieee-data:all 20220827.1
2024-06-04 00:12:44 install python3-netaddr:all <none> 0.8.0-2ubuntu1
2024-06-04 00:12:44 status half-installed python3-netaddr:all 0.8.0-2ubuntu1
2024-06-04 00:12:44 status unpacked python3-netaddr:all 0.8.0-2ubuntu1
2024-06-04 00:12:44 install bpfcc-tools:all <none> 0.29.1+ds-1ubuntu7
2024-06-04 00:12:44 status half-installed bpfcc-tools:all 0.29.1+ds-1ubuntu7
2024-06-04 00:12:44 status unpacked bpfcc-tools:all 0.29.1+ds-1ubuntu7
2024-06-04 00:12:44 install libclang1-18:amd64 <none> 1:18.1.3-1
2024-06-04 00:12:44 status half-installed libclang1-18:amd64 1:18.1.3-1
2024-06-04 00:12:45 status unpacked libclang1-18:amd64 1:18.1.3-1
2024-06-04 00:12:45 install bpftrace:amd64 <none> 0.20.2-1ubuntu4
2024-06-04 00:12:45 status half-installed bpftrace:amd64 0.20.2-1ubuntu4
2024-06-04 00:12:45 status unpacked bpftrace:amd64 0.20.2-1ubuntu4
2024-06-04 00:12:46 install firmware-sof-signed:all <none> 2023.12.1-1ubuntu1
2024-06-04 00:12:46 status half-installed firmware-sof-signed:all 2023.12.1-1ubuntu1
2024-06-04 00:12:46 status unpacked firmware-sof-signed:all 2023.12.1-1ubuntu1
2024-06-04 00:12:46 install hwdata:all <none> 0.379-1
2024-06-04 00:12:46 status half-installed hwdata:all 0.379-1
2024-06-04 00:12:46 status unpacked hwdata:all 0.379-1
2024-06-04 00:12:46 install iucode-tool:amd64 <none> 2.3.1-3build1
2024-06-04 00:12:46 status half-installed iucode-tool:amd64 2.3.1-3build1
2024-06-04 00:12:46 status unpacked iucode-tool:amd64 2.3.1-3build1
2024-06-04 00:12:46 install libc-dev-bin:amd64 <none> 2.39-0ubuntu8
2024-06-04 00:12:46 status half-installed libc-dev-bin:amd64 2.39-0ubuntu8
2024-06-04 00:12:46 status unpacked libc-dev-bin:amd64 2.39-0ubuntu8
2024-06-04 00:12:46 install libc-devtools:amd64 <none> 2.39-0ubuntu8
2024-06-04 00:12:46 status half-installed libc-devtools:amd64 2.39-0ubuntu8
2024-06-04 00:12:47 status unpacked libc-devtools:amd64 2.39-0ubuntu8
2024-06-04 00:12:47 install linux-libc-dev:amd64 <none> 6.8.0-31.31
2024-06-04 00:12:47 status half-installed linux-libc-dev:amd64 6.8.0-31.31
2024-06-04 00:12:47 status unpacked linux-libc-dev:amd64 6.8.0-31.31
2024-06-04 00:12:48 install libcrypt-dev:amd64 <none> 1:4.4.36-4build1
2024-06-04 00:12:48 status half-installed libcrypt-dev:amd64 1:4.4.36-4build1
2024-06-04 00:12:48 status unpacked libcrypt-dev:amd64 1:4.4.36-4build1
2024-06-04 00:12:48 install rpcsvc-proto:amd64 <none> 1.4.2-0ubuntu7
2024-06-04 00:12:48 status half-installed rpcsvc-proto:amd64 1.4.2-0ubuntu7
2024-06-04 00:12:48 status unpacked rpcsvc-proto:amd64 1.4.2-0ubuntu7
2024-06-04 00:12:48 install libc6-dev:amd64 <none> 2.39-0ubuntu8
2024-06-04 00:12:48 status half-installed libc6-dev:amd64 2.39-0ubuntu8
2024-06-04 00:12:48 status unpacked libc6-dev:amd64 2.39-0ubuntu8
2024-06-04 00:12:49 install linux-firmware:amd64 <none> 20240318.git3b128b60-0ubuntu2
2024-06-04 00:12:49 status half-installed linux-firmware:amd64 20240318.git3b128b60-0ubuntu2
2024-06-04 00:12:58 status unpacked linux-firmware:amd64 20240318.git3b128b60-0ubuntu2
2024-06-04 00:12:58 install linux-modules-6.8.0-31-generic:amd64 <none> 6.8.0-31.31
2024-06-04 00:12:58 status half-installed linux-modules-6.8.0-31-generic:amd64 6.8.0-31.31
2024-06-04 00:13:00 status unpacked linux-modules-6.8.0-31-generic:amd64 6.8.0-31.31
2024-06-04 00:13:00 install linux-image-6.8.0-31-generic:amd64 <none> 6.8.0-31.31
2024-06-04 00:13:00 status half-installed linux-image-6.8.0-31-generic:amd64 6.8.0-31.31
2024-06-04 00:13:01 status unpacked linux-image-6.8.0-31-generic:amd64 6.8.0-31.31
2024-06-04 00:13:01 install linux-modules-extra-6.8.0-31-generic:amd64 <none> 6.8.0-31.31
2024-06-04 00:13:01 status half-installed linux-modules-extra-6.8.0-31-generic:amd64 6.8.0-31.31
2024-06-04 00:13:06 status unpacked linux-modules-extra-6.8.0-31-generic:amd64 6.8.0-31.31
2024-06-04 00:13:06 install intel-microcode:amd64 <none> 3.20240312.1build1
2024-06-04 00:13:06 status half-installed intel-microcode:amd64 3.20240312.1build1
2024-06-04 00:13:06 status unpacked intel-microcode:amd64 3.20240312.1build1
2024-06-04 00:13:06 install amd64-microcode:amd64 <none> 3.20231019.1ubuntu2
2024-06-04 00:13:06 status half-installed amd64-microcode:amd64 3.20231019.1ubuntu2
2024-06-04 00:13:06 status unpacked amd64-microcode:amd64 3.20231019.1ubuntu2
2024-06-04 00:13:07 install linux-image-generic-hwe-24.04:amd64 <none> 6.8.0-31.31
2024-06-04 00:13:07 status half-installed linux-image-generic-hwe-24.04:amd64 6.8.0-31.31
2024-06-04 00:13:07 status unpacked linux-image-generic-hwe-24.04:amd64 6.8.0-31.31
2024-06-04 00:13:07 install linux-headers-6.8.0-31:all <none> 6.8.0-31.31
2024-06-04 00:13:07 status half-installed linux-headers-6.8.0-31:all 6.8.0-31.31
2024-06-04 00:13:19 status unpacked linux-headers-6.8.0-31:all 6.8.0-31.31
2024-06-04 00:13:19 install linux-headers-6.8.0-31-generic:amd64 <none> 6.8.0-31.31
2024-06-04 00:13:19 status half-installed linux-headers-6.8.0-31-generic:amd64 6.8.0-31.31
2024-06-04 00:13:22 status unpacked linux-headers-6.8.0-31-generic:amd64 6.8.0-31.31
2024-06-04 00:13:23 install linux-headers-generic-hwe-24.04:amd64 <none> 6.8.0-31.31
2024-06-04 00:13:23 status half-installed linux-headers-generic-hwe-24.04:amd64 6.8.0-31.31
2024-06-04 00:13:23 status unpacked linux-headers-generic-hwe-24.04:amd64 6.8.0-31.31
2024-06-04 00:13:23 install linux-generic-hwe-24.04:amd64 <none> 6.8.0-31.31
2024-06-04 00:13:23 status half-installed linux-generic-hwe-24.04:amd64 6.8.0-31.31
2024-06-04 00:13:23 status unpacked linux-generic-hwe-24.04:amd64 6.8.0-31.31
2024-06-04 00:13:23 install linux-tools-common:all <none> 6.8.0-31.31
2024-06-04 00:13:23 status half-installed linux-tools-common:all 6.8.0-31.31
2024-06-04 00:13:23 status unpacked linux-tools-common:all 6.8.0-31.31
2024-06-04 00:13:23 install linux-tools-6.8.0-31:amd64 <none> 6.8.0-31.31
2024-06-04 00:13:23 status half-installed linux-tools-6.8.0-31:amd64 6.8.0-31.31
2024-06-04 00:13:23 status unpacked linux-tools-6.8.0-31:amd64 6.8.0-31.31
2024-06-04 00:13:23 install linux-tools-6.8.0-31-generic:amd64 <none> 6.8.0-31.31
2024-06-04 00:13:23 status half-installed linux-tools-6.8.0-31-generic:amd64 6.8.0-31.31
2024-06-04 00:13:24 status unpacked linux-tools-6.8.0-31-generic:amd64 6.8.0-31.31
2024-06-04 00:13:24 install manpages-dev:all <none> 6.7-2
2024-06-04 00:13:24 status half-installed manpages-dev:all 6.7-2
2024-06-04 00:13:25 status unpacked manpages-dev:all 6.7-2
2024-06-04 00:13:25 install thermald:amd64 <none> 2.5.6-2build2
2024-06-04 00:13:25 status half-installed thermald:amd64 2.5.6-2build2
2024-06-04 00:13:25 status triggers-pending dbus:amd64 1.14.10-4ubuntu4
2024-06-04 00:13:25 status unpacked thermald:amd64 2.5.6-2build2
2024-06-04 00:13:25 install ubuntu-kernel-accessories:amd64 <none> 1.539
2024-06-04 00:13:25 status half-installed ubuntu-kernel-accessories:amd64 1.539
2024-06-04 00:13:25 status unpacked ubuntu-kernel-accessories:amd64 1.539
2024-06-04 00:13:25 startup packages configure
2024-06-04 00:13:25 configure manpages-dev:all 6.7-2 <none>
2024-06-04 00:13:25 status unpacked manpages-dev:all 6.7-2
2024-06-04 00:13:25 status half-configured manpages-dev:all 6.7-2
2024-06-04 00:13:25 status installed manpages-dev:all 6.7-2
2024-06-04 00:13:25 configure ubuntu-kernel-accessories:amd64 1.539 <none>
2024-06-04 00:13:25 status unpacked ubuntu-kernel-accessories:amd64 1.539
2024-06-04 00:13:25 status half-configured ubuntu-kernel-accessories:amd64 1.539
2024-06-04 00:13:25 status installed ubuntu-kernel-accessories:amd64 1.539
2024-06-04 00:13:25 configure iucode-tool:amd64 2.3.1-3build1 <none>
2024-06-04 00:13:25 status unpacked iucode-tool:amd64 2.3.1-3build1
2024-06-04 00:13:25 status half-configured iucode-tool:amd64 2.3.1-3build1
2024-06-04 00:13:25 status installed iucode-tool:amd64 2.3.1-3build1
2024-06-04 00:13:25 configure linux-firmware:amd64 20240318.git3b128b60-0ubuntu2 <none>
2024-06-04 00:13:25 status unpacked linux-firmware:amd64 20240318.git3b128b60-0ubuntu2
2024-06-04 00:13:25 status half-configured linux-firmware:amd64 20240318.git3b128b60-0ubuntu2
2024-06-04 00:13:25 status installed linux-firmware:amd64 20240318.git3b128b60-0ubuntu2
2024-06-04 00:13:25 status triggers-pending initramfs-tools:all 0.142ubuntu25
2024-06-04 00:13:25 configure intel-microcode:amd64 3.20240312.1build1 <none>
2024-06-04 00:13:25 status unpacked intel-microcode:amd64 3.20240312.1build1
2024-06-04 00:13:25 status half-configured intel-microcode:amd64 3.20240312.1build1
2024-06-04 00:13:25 status installed intel-microcode:amd64 3.20240312.1build1
2024-06-04 00:13:25 configure firmware-sof-signed:all 2023.12.1-1ubuntu1 <none>
2024-06-04 00:13:25 status unpacked firmware-sof-signed:all 2023.12.1-1ubuntu1
2024-06-04 00:13:25 status half-configured firmware-sof-signed:all 2023.12.1-1ubuntu1
2024-06-04 00:13:25 status installed firmware-sof-signed:all 2023.12.1-1ubuntu1
2024-06-04 00:13:25 configure linux-libc-dev:amd64 6.8.0-31.31 <none>
2024-06-04 00:13:25 status unpacked linux-libc-dev:amd64 6.8.0-31.31
2024-06-04 00:13:25 status half-configured linux-libc-dev:amd64 6.8.0-31.31
2024-06-04 00:13:25 status installed linux-libc-dev:amd64 6.8.0-31.31
2024-06-04 00:13:25 configure amd64-microcode:amd64 3.20231019.1ubuntu2 <none>
2024-06-04 00:13:25 status unpacked amd64-microcode:amd64 3.20231019.1ubuntu2
2024-06-04 00:13:25 status half-configured amd64-microcode:amd64 3.20231019.1ubuntu2
2024-06-04 00:13:25 status installed amd64-microcode:amd64 3.20231019.1ubuntu2
2024-06-04 00:13:25 configure hwdata:all 0.379-1 <none>
2024-06-04 00:13:25 status unpacked hwdata:all 0.379-1
2024-06-04 00:13:25 status half-configured hwdata:all 0.379-1
2024-06-04 00:13:25 status installed hwdata:all 0.379-1
2024-06-04 00:13:25 configure linux-modules-6.8.0-31-generic:amd64 6.8.0-31.31 <none>
2024-06-04 00:13:25 status unpacked linux-modules-6.8.0-31-generic:amd64 6.8.0-31.31
2024-06-04 00:13:25 status half-configured linux-modules-6.8.0-31-generic:amd64 6.8.0-31.31
2024-06-04 00:13:34 status installed linux-modules-6.8.0-31-generic:amd64 6.8.0-31.31
2024-06-04 00:13:34 configure rpcsvc-proto:amd64 1.4.2-0ubuntu7 <none>
2024-06-04 00:13:34 status unpacked rpcsvc-proto:amd64 1.4.2-0ubuntu7
2024-06-04 00:13:34 status half-configured rpcsvc-proto:amd64 1.4.2-0ubuntu7
2024-06-04 00:13:34 status installed rpcsvc-proto:amd64 1.4.2-0ubuntu7
2024-06-04 00:13:34 configure linux-modules-extra-6.8.0-31-generic:amd64 6.8.0-31.31 <none>
2024-06-04 00:13:34 status unpacked linux-modules-extra-6.8.0-31-generic:amd64 6.8.0-31.31
2024-06-04 00:13:34 status half-configured linux-modules-extra-6.8.0-31-generic:amd64 6.8.0-31.31
2024-06-04 00:13:43 status installed linux-modules-extra-6.8.0-31-generic:amd64 6.8.0-31.31
2024-06-04 00:13:43 configure linux-image-6.8.0-31-generic:amd64 6.8.0-31.31 <none>
2024-06-04 00:13:43 status unpacked linux-image-6.8.0-31-generic:amd64 6.8.0-31.31
2024-06-04 00:13:43 status half-configured linux-image-6.8.0-31-generic:amd64 6.8.0-31.31
2024-06-04 00:13:51 status installed linux-image-6.8.0-31-generic:amd64 6.8.0-31.31
2024-06-04 00:13:51 status triggers-pending linux-image-6.8.0-31-generic:amd64 6.8.0-31.31
2024-06-04 00:13:51 configure ieee-data:all 20220827.1 <none>
2024-06-04 00:13:51 status unpacked ieee-data:all 20220827.1
2024-06-04 00:13:51 status half-configured ieee-data:all 20220827.1
2024-06-04 00:13:51 status installed ieee-data:all 20220827.1
2024-06-04 00:13:51 configure linux-headers-6.8.0-31:all 6.8.0-31.31 <none>
2024-06-04 00:13:51 status unpacked linux-headers-6.8.0-31:all 6.8.0-31.31
2024-06-04 00:13:51 status half-configured linux-headers-6.8.0-31:all 6.8.0-31.31
2024-06-04 00:13:51 status installed linux-headers-6.8.0-31:all 6.8.0-31.31
2024-06-04 00:13:51 configure libcrypt-dev:amd64 1:4.4.36-4build1 <none>
2024-06-04 00:13:51 status unpacked libcrypt-dev:amd64 1:4.4.36-4build1
2024-06-04 00:13:51 status half-configured libcrypt-dev:amd64 1:4.4.36-4build1
2024-06-04 00:13:51 status installed libcrypt-dev:amd64 1:4.4.36-4build1
2024-06-04 00:13:52 configure libc-dev-bin:amd64 2.39-0ubuntu8 <none>
2024-06-04 00:13:52 status unpacked libc-dev-bin:amd64 2.39-0ubuntu8
2024-06-04 00:13:52 status half-configured libc-dev-bin:amd64 2.39-0ubuntu8
2024-06-04 00:13:52 status installed libc-dev-bin:amd64 2.39-0ubuntu8
2024-06-04 00:13:52 configure linux-tools-common:all 6.8.0-31.31 <none>
2024-06-04 00:13:52 status unpacked linux-tools-common:all 6.8.0-31.31
2024-06-04 00:13:52 status half-configured linux-tools-common:all 6.8.0-31.31
2024-06-04 00:13:52 status installed linux-tools-common:all 6.8.0-31.31
2024-06-04 00:13:52 configure thermald:amd64 2.5.6-2build2 <none>
2024-06-04 00:13:52 status unpacked thermald:amd64 2.5.6-2build2
2024-06-04 00:13:52 status half-configured thermald:amd64 2.5.6-2build2
2024-06-04 00:13:52 status installed thermald:amd64 2.5.6-2build2
2024-06-04 00:13:52 configure libc-devtools:amd64 2.39-0ubuntu8 <none>
2024-06-04 00:13:52 status unpacked libc-devtools:amd64 2.39-0ubuntu8
2024-06-04 00:13:52 status half-configured libc-devtools:amd64 2.39-0ubuntu8
2024-06-04 00:13:52 status installed libc-devtools:amd64 2.39-0ubuntu8
2024-06-04 00:13:52 configure libllvm18:amd64 1:18.1.3-1 <none>
2024-06-04 00:13:52 status unpacked libllvm18:amd64 1:18.1.3-1
2024-06-04 00:13:52 status half-configured libllvm18:amd64 1:18.1.3-1
2024-06-04 00:13:52 status installed libllvm18:amd64 1:18.1.3-1
2024-06-04 00:13:52 configure libclang1-18:amd64 1:18.1.3-1 <none>
2024-06-04 00:13:52 status unpacked libclang1-18:amd64 1:18.1.3-1
2024-06-04 00:13:52 status half-configured libclang1-18:amd64 1:18.1.3-1
2024-06-04 00:13:52 status installed libclang1-18:amd64 1:18.1.3-1
2024-06-04 00:13:52 configure linux-image-generic-hwe-24.04:amd64 6.8.0-31.31 <none>
2024-06-04 00:13:52 status unpacked linux-image-generic-hwe-24.04:amd64 6.8.0-31.31
2024-06-04 00:13:52 status half-configured linux-image-generic-hwe-24.04:amd64 6.8.0-31.31
2024-06-04 00:13:52 status installed linux-image-generic-hwe-24.04:amd64 6.8.0-31.31
2024-06-04 00:13:52 configure linux-tools-6.8.0-31:amd64 6.8.0-31.31 <none>
2024-06-04 00:13:52 status unpacked linux-tools-6.8.0-31:amd64 6.8.0-31.31
2024-06-04 00:13:52 status half-configured linux-tools-6.8.0-31:amd64 6.8.0-31.31
2024-06-04 00:13:52 status installed linux-tools-6.8.0-31:amd64 6.8.0-31.31
2024-06-04 00:13:52 configure linux-headers-6.8.0-31-generic:amd64 6.8.0-31.31 <none>
2024-06-04 00:13:52 status unpacked linux-headers-6.8.0-31-generic:amd64 6.8.0-31.31
2024-06-04 00:13:52 status half-configured linux-headers-6.8.0-31-generic:amd64 6.8.0-31.31
2024-06-04 00:13:52 status installed linux-headers-6.8.0-31-generic:amd64 6.8.0-31.31
2024-06-04 00:13:52 configure python3-netaddr:all 0.8.0-2ubuntu1 <none>
2024-06-04 00:13:52 status unpacked python3-netaddr:all 0.8.0-2ubuntu1
2024-06-04 00:13:52 status half-configured python3-netaddr:all 0.8.0-2ubuntu1
2024-06-04 00:13:53 status installed python3-netaddr:all 0.8.0-2ubuntu1
2024-06-04 00:13:53 configure linux-headers-generic-hwe-24.04:amd64 6.8.0-31.31 <none>
2024-06-04 00:13:53 status unpacked linux-headers-generic-hwe-24.04:amd64 6.8.0-31.31
2024-06-04 00:13:53 status half-configured linux-headers-generic-hwe-24.04:amd64 6.8.0-31.31
2024-06-04 00:13:53 status installed linux-headers-generic-hwe-24.04:amd64 6.8.0-31.31
2024-06-04 00:13:53 configure libc6-dev:amd64 2.39-0ubuntu8 <none>
2024-06-04 00:13:53 status unpacked libc6-dev:amd64 2.39-0ubuntu8
2024-06-04 00:13:53 status half-configured libc6-dev:amd64 2.39-0ubuntu8
2024-06-04 00:13:53 status installed libc6-dev:amd64 2.39-0ubuntu8
2024-06-04 00:13:53 configure libclang-cpp18:amd64 1:18.1.3-1 <none>
2024-06-04 00:13:53 status unpacked libclang-cpp18:amd64 1:18.1.3-1
2024-06-04 00:13:53 status half-configured libclang-cpp18:amd64 1:18.1.3-1
2024-06-04 00:13:53 status installed libclang-cpp18:amd64 1:18.1.3-1
2024-06-04 00:13:53 configure libbpfcc:amd64 0.29.1+ds-1ubuntu7 <none>
2024-06-04 00:13:53 status unpacked libbpfcc:amd64 0.29.1+ds-1ubuntu7
2024-06-04 00:13:53 status half-configured libbpfcc:amd64 0.29.1+ds-1ubuntu7
2024-06-04 00:13:53 status installed libbpfcc:amd64 0.29.1+ds-1ubuntu7
2024-06-04 00:13:53 configure python3-bpfcc:all 0.29.1+ds-1ubuntu7 <none>
2024-06-04 00:13:53 status unpacked python3-bpfcc:all 0.29.1+ds-1ubuntu7
2024-06-04 00:13:53 status half-configured python3-bpfcc:all 0.29.1+ds-1ubuntu7
2024-06-04 00:13:54 status installed python3-bpfcc:all 0.29.1+ds-1ubuntu7
2024-06-04 00:13:54 configure linux-tools-6.8.0-31-generic:amd64 6.8.0-31.31 <none>
2024-06-04 00:13:54 status unpacked linux-tools-6.8.0-31-generic:amd64 6.8.0-31.31
2024-06-04 00:13:54 status half-configured linux-tools-6.8.0-31-generic:amd64 6.8.0-31.31
2024-06-04 00:13:54 status installed linux-tools-6.8.0-31-generic:amd64 6.8.0-31.31
2024-06-04 00:13:54 configure bpftrace:amd64 0.20.2-1ubuntu4 <none>
2024-06-04 00:13:54 status unpacked bpftrace:amd64 0.20.2-1ubuntu4
2024-06-04 00:13:54 status half-configured bpftrace:amd64 0.20.2-1ubuntu4
2024-06-04 00:13:54 status installed bpftrace:amd64 0.20.2-1ubuntu4
2024-06-04 00:13:54 configure linux-generic-hwe-24.04:amd64 6.8.0-31.31 <none>
2024-06-04 00:13:54 status unpacked linux-generic-hwe-24.04:amd64 6.8.0-31.31
2024-06-04 00:13:54 status half-configured linux-generic-hwe-24.04:amd64 6.8.0-31.31
2024-06-04 00:13:54 status installed linux-generic-hwe-24.04:amd64 6.8.0-31.31
2024-06-04 00:13:54 configure bpfcc-tools:all 0.29.1+ds-1ubuntu7 <none>
2024-06-04 00:13:54 status unpacked bpfcc-tools:all 0.29.1+ds-1ubuntu7
2024-06-04 00:13:54 status half-configured bpfcc-tools:all 0.29.1+ds-1ubuntu7
2024-06-04 00:13:54 status installed bpfcc-tools:all 0.29.1+ds-1ubuntu7
2024-06-04 00:13:54 trigproc libc-bin:amd64 2.39-0ubuntu8 <none>
2024-06-04 00:13:54 status half-configured libc-bin:amd64 2.39-0ubuntu8
2024-06-04 00:13:55 status installed libc-bin:amd64 2.39-0ubuntu8
2024-06-04 00:13:55 trigproc man-db:amd64 2.12.0-4build2 <none>
2024-06-04 00:13:55 status half-configured man-db:amd64 2.12.0-4build2
2024-06-04 00:14:01 status installed man-db:amd64 2.12.0-4build2
2024-06-04 00:14:01 trigproc dbus:amd64 1.14.10-4ubuntu4 <none>
2024-06-04 00:14:01 status half-configured dbus:amd64 1.14.10-4ubuntu4
2024-06-04 00:14:01 status installed dbus:amd64 1.14.10-4ubuntu4
2024-06-04 00:14:01 trigproc initramfs-tools:all 0.142ubuntu25 <none>
2024-06-04 00:14:01 status half-configured initramfs-tools:all 0.142ubuntu25
2024-06-04 00:14:01 status installed initramfs-tools:all 0.142ubuntu25
2024-06-04 00:14:01 trigproc linux-image-6.8.0-31-generic:amd64 6.8.0-31.31 <none>
2024-06-04 00:14:01 status half-configured linux-image-6.8.0-31-generic:amd64 6.8.0-31.31
2024-06-04 00:14:01 status installed linux-image-6.8.0-31-generic:amd64 6.8.0-31.31
2024-06-03 20:22:01 startup archives unpack
2024-06-03 20:22:01 install virtualbox-guest-utils:amd64 <none> 7.0.16-dfsg-2
2024-06-03 20:22:01 status half-installed virtualbox-guest-utils:amd64 7.0.16-dfsg-2
2024-06-03 20:22:02 status triggers-pending man-db:amd64 2.12.0-4build2
2024-06-03 20:22:02 status unpacked virtualbox-guest-utils:amd64 7.0.16-dfsg-2
2024-06-03 20:22:02 install virtualbox-guest-x11:amd64 <none> 7.0.16-dfsg-2
2024-06-03 20:22:02 status half-installed virtualbox-guest-x11:amd64 7.0.16-dfsg-2
2024-06-03 20:22:02 status unpacked virtualbox-guest-x11:amd64 7.0.16-dfsg-2
2024-06-03 20:22:02 startup packages configure
2024-06-03 20:22:02 configure virtualbox-guest-utils:amd64 7.0.16-dfsg-2 <none>
2024-06-03 20:22:02 status unpacked virtualbox-guest-utils:amd64 7.0.16-dfsg-2
2024-06-03 20:22:02 status half-configured virtualbox-guest-utils:amd64 7.0.16-dfsg-2
2024-06-03 20:22:05 status installed virtualbox-guest-utils:amd64 7.0.16-dfsg-2
2024-06-03 20:22:05 configure virtualbox-guest-x11:amd64 7.0.16-dfsg-2 <none>
2024-06-03 20:22:05 status unpacked virtualbox-guest-x11:amd64 7.0.16-dfsg-2
2024-06-03 20:22:05 status half-configured virtualbox-guest-x11:amd64 7.0.16-dfsg-2
2024-06-03 20:22:06 status installed virtualbox-guest-x11:amd64 7.0.16-dfsg-2
2024-06-03 20:22:06 trigproc man-db:amd64 2.12.0-4build2 <none>
2024-06-03 20:22:06 status half-configured man-db:amd64 2.12.0-4build2
2024-06-03 20:22:08 status installed man-db:amd64 2.12.0-4build2
2026-07-18 10:52:23 startup archives unpack
2026-07-18 10:52:25 install tree:amd64 <none> 2.1.1-2ubuntu3.24.04.2
2026-07-18 10:52:25 status half-installed tree:amd64 2.1.1-2ubuntu3.24.04.2
2026-07-18 10:52:25 status triggers-pending man-db:amd64 2.12.0-4build2
2026-07-18 10:52:25 status unpacked tree:amd64 2.1.1-2ubuntu3.24.04.2
2026-07-18 10:52:25 startup packages configure
2026-07-18 10:52:25 configure tree:amd64 2.1.1-2ubuntu3.24.04.2 <none>
2026-07-18 10:52:25 status unpacked tree:amd64 2.1.1-2ubuntu3.24.04.2
2026-07-18 10:52:25 status half-configured tree:amd64 2.1.1-2ubuntu3.24.04.2
2026-07-18 10:52:25 status installed tree:amd64 2.1.1-2ubuntu3.24.04.2
2026-07-18 10:52:25 trigproc man-db:amd64 2.12.0-4build2 <none>
2026-07-18 10:52:25 status half-configured man-db:amd64 2.12.0-4build2
2026-07-18 10:52:33 status installed man-db:amd64 2.12.0-4build2
2026-07-18 10:56:35 startup packages remove
2026-07-18 10:56:35 status installed tree:amd64 2.1.1-2ubuntu3.24.04.2
2026-07-18 10:56:36 remove tree:amd64 2.1.1-2ubuntu3.24.04.2 <none>
2026-07-18 10:56:36 status half-configured tree:amd64 2.1.1-2ubuntu3.24.04.2
2026-07-18 10:56:36 status half-installed tree:amd64 2.1.1-2ubuntu3.24.04.2
2026-07-18 10:56:36 status triggers-pending man-db:amd64 2.12.0-4build2
2026-07-18 10:56:36 status config-files tree:amd64 2.1.1-2ubuntu3.24.04.2
2026-07-18 10:56:36 status not-installed tree:amd64 <none>
2026-07-18 10:56:36 startup packages configure
2026-07-18 10:56:36 trigproc man-db:amd64 2.12.0-4build2 <none>
2026-07-18 10:56:36 status half-configured man-db:amd64 2.12.0-4build2
2026-07-18 10:56:37 status installed man-db:amd64 2.12.0-4build2
2026-07-18 11:11:01 startup archives unpack
2026-07-18 11:11:03 upgrade ncurses-bin:amd64 6.4+20240113-1ubuntu2 6.4+20240113-1ubuntu2.1
2026-07-18 11:11:03 status half-configured ncurses-bin:amd64 6.4+20240113-1ubuntu2
2026-07-18 11:11:03 status unpacked ncurses-bin:amd64 6.4+20240113-1ubuntu2
2026-07-18 11:11:03 status half-installed ncurses-bin:amd64 6.4+20240113-1ubuntu2
2026-07-18 11:11:03 status triggers-pending man-db:amd64 2.12.0-4build2
2026-07-18 11:11:04 status unpacked ncurses-bin:amd64 6.4+20240113-1ubuntu2.1
2026-07-18 11:11:04 startup packages configure
2026-07-18 11:11:04 configure ncurses-bin:amd64 6.4+20240113-1ubuntu2.1 <none>
2026-07-18 11:11:04 status unpacked ncurses-bin:amd64 6.4+20240113-1ubuntu2.1
2026-07-18 11:11:04 status half-configured ncurses-bin:amd64 6.4+20240113-1ubuntu2.1
2026-07-18 11:11:04 status installed ncurses-bin:amd64 6.4+20240113-1ubuntu2.1
2026-07-18 11:11:04 startup archives unpack
2026-07-18 11:11:04 upgrade ncurses-base:all 6.4+20240113-1ubuntu2 6.4+20240113-1ubuntu2.1
2026-07-18 11:11:04 status half-configured ncurses-base:all 6.4+20240113-1ubuntu2
2026-07-18 11:11:04 status unpacked ncurses-base:all 6.4+20240113-1ubuntu2
2026-07-18 11:11:04 status half-installed ncurses-base:all 6.4+20240113-1ubuntu2
2026-07-18 11:11:04 status unpacked ncurses-base:all 6.4+20240113-1ubuntu2.1
2026-07-18 11:11:04 startup packages configure
2026-07-18 11:11:04 configure ncurses-base:all 6.4+20240113-1ubuntu2.1 <none>
2026-07-18 11:11:04 status unpacked ncurses-base:all 6.4+20240113-1ubuntu2.1
2026-07-18 11:11:05 status half-configured ncurses-base:all 6.4+20240113-1ubuntu2.1
2026-07-18 11:11:05 status installed ncurses-base:all 6.4+20240113-1ubuntu2.1
2026-07-18 11:11:05 startup archives unpack
2026-07-18 11:11:05 upgrade openssh-client:amd64 1:9.6p1-3ubuntu13 1:9.6p1-3ubuntu13.18
2026-07-18 11:11:05 status half-configured openssh-client:amd64 1:9.6p1-3ubuntu13
2026-07-18 11:11:05 status unpacked openssh-client:amd64 1:9.6p1-3ubuntu13
2026-07-18 11:11:05 status half-installed openssh-client:amd64 1:9.6p1-3ubuntu13
2026-07-18 11:11:05 status unpacked openssh-client:amd64 1:9.6p1-3ubuntu13.18
2026-07-18 11:11:05 install openssh-sftp-server:amd64 <none> 1:9.6p1-3ubuntu13.18
2026-07-18 11:11:05 status half-installed openssh-sftp-server:amd64 1:9.6p1-3ubuntu13.18
2026-07-18 11:11:06 status unpacked openssh-sftp-server:amd64 1:9.6p1-3ubuntu13.18
2026-07-18 11:11:06 install openssh-server:amd64 <none> 1:9.6p1-3ubuntu13.18
2026-07-18 11:11:06 status half-installed openssh-server:amd64 1:9.6p1-3ubuntu13.18
2026-07-18 11:11:06 status triggers-pending ufw:all 0.36.2-6
2026-07-18 11:11:06 status unpacked openssh-server:amd64 1:9.6p1-3ubuntu13.18
2026-07-18 11:11:06 upgrade libncursesw6:amd64 6.4+20240113-1ubuntu2 6.4+20240113-1ubuntu2.1
2026-07-18 11:11:06 status triggers-pending libc-bin:amd64 2.39-0ubuntu8
2026-07-18 11:11:06 status half-configured libncursesw6:amd64 6.4+20240113-1ubuntu2
2026-07-18 11:11:06 status unpacked libncursesw6:amd64 6.4+20240113-1ubuntu2
2026-07-18 11:11:06 status half-installed libncursesw6:amd64 6.4+20240113-1ubuntu2
2026-07-18 11:11:06 status unpacked libncursesw6:amd64 6.4+20240113-1ubuntu2.1
2026-07-18 11:11:06 upgrade libncurses6:amd64 6.4+20240113-1ubuntu2 6.4+20240113-1ubuntu2.1
2026-07-18 11:11:06 status half-configured libncurses6:amd64 6.4+20240113-1ubuntu2
2026-07-18 11:11:06 status unpacked libncurses6:amd64 6.4+20240113-1ubuntu2
2026-07-18 11:11:06 status half-installed libncurses6:amd64 6.4+20240113-1ubuntu2
2026-07-18 11:11:07 status unpacked libncurses6:amd64 6.4+20240113-1ubuntu2.1
2026-07-18 11:11:07 upgrade libtinfo6:amd64 6.4+20240113-1ubuntu2 6.4+20240113-1ubuntu2.1
2026-07-18 11:11:07 status half-configured libtinfo6:amd64 6.4+20240113-1ubuntu2
2026-07-18 11:11:07 status unpacked libtinfo6:amd64 6.4+20240113-1ubuntu2
2026-07-18 11:11:07 status half-installed libtinfo6:amd64 6.4+20240113-1ubuntu2
2026-07-18 11:11:07 status unpacked libtinfo6:amd64 6.4+20240113-1ubuntu2.1
2026-07-18 11:11:07 startup packages configure
2026-07-18 11:11:07 configure libtinfo6:amd64 6.4+20240113-1ubuntu2.1 <none>
2026-07-18 11:11:07 status unpacked libtinfo6:amd64 6.4+20240113-1ubuntu2.1
2026-07-18 11:11:07 status half-configured libtinfo6:amd64 6.4+20240113-1ubuntu2.1
2026-07-18 11:11:07 status installed libtinfo6:amd64 6.4+20240113-1ubuntu2.1
2026-07-18 11:11:07 startup archives unpack
2026-07-18 11:11:07 install ncurses-term:all <none> 6.4+20240113-1ubuntu2.1
2026-07-18 11:11:07 status half-installed ncurses-term:all 6.4+20240113-1ubuntu2.1
2026-07-18 11:11:11 status unpacked ncurses-term:all 6.4+20240113-1ubuntu2.1
2026-07-18 11:11:11 install ssh-import-id:all <none> 5.11-0ubuntu2.24.04.1
2026-07-18 11:11:11 status half-installed ssh-import-id:all 5.11-0ubuntu2.24.04.1
2026-07-18 11:11:11 status unpacked ssh-import-id:all 5.11-0ubuntu2.24.04.1
2026-07-18 11:11:11 startup packages configure
2026-07-18 11:11:11 configure openssh-client:amd64 1:9.6p1-3ubuntu13.18 <none>
2026-07-18 11:11:11 status unpacked openssh-client:amd64 1:9.6p1-3ubuntu13.18
2026-07-18 11:11:12 status half-configured openssh-client:amd64 1:9.6p1-3ubuntu13.18
2026-07-18 11:11:12 status installed openssh-client:amd64 1:9.6p1-3ubuntu13.18
2026-07-18 11:11:12 configure ssh-import-id:all 5.11-0ubuntu2.24.04.1 <none>
2026-07-18 11:11:12 status unpacked ssh-import-id:all 5.11-0ubuntu2.24.04.1
2026-07-18 11:11:12 status half-configured ssh-import-id:all 5.11-0ubuntu2.24.04.1
2026-07-18 11:11:12 status installed ssh-import-id:all 5.11-0ubuntu2.24.04.1
2026-07-18 11:11:12 configure libncurses6:amd64 6.4+20240113-1ubuntu2.1 <none>
2026-07-18 11:11:12 status unpacked libncurses6:amd64 6.4+20240113-1ubuntu2.1
2026-07-18 11:11:12 status half-configured libncurses6:amd64 6.4+20240113-1ubuntu2.1
2026-07-18 11:11:12 status installed libncurses6:amd64 6.4+20240113-1ubuntu2.1
2026-07-18 11:11:12 configure libncursesw6:amd64 6.4+20240113-1ubuntu2.1 <none>
2026-07-18 11:11:12 status unpacked libncursesw6:amd64 6.4+20240113-1ubuntu2.1
2026-07-18 11:11:12 status half-configured libncursesw6:amd64 6.4+20240113-1ubuntu2.1
2026-07-18 11:11:12 status installed libncursesw6:amd64 6.4+20240113-1ubuntu2.1
2026-07-18 11:11:12 configure ncurses-term:all 6.4+20240113-1ubuntu2.1 <none>
2026-07-18 11:11:12 status unpacked ncurses-term:all 6.4+20240113-1ubuntu2.1
2026-07-18 11:11:12 status half-configured ncurses-term:all 6.4+20240113-1ubuntu2.1
2026-07-18 11:11:12 status installed ncurses-term:all 6.4+20240113-1ubuntu2.1
2026-07-18 11:11:12 configure openssh-sftp-server:amd64 1:9.6p1-3ubuntu13.18 <none>
2026-07-18 11:11:12 status unpacked openssh-sftp-server:amd64 1:9.6p1-3ubuntu13.18
2026-07-18 11:11:12 status half-configured openssh-sftp-server:amd64 1:9.6p1-3ubuntu13.18
2026-07-18 11:11:12 status installed openssh-sftp-server:amd64 1:9.6p1-3ubuntu13.18
2026-07-18 11:11:12 configure openssh-server:amd64 1:9.6p1-3ubuntu13.18 <none>
2026-07-18 11:11:12 status unpacked openssh-server:amd64 1:9.6p1-3ubuntu13.18
2026-07-18 11:11:12 status half-configured openssh-server:amd64 1:9.6p1-3ubuntu13.18
2026-07-18 11:11:15 status installed openssh-server:amd64 1:9.6p1-3ubuntu13.18
2026-07-18 11:11:15 trigproc ufw:all 0.36.2-6 <none>
2026-07-18 11:11:15 status half-configured ufw:all 0.36.2-6
2026-07-18 11:11:15 status installed ufw:all 0.36.2-6
2026-07-18 11:11:15 trigproc man-db:amd64 2.12.0-4build2 <none>
2026-07-18 11:11:15 status half-configured man-db:amd64 2.12.0-4build2
2026-07-18 11:11:18 status installed man-db:amd64 2.12.0-4build2
2026-07-18 11:11:18 trigproc libc-bin:amd64 2.39-0ubuntu8 <none>
2026-07-18 11:11:18 status half-configured libc-bin:amd64 2.39-0ubuntu8
2026-07-18 11:11:18 status installed libc-bin:amd64 2.39-0ubuntu8
2026-07-18 11:13:46 startup archives unpack
2026-07-18 11:13:46 upgrade libcurl4t64:amd64 8.5.0-2ubuntu10 8.5.0-2ubuntu10.11
2026-07-18 11:13:46 status triggers-pending libc-bin:amd64 2.39-0ubuntu8
2026-07-18 11:13:46 status half-configured libcurl4t64:amd64 8.5.0-2ubuntu10
2026-07-18 11:13:46 status unpacked libcurl4t64:amd64 8.5.0-2ubuntu10
2026-07-18 11:13:46 status half-installed libcurl4t64:amd64 8.5.0-2ubuntu10
2026-07-18 11:13:46 status unpacked libcurl4t64:amd64 8.5.0-2ubuntu10.11
2026-07-18 11:13:46 install curl:amd64 <none> 8.5.0-2ubuntu10.11
2026-07-18 11:13:46 status half-installed curl:amd64 8.5.0-2ubuntu10.11
2026-07-18 11:13:46 status triggers-pending man-db:amd64 2.12.0-4build2
2026-07-18 11:13:46 status unpacked curl:amd64 8.5.0-2ubuntu10.11
2026-07-18 11:13:47 upgrade libcurl3t64-gnutls:amd64 8.5.0-2ubuntu10 8.5.0-2ubuntu10.11
2026-07-18 11:13:47 status half-configured libcurl3t64-gnutls:amd64 8.5.0-2ubuntu10
2026-07-18 11:13:47 status unpacked libcurl3t64-gnutls:amd64 8.5.0-2ubuntu10
2026-07-18 11:13:47 status half-installed libcurl3t64-gnutls:amd64 8.5.0-2ubuntu10
2026-07-18 11:13:47 status unpacked libcurl3t64-gnutls:amd64 8.5.0-2ubuntu10.11
2026-07-18 11:13:47 startup packages configure
2026-07-18 11:13:47 configure libcurl4t64:amd64 8.5.0-2ubuntu10.11 <none>
2026-07-18 11:13:47 status unpacked libcurl4t64:amd64 8.5.0-2ubuntu10.11
2026-07-18 11:13:47 status half-configured libcurl4t64:amd64 8.5.0-2ubuntu10.11
2026-07-18 11:13:47 status installed libcurl4t64:amd64 8.5.0-2ubuntu10.11
2026-07-18 11:13:47 configure libcurl3t64-gnutls:amd64 8.5.0-2ubuntu10.11 <none>
2026-07-18 11:13:47 status unpacked libcurl3t64-gnutls:amd64 8.5.0-2ubuntu10.11
2026-07-18 11:13:47 status half-configured libcurl3t64-gnutls:amd64 8.5.0-2ubuntu10.11
2026-07-18 11:13:47 status installed libcurl3t64-gnutls:amd64 8.5.0-2ubuntu10.11
2026-07-18 11:13:47 configure curl:amd64 8.5.0-2ubuntu10.11 <none>
2026-07-18 11:13:47 status unpacked curl:amd64 8.5.0-2ubuntu10.11
2026-07-18 11:13:47 status half-configured curl:amd64 8.5.0-2ubuntu10.11
2026-07-18 11:13:47 status installed curl:amd64 8.5.0-2ubuntu10.11
2026-07-18 11:13:47 trigproc man-db:amd64 2.12.0-4build2 <none>
2026-07-18 11:13:47 status half-configured man-db:amd64 2.12.0-4build2
2026-07-18 11:13:48 status installed man-db:amd64 2.12.0-4build2
2026-07-18 11:13:48 trigproc libc-bin:amd64 2.39-0ubuntu8 <none>
2026-07-18 11:13:48 status half-configured libc-bin:amd64 2.39-0ubuntu8
2026-07-18 11:13:48 status installed libc-bin:amd64 2.39-0ubuntu8
